platform,has_profile_pic,bio_length,username_randomness,followers,following,follower_following_ratio,account_age_days,posts,posts_per_day,caption_similarity_score,content_similarity_score,follow_unfollow_rate,spam_comments_rate,generic_comment_rate,suspicious_links_in_bio,verified,is_fake,username,username_length,digits_count,digit_ratio,special_char_count,repeat_char_count
X,1,180,1,431,679,0.633823529,,,0.205944798,0.699443713,0.579353905,456,,5,1,0,0,dmitri,6,0,0,0,0
,1,214,,426,729,0.583561644,3164,202,0.063823065,,0.102865583,98,,141,,1,1,smpni6240,9,4,0.444444444,0,0
X,1,87,,426,721,0.590027701,903,225,0.248893805,0.858449712,0.310862586,136,171,62,1,0,1,qgph5q343j,10,4,0.4,0,0
X,0,72,0,385,,0.566176471,3433,175,0.050960978,0.176470627,0.076058376,186,46,117,1,1,0,mia,3,0,0,0,0
Instagram,0,162,,392,709,0.552112676,,207,0.162992126,0.265956646,0.556129933,35,184,64,,1,0,martin,6,0,0,0,0
Instagram,0,178,0,,,0.545582048,24,198,7.92,0.941076111,0.173268196,117,146,51,,1,0,hans2162,8,4,0.5,0,0
X,1,211,0,378,678,0.556701031,4653,186,0.039965621,0.444045248,,157,161,,1,,0,camila,6,0,0,0,0
Facebook,1,36,0,,,0.583333333,2749,241,,0.789050943,0.577314026,,130,124,0,0,1,bot_m9eto,9,1,0.111111111,1,0
X,1,233,1,424,,0.581618656,2451,200,0.081566069,0.492167649,0.059375642,274,38,99,1,1,0,max.8814,8,4,0.5,1,1
,1,208,0,398,683,0.581871345,1397,202,0.144492132,0.471085657,0.300875664,168,91,135,1,1,1,izbzzx9w4r,10,2,0.2,0,1
X,1,238,1,408,664,0.613533835,3358,,,0.148116288,0.616337667,54,74,95,1,0,0,tariq_2509,10,4,0.4,1,0
X,1,222,1,366,729,0.501369863,,193,0.049411162,0.851199611,0.335498318,470,187,,1,1,1,user_498068,11,6,0.545454545,1,0
Instagram,1,118,0,,,0.605263158,2489,,0.081526104,0.078355281,0.513176669,,137,13,0,1,1,jolxy2274,9,4,0.444444444,0,1
X,0,56,1,397,753,0.526525199,3667,211,,,0.909362295,5,167,23,0,1,0,suresh1009,10,4,0.4,0,1
Facebook,1,7,1,406,,0.572637518,1758,194,0.110289937,0.673468072,0.350035971,378,1,92,1,0,0,amina_1412,10,4,0.4,1,0
Instagram,0,206,0,,702,0.578947368,4978,189,0.03795943,0.507257551,0.335872862,362,44,24,0,0,0,anastasia5003,13,4,0.307692308,0,1
,0,94,,361,726,0.49656121,1879,185,0.098404255,0.881378327,0.819756841,343,154,133,0,0,0,sarah8441,9,4,0.444444444,0,1
Facebook,1,116,0,383,729,0.524657534,2533,183,0.072217837,0.039297953,0.318756523,494,52,128,1,1,0,ali,3,0,0,0,0
Facebook,1,221,1,357,728,0.489711934,3515,208,0.059158134,0.649407519,,,136,86,0,1,0,nikolai.1168,12,4,0.333333333,1,1
Facebook,,,1,403,695,0.579022989,3774,,,0.477465471,0.180944954,405,102,32,0,1,0,valentina1767,13,4,0.307692308,0,0
Instagram,0,19,0,352,705,0.498583569,2079,202,0.097115385,0.154311823,0.948800251,197,128,141,0,1,0,mateo_3352,10,4,0.4,1,1
Instagram,1,123,,392,730,0.53625171,4662,175,0.037529487,0.743251907,0.933292793,499,160,55,0,0,0,sofia,5,0,0,0,0
Facebook,1,230,1,,702,0.549075391,2058,175,,0.411306855,0.224812091,,37,27,,0,0,giulia.4710,11,4,0.363636364,1,0
Facebook,0,52,1,409,649,0.629230769,678,224,0.329896907,,0.553501873,317,56,,1,,0,yumi5279,8,4,0.5,0,0
Instagram,1,118,0,379,707,0.535310734,,,0.039409863,0.967266066,0.1373681,169,,22,0,0,0,lucas_8674,10,4,0.4,1,0
Instagram,1,11,,373,697,0.534383954,2975,219,,0.486230081,0.674677629,,175,37,0,1,1,user_224490,11,6,0.545454545,1,2
Instagram,1,176,1,346,693,0.498559078,285,210,0.734265734,0.823372866,0.185305796,248,2,42,1,1,0,anna6531,8,4,0.5,0,1
X,0,16,1,434,724,0.59862069,2201,207,0.09400545,0.769577523,0.049790423,149,31,9,1,0,0,camila.6627,11,4,0.363636364,1,1
X,0,63,1,427,681,0.626099707,4467,199,0.044538944,0.662754592,0.824896807,209,148,26,1,0,0,mia_2231,8,4,0.5,1,1
X,0,41,0,438,730,0.599179207,1841,186,0.100977199,0.896812143,0.325400383,399,67,135,0,1,0,leo_5885,8,4,0.5,1,1
Facebook,1,93,0,,678,0.621502209,1879,198,0.105319149,0.251601647,0.108522404,227,144,84,1,1,0,layla_3607,10,4,0.4,1,0
X,1,156,0,426,711,0.598314607,1611,,0.120967742,,,243,169,12,0,0,0,ahmed,5,0,0,0,0
Facebook,0,146,0,391,677,0.576696165,3963,,0.053229062,0.377787488,0.762397478,,67,57,1,0,0,alex,4,0,0,0,0
Facebook,,237,,385,739,0.52027027,4237,180,0.042472865,0.81249089,0.68375845,119,83,,1,0,1,user_960793,11,6,0.545454545,1,0
X,0,10,0,371,,,3160,224,0.070863651,0.493788685,,292,11,99,0,1,1,user_598434,11,6,0.545454545,1,0
Facebook,1,97,,387,722,0.53526971,3499,201,0.057428571,0.857709253,0.489226087,,44,,1,0,1,mglhm3216,9,4,0.444444444,0,0
X,0,177,,394,701,0.561253561,2132,194,0.090951711,0.894843538,0.128056498,407,163,4,,0,0,martin4797,10,4,0.4,0,0
X,0,70,,390,686,0.56768559,3315,201,0.060615199,0.597643876,0.06134641,124,79,21,1,0,0,leo3972,7,4,0.571428571,0,0
Instagram,1,107,1,424,716,0.591352859,1379,181,0.13115942,0.507626957,0.318441018,466,178,65,0,1,1,600yzubmr6,10,4,0.4,0,1
,1,,1,393,732,0.536152797,3078,228,0.074050016,0.783280143,0.08683083,241,134,,,0,0,haruto,6,0,0,0,0
Instagram,1,33,0,433,730,0.592339261,3015,,0.072281167,0.266986203,0.53550944,211,160,39,0,0,0,mina,4,0,0,0,0
X,0,19,1,,712,0.5371669,3893,189,0.04853621,0.015348681,0.014499018,474,47,87,0,0,0,dmitri_9397,11,4,0.363636364,1,0
X,1,49,,393,708,0.554301834,1716,179,0.104251602,0.407094583,0.443763302,16,193,121,1,0,0,priya.3283,10,4,0.4,1,0
Instagram,1,101,1,422,,0.610709117,453,186,0.40969163,0.507774133,0.17846029,15,32,4,1,1,1,pusyrcnpxc,10,0,0,0,0
Instagram,,215,1,418,703,0.59375,,200,0.583090379,0.297262719,0.368268044,384,83,143,1,0,0,leo_4245,8,4,0.5,1,0
X,1,137,0,429,686,0.624454148,393,180,0.456852792,0.383361882,0.675034075,340,100,116,1,1,1,srw5pvv8e5,10,3,0.3,0,1
Facebook,0,159,,395,689,0.572463768,1270,199,,,0.350963771,,154,14,1,0,0,pablo.2068,10,4,0.4,1,0
Instagram,0,,1,392,723,0.541436464,3051,215,0.070445609,,0.341339887,474,46,74,1,0,0,leo3140,7,4,0.571428571,0,0
Facebook,1,14,1,,708,0.576868829,4060,214,0.05269638,0.240095348,0.990750733,256,84,79,0,0,0,martin,6,0,0,0,0
,1,228,1,402,691,0.580924855,971,202,0.20781893,0.300986854,0.718814723,285,,17,1,0,0,michael_9267,12,4,0.333333333,1,0
Facebook,1,83,0,384,679,0.564705882,2206,196,0.088808337,0.299054111,,467,42,101,1,0,1,qne8say38b,10,3,0.3,0,0
,1,130,1,377,,0.566917293,4795,207,,0.558968371,0.579375651,,79,131,0,0,1,bot_fh2ti,9,1,0.111111111,1,0
Facebook,1,36,1,385,707,0.543785311,166,206,1.233532934,0.25059694,0.620182632,45,146,52,1,1,1,vrkxc6047,9,4,0.444444444,0,0
Instagram,1,125,0,398,677,0.587020649,255,222,0.8671875,0.940961263,0.024575399,257,195,57,,1,1,acc_y2j3keze,12,2,0.166666667,1,1
Facebook,0,248,1,,722,0.508990318,302,176,0.580858086,0.51127483,0.080264591,142,137,111,0,1,0,yusuf7523,9,4,0.444444444,0,0
X,0,,1,396,725,0.545454545,3104,211,0.067954911,0.128966006,0.649189351,284,21,84,,1,1,user_284324,11,6,0.545454545,1,0
X,1,71,1,412,721,0.570637119,3841,200,0.052056221,,0.364468859,354,193,,1,1,0,ashley.4268,11,4,0.363636364,1,0
Instagram,0,39,1,407,704,0.577304965,2557,190,0.074276779,0.729757496,0.05544404,317,,57,0,0,0,priya.1316,10,4,0.4,1,0
X,1,235,,,,0.576757532,1506,221,,0.013659038,0.297513246,12,107,115,1,0,0,dmitri_6896,11,4,0.363636364,1,0
X,0,55,1,384,,0.52173913,1257,208,,0.937817986,0.13028342,466,,58,0,0,0,kiran,5,0,0,0,0
Facebook,,,0,424,691,,2263,177,0.078180212,0.445176922,0.916313842,320,17,29,0,0,0,carlos,6,0,0,0,0
Instagram,0,103,1,386,758,0.5085639,4341,,0.044219254,0.521079023,0.202925393,44,,67,0,1,0,leo2430,7,4,0.571428571,0,0
Facebook,1,138,1,413,,0.60380117,210,189,,0.988412236,0.143691197,46,18,74,1,1,1,dgocm5622,9,4,0.444444444,0,1
Facebook,0,109,1,436,682,,3794,,0.049802372,0.503403086,0.626168817,15,,67,,0,0,kiran.8539,10,4,0.4,1,0
Facebook,1,,0,392,749,0.522666667,4522,182,0.04023878,0.947743994,0.52191193,381,,130,0,0,0,kojo.2246,9,4,0.444444444,1,1
Facebook,,135,1,383,697,0.548710602,3048,203,0.066579206,0.915231116,0.575932454,106,26,56,1,1,0,yuki.9276,9,4,0.444444444,1,0
Facebook,0,92,1,378,,0.543884892,981,194,0.197556008,0.941315529,0.435948148,2,,40,0,1,0,jessica.4446,12,4,0.333333333,1,2
Facebook,0,93,0,373,666,0.55922039,2120,221,0.104196134,0.812373057,0.467169311,103,158,3,0,0,1,user_520976,11,6,0.545454545,1,0
Facebook,0,55,0,403,752,0.535192563,3746,193,0.051507873,0.296398085,0.778797556,453,171,38,1,1,0,giulia_1309,11,4,0.363636364,1,0
Instagram,0,59,,390,662,0.588235294,178,183,1.022346369,0.346382484,,94,137,108,0,0,1,acc_mz1zscae,12,1,0.083333333,1,1
,1,137,0,400,724,0.551724138,1547,194,0.125322997,0.364984068,0.396529303,132,148,105,0,0,1,acc_bqbre9qg,12,1,0.083333333,1,1
Facebook,,38,1,415,695,0.596264368,2035,189,0.092829077,0.97918084,0.957825385,409,174,,1,1,0,pablo,5,0,0,0,0
Facebook,0,27,1,353,706,0.499292786,,182,0.606666667,0.360755504,0.189985701,347,,10,0,1,0,oliver.4394,11,4,0.363636364,1,0
Facebook,,48,,398,685,0.580174927,2568,205,0.079797587,,0.293773595,,122,10,0,0,1,acc_bjyxow1w,12,1,0.083333333,1,1
Facebook,0,163,1,385,705,0.545325779,3567,202,0.05661435,0.778328895,0.191566924,200,,53,,1,1,acc_i0cf4fk2,12,3,0.25,1,1
Facebook,0,124,,,684,0.576642336,,206,0.050977481,0.366063292,0.020495496,253,163,19,0,1,1,bot_pmn9g,9,1,0.111111111,1,0
Facebook,1,12,,374,709,,275,,0.789855072,0.620935912,0.269829925,182,,127,0,0,1,zzfkv8974,9,4,0.444444444,0,1
X,0,223,1,403,746,0.539491299,2996,,0.069402736,,0.046467446,,73,75,1,0,0,omar2562,8,4,0.5,0,0
X,1,35,1,422,746,,53,195,3.611111111,0.575505577,0.154685126,36,,118,0,0,0,riya.480,8,3,0.375,1,0
Facebook,0,100,1,403,688,0.58490566,1424,202,0.141754386,0.637700178,0.36268207,468,146,13,1,1,0,kojo_6211,9,4,0.444444444,1,1
X,1,25,0,433,682,0.633967789,1628,213,0.130755064,0.642862564,0.020721217,489,191,122,1,,1,xrzwg2209,9,4,0.444444444,0,1
,0,85,1,,,0.593373494,489,207,0.42244898,0.612399186,,412,109,,1,0,0,jose,4,0,0,0,0
Facebook,0,3,1,398,730,0.544459644,2355,202,0.08573854,0.159769377,0.795589014,409,137,105,1,0,0,omar,4,0,0,0,0
Instagram,1,222,1,,719,0.545833333,417,207,0.495215311,0.456415415,0.411413802,325,48,105,0,1,0,sofia.3980,10,4,0.4,1,0
Instagram,0,81,0,422,756,0.557463672,2557,214,0.083659109,0.00766402,0.984665979,138,181,102,1,1,0,tao_4541,8,4,0.5,1,0
Facebook,0,191,0,398,694,0.572661871,921,,0.220173536,0.626264804,0.678993915,99,60,9,0,0,0,jessica.9053,12,4,0.333333333,1,1
X,0,165,1,382,745,0.512064343,,195,0.125401929,,0.743721748,403,186,,0,1,1,acc_d5tlfk6m,12,2,0.166666667,1,1
Instagram,1,126,1,405,716,0.564853556,2686,198,0.073688128,0.318137219,0.192300424,235,129,132,1,1,0,fatima_503,10,3,0.3,1,0
Facebook,,,1,425,677,0.626843658,666,226,0.338830585,0.523895503,0.837437623,83,74,21,,0,1,spwac3109,9,4,0.444444444,0,0
Instagram,0,126,0,391,708,0.551480959,4102,207,0.05045089,0.493057782,0.945046398,346,,,1,1,0,haruto,6,0,0,0,0
Instagram,1,,1,420,709,,2470,178,0.072035613,0.250915216,,453,146,28,0,1,0,hans3664,8,4,0.5,0,1
Instagram,1,214,1,419,738,0.566982409,1475,209,,0.293287548,0.686464294,32,195,134,0,0,1,user_789363,11,6,0.545454545,1,0
Instagram,1,21,1,380,,0.547550432,338,217,0.640117994,0.762540997,0.746941049,,141,145,0,1,1,uxdew9558,9,4,0.444444444,0,1
X,0,129,0,,707,0.519774011,3160,177,0.055994938,0.755732319,0.305169172,29,21,34,1,,0,yuki,4,0,0,0,0
Instagram,0,30,,,748,0.481975968,269,188,0.696296296,0.46978215,0.475009003,433,16,70,0,1,1,acc_v20we8sp,12,3,0.25,1,1
Instagram,0,118,1,,701,0.578347578,1088,212,,0.717508952,0.097539094,33,106,93,1,1,0,ananya3565,10,4,0.4,0,0
Instagram,1,10,0,394,651,0.604294479,1294,215,,0.45080128,0.173094804,132,62,3,1,1,0,nikolai_606,11,3,0.272727273,1,0
,0,219,0,383,743,,,204,0.310030395,0.851374035,0.061570524,207,121,,0,0,0,valentina,9,0,0,0,0
Instagram,,45,1,376,698,0.537911302,2829,193,0.06819788,0.332806682,0.560165491,139,25,93,1,0,0,layla_4279,10,4,0.4,1,0
,1,95,0,438,708,0.617771509,3974,198,0.049811321,,0.625262897,75,163,29,0,,0,tao.2668,8,4,0.5,1,1
X,,189,1,402,,0.586861314,,227,0.045775358,0.542283651,0.916119583,74,116,93,0,0,0,leo,3,0,0,0,0
X,1,196,0,389,671,0.578869048,1337,184,0.137518685,0.535687861,0.542184811,307,44,109,0,0,0,kwame,5,0,0,0,0
X,1,191,0,377,674,0.558518519,2357,230,0.097540288,0.670810384,0.260611371,306,29,73,0,0,0,maria_8032,10,4,0.4,1,0
Instagram,1,,,,683,0.557017544,1668,185,0.110844817,0.340856011,0.059473547,404,115,141,1,,0,ananya_5383,11,4,0.363636364,1,0
X,0,9,,388,677,,1826,203,0.111111111,0.724329571,0.884953053,454,148,86,0,1,1,user_192537,11,6,0.545454545,1,0
X,1,167,1,442,658,0.670713202,4031,207,0.051339286,0.320425103,0.478858079,57,147,139,1,1,0,oliver,6,0,0,0,0
Instagram,0,127,0,384,701,0.547008547,1213,191,0.157331137,0.39753883,,97,169,75,0,1,0,olga.6645,9,4,0.444444444,1,1
X,0,237,,434,712,0.608695652,2769,192,,0.674703437,0.014649349,,89,25,0,0,1,bot_kyzkj,9,0,0,1,0
Instagram,1,151,1,397,709,0.55915493,4416,216,0.04890197,0.378449101,0.488138923,447,118,133,1,1,0,ali.4349,8,4,0.5,1,0
Facebook,1,98,1,403,668,0.602391629,,,0.062418301,0.199974123,0.325722623,348,183,100,,0,0,alex632,7,3,0.428571429,0,0
,1,,1,380,691,0.549132948,445,184,0.412556054,0.871901459,0.030331273,133,139,114,0,1,0,kwame,5,0,0,0,0
,0,111,1,398,702,0.566145092,1398,219,0.156540386,,0.775672807,483,7,142,0,1,0,alex,4,0,0,0,0
Instagram,1,59,,393,,0.569565217,4382,,0.041067762,0.62673105,,225,92,105,1,0,1,bot_o79mk,9,2,0.222222222,1,0
X,,189,1,383,681,0.561583578,2219,206,0.092792793,0.811150771,0.333180243,432,,102,0,1,1,djrnmbhv56,10,2,0.2,0,0
Instagram,1,86,1,403,699,0.575714286,3677,197,0.053561718,0.986652355,0.805798484,,190,146,0,0,0,layla_2859,10,4,0.4,1,0
Facebook,1,144,,390,691,0.563583815,2311,,,0.614774752,0.446923452,36,55,103,0,1,1,user_498606,11,6,0.545454545,1,0
Instagram,1,64,1,399,675,0.590236686,,194,0.047996042,0.908792643,,137,,76,1,0,1,3lqmnclmni,10,1,0.1,0,0
X,0,246,1,,695,0.533045977,3607,200,0.055432373,0.35925475,0.944447632,207,,94,1,0,0,chen_3395,9,4,0.444444444,1,1
X,0,222,1,399,706,0.564356436,1828,,0.11481684,0.700472436,,193,120,106,1,,1,bot_dd5w5,9,2,0.222222222,1,1
Facebook,0,222,1,423,675,0.625739645,3220,228,0.07078547,0.055805466,0.830575522,,60,111,1,1,0,arjun.5784,10,4,0.4,1,0
Instagram,1,233,1,397,731,0.542349727,4689,217,,0.788971556,0.816415384,338,137,51,0,1,1,acc_bmw0hv3n,12,2,0.166666667,1,1
X,1,,0,400,,0.545702592,4512,215,0.047640151,0.829803145,0.162373931,326,49,17,1,0,1,csumr6515,9,4,0.444444444,0,0
Facebook,,182,0,,730,0.518467852,2073,196,,,0.474002681,321,147,56,1,0,0,yusuf,5,0,0,0,0
X,0,105,0,376,687,0.546511628,,199,0.047482701,0.638955016,,300,27,32,1,0,0,dmitri.5623,11,4,0.363636364,1,0
X,1,180,1,409,724,,2331,,0.101629503,0.858361102,,86,141,103,1,1,0,layla,5,0,0,0,0
Instagram,1,183,0,415,789,0.525316456,686,178,0.259097525,0.883608165,0.730978843,94,,131,0,0,0,valentina.8351,14,4,0.285714286,1,0
X,1,225,1,406,650,0.623655914,4959,170,,0.106531524,0.23706947,195,,18,0,1,1,5avf28x26e,10,5,0.5,0,0
Instagram,0,8,1,401,,0.577809798,685,187,0.272594752,0.827487747,0.117127931,191,134,6,1,1,1,cfdnz6318,9,4,0.444444444,0,0
X,1,21,1,408,708,0.575458392,2938,197,0.067029602,0.274243352,0.507123551,143,4,25,1,1,0,daniel_6972,11,4,0.363636364,1,0
Facebook,,140,0,408,695,0.586206897,3712,210,,0.727306896,0.536986384,9,0,86,1,0,0,camila3128,10,4,0.4,0,0
X,1,88,0,,648,0.636363636,341,193,,0.325164153,0.675828931,240,110,97,1,1,0,martin_8186,11,4,0.363636364,1,0
Instagram,,175,0,401,694,0.576978417,4700,212,0.045096788,0.056329671,0.759137747,,72,135,0,0,0,hans935,7,3,0.428571429,0,0
Instagram,,17,1,397,711,0.55758427,,199,0.270748299,0.20987071,0.695809531,475,105,140,,0,0,leo_6306,8,4,0.5,1,0
Facebook,0,114,0,405,675,0.599112426,1497,217,0.144859813,0.408671776,0.845412208,493,9,31,,1,0,arjun.5001,10,4,0.4,1,1
X,1,203,1,392,672,,3894,199,0.051091142,,0.222906464,139,185,33,1,1,1,user_251803,11,6,0.545454545,1,0
X,1,167,,381,708,0.537376587,2955,187,0.063261164,0.100703627,0.569766746,12,64,145,1,0,0,mia,3,0,0,0,0
Facebook,0,144,0,417,685,0.60787172,1132,186,0.164165931,0.812934125,0.360095357,,187,54,1,,0,layla.7545,10,4,0.4,1,0
X,0,142,1,406,683,0.593567251,4636,207,0.044640932,0.996951092,,499,147,42,1,1,1,user_474050,11,6,0.545454545,1,0
X,1,105,,398,666,,,227,0.130911188,0.788257643,0.440279523,,57,148,1,1,0,giulia,6,0,0,0,0
,1,14,0,397,727,0.54532967,3036,200,0.065854462,0.47373652,0.959713933,80,170,,,1,1,acc_81g1w4yo,12,4,0.333333333,1,1
X,0,206,0,430,,0.571049137,2714,222,0.081767956,0.568160211,0.769065654,209,156,141,0,0,1,09eub04llz,10,4,0.4,0,1
X,1,62,0,378,679,0.555882353,,194,0.078194277,0.006160508,0.718463862,,,18,0,1,0,dmitri.9624,11,4,0.363636364,1,0
Facebook,1,246,1,368,694,0.529496403,1420,223,0.156931738,0.209273838,0.491563712,393,153,56,0,1,0,kojo.736,8,3,0.375,1,0
,1,166,1,393,694,0.565467626,1990,181,0.090909091,0.898988131,0.443378134,377,58,79,1,1,0,priya6474,9,4,0.444444444,0,0
Instagram,1,12,0,397,651,0.608895706,4711,223,0.047325976,0.021729403,0.526548188,,104,1,0,1,0,diego8808,9,4,0.444444444,0,1
X,0,80,0,441,711,0.619382022,488,197,0.402862986,0.904794953,0.293633063,396,0,48,1,1,0,ivan.365,8,3,0.375,1,0
X,1,31,1,423,774,0.545806452,,204,0.053389165,0.113252608,0.90450994,417,30,89,1,,0,jose7749,8,4,0.5,0,1
X,1,136,0,,707,,1442,223,0.154539155,,0.794330655,58,37,21,1,,0,pablo_6515,10,4,0.4,1,0
Instagram,0,39,,404,724,0.557241379,2391,205,0.085702341,0.175349911,,127,,90,0,1,0,daniel.8067,11,4,0.363636364,1,0
Instagram,0,147,1,387,742,0.520861373,1385,223,0.160894661,0.799385325,0.433153595,304,193,28,0,1,0,suresh.8186,11,4,0.363636364,1,0
Facebook,1,217,,,705,0.565155807,2157,235,0.108897127,0.478186575,0.071088948,261,,,1,0,1,user_553087,11,6,0.545454545,1,1
Instagram,,218,1,416,636,,4945,201,0.0406389,,0.683077318,267,0,122,0,0,0,kwame_7262,10,4,0.4,1,0
X,,,1,408,693,0.587896254,4397,196,0.044565712,0.68680182,0.374413584,28,,84,0,1,0,sofia_5345,10,4,0.4,1,0
X,1,81,1,443,693,0.63832853,1392,203,0.145728643,0.940688366,0.870430312,332,177,122,0,1,0,kiran,5,0,0,0,0
Instagram,0,76,0,383,660,0.579425113,4801,200,0.041649313,0.572451474,0.780338438,379,163,,0,0,1,xaj9uxkjkc,10,1,0.1,0,0
X,0,207,1,443,667,,3143,205,0.065203562,0.098700006,0.145328142,281,172,13,,0,0,layla,5,0,0,0,0
X,,,1,415,703,0.589488636,269,217,0.803703704,,0.601715731,,,69,,1,1,acc_7pyfrib0,12,2,0.166666667,1,1
Instagram,1,190,0,398,708,0.56135402,3918,186,0.047461087,0.79587236,0.692213926,206,,138,0,0,1,user_181124,11,6,0.545454545,1,1
Instagram,1,75,,403,714,0.563636364,1525,,0.138925295,0.626083652,0.56813758,271,8,101,0,0,0,john.9227,9,4,0.444444444,1,1
X,,171,0,395,689,,478,212,0.442588727,0.922657339,0.514042176,308,109,68,0,0,1,gorxz2980,9,4,0.444444444,0,0
X,1,37,,418,717,0.582172702,4272,192,0.044933302,0.547250151,0.227863075,402,83,78,1,0,0,ashley8593,10,4,0.4,0,0
X,0,210,0,380,,0.502645503,239,187,0.779166667,0.062395403,0.235906844,174,,,,,0,maria8350,9,4,0.444444444,0,0
Facebook,0,187,0,403,723,0.556629834,610,183,0.299509002,0.40368685,0.768008139,217,62,61,1,0,0,jose.644,8,3,0.375,1,1
Facebook,1,70,,389,700,0.554921541,4588,198,0.043146655,0.657990689,,,131,79,0,0,0,yuki.6649,9,4,0.444444444,1,1
Facebook,0,248,1,398,728,0.545953361,4425,,0.051061907,0.384885351,0.778910063,325,132,145,0,0,0,fatima,6,0,0,0,0
Instagram,1,226,1,,687,0.556686047,3398,200,0.058840836,,0.526798737,243,137,116,1,,1,svuxnrtr7s,10,1,0.1,0,0
Facebook,1,47,1,380,696,0.545193687,,214,0.047115808,0.405378614,0.936222652,252,107,125,1,0,0,hans2537,8,4,0.5,0,0
Instagram,,17,0,391,688,0.567489115,4538,192,0.042300066,0.546236126,0.997321548,,,23,1,1,0,satish_5791,11,4,0.363636364,1,0
,1,,0,413,733,0.5626703,4891,188,0.03843009,0.225392033,0.663484565,188,39,98,,0,0,haruto_3957,11,4,0.363636364,1,0
Facebook,1,182,0,432,703,0.613636364,1832,190,0.10365521,0.152138204,0.412257194,260,35,,0,1,0,ananya3514,10,4,0.4,0,0
Facebook,0,38,1,378,699,0.54,4987,188,0.037690457,0.645305539,0.475085909,442,34,13,1,1,1,user_252154,11,6,0.545454545,1,0
Facebook,1,195,0,386,656,0.587519026,1155,217,0.187716263,0.588612747,0.204215428,385,58,93,1,1,0,sofia_8221,10,4,0.4,1,1
X,1,186,1,409,693,,1752,197,0.112378779,0.004338857,0.099234324,499,192,23,1,1,0,luna_9297,9,4,0.444444444,1,0
Facebook,,88,1,369,731,0.504098361,3599,186,,0.284781535,0.578763393,,115,12,0,,0,ali,3,0,0,0,0
X,1,223,0,414,692,0.597402597,2486,191,0.076799357,0.643579573,0.805495098,484,30,146,,1,0,valentina.5520,14,4,0.285714286,1,1
Instagram,0,61,,365,729,,3339,195,0.058383234,0.812249346,0.261766518,2,173,28,0,0,0,marco,5,0,0,0,0
X,1,,0,385,690,0.557163531,2334,205,0.087794433,0.312368653,0.41965281,453,48,21,0,1,1,bot_om81a,9,2,0.222222222,1,0
Facebook,0,140,,380,741,0.51212938,4387,227,0.051731996,0.647436369,0.554773662,350,133,1,1,0,0,suresh,6,0,0,0,0
Instagram,0,108,0,390,692,0.562770563,4464,187,0.041881299,0.26525793,0.90789782,42,197,102,0,1,1,bot_d2y18,9,3,0.333333333,1,0
Instagram,0,80,1,379,695,0.54454023,4582,205,0.044730526,0.690379895,0.138631228,132,105,35,,0,0,fatima,6,0,0,0,0
Instagram,1,240,0,418,700,0.596291013,168,196,1.159763314,0.697947999,0.236883169,177,18,37,0,,0,alex281,7,3,0.428571429,0,0
X,0,228,0,367,708,0.517630465,3543,208,0.058690745,0.130223466,,493,95,,0,1,0,giulia.1054,11,4,0.363636364,1,0
Facebook,0,133,1,416,692,0.6002886,4010,,0.047868362,0.665089784,0.039535593,265,169,50,,0,1,acc_3dntm367,12,4,0.333333333,1,1
Instagram,0,,1,404,749,,78,197,2.493670886,0.333567182,,410,29,142,,0,1,acc_kzqz7eey,12,1,0.083333333,1,2
Instagram,0,76,0,417,,0.572802198,,231,0.079655172,,0.639525883,23,25,127,0,1,0,emily.7712,10,4,0.4,1,1
Instagram,0,248,1,394,731,0.538251366,1109,192,0.172972973,0.500361233,0.383254434,21,130,16,,,1,fuibw9031,9,4,0.444444444,0,0
X,1,187,1,418,,0.626686657,892,200,0.223964166,0.452296684,0.468164679,344,160,111,1,1,1,acc_goultfwy,12,0,0,1,1
X,1,89,,391,734,,4757,214,0.044976881,0.773874811,0.854917951,2,,76,0,1,0,zuri.7725,9,4,0.444444444,1,1
Facebook,1,13,0,385,687,,1225,207,0.168841762,0.084515509,0.164982063,399,158,21,0,,0,priya.9309,10,4,0.4,1,0
X,1,94,,412,641,0.641744548,4685,203,0.043320529,0.789753269,0.231567478,157,110,,,1,0,riya8314,8,4,0.5,0,0
Instagram,1,53,1,415,,0.614814815,565,182,0.32155477,0.106082362,0.512350411,367,195,127,1,1,0,ali_4734,8,4,0.5,1,0
Facebook,1,131,1,385,648,0.593220339,2860,,0.07689619,0.207459028,0.409745423,426,95,89,0,0,1,hudbp5177,9,4,0.444444444,0,1
Instagram,1,38,0,407,709,,302,211,0.696369637,0.515882118,0.574372498,3,81,131,1,0,1,user_161869,11,6,0.545454545,1,0
Instagram,0,71,1,427,690,0.617945007,4390,198,0.045092234,0.4631746,0.920839186,106,,6,0,0,0,michael.4187,12,4,0.333333333,1,0
X,1,24,0,,717,0.601671309,109,215,1.954545455,0.988858975,0.917102018,295,21,137,1,1,0,hans.3266,9,4,0.444444444,1,1
Facebook,0,76,1,429,667,0.642215569,2413,202,0.083678542,0.589473713,0.23001834,271,190,14,1,1,0,yuki,4,0,0,0,0
X,0,159,1,419,680,0.615271659,,201,0.07587769,0.327435595,0.302144613,231,53,39,0,0,1,bot_o3mlu,9,1,0.111111111,1,0
,1,,1,,719,0.547222222,2726,233,0.085441878,0.900148869,0.162068681,360,178,101,0,0,1,user_714953,11,6,0.545454545,1,0
,,229,0,387,676,0.571639586,3339,191,0.057185629,,0.927790371,237,80,143,1,,1,lcsn3kwyb1,10,2,0.2,0,0
Instagram,0,190,0,420,736,0.569877883,2141,216,0.100840336,0.273775635,0.39786413,71,131,,0,0,1,user_478560,11,6,0.545454545,1,0
Instagram,0,165,0,389,709,0.547887324,4524,207,0.045745856,0.494371795,0.449705145,87,36,119,0,0,0,anna4383,8,4,0.5,0,1
Facebook,0,119,,405,654,,,186,,0.913174784,0.802640781,,198,17,1,0,0,suresh_8620,11,4,0.363636364,1,0
Instagram,1,,1,385,707,0.543785311,3814,171,0.044823067,0.708514255,0.512973473,373,62,1,1,0,0,maria.5066,10,4,0.4,1,1
Facebook,1,52,1,409,731,0.558743169,4201,202,0.048072347,0.677483215,0.119755482,90,50,119,0,0,1,acc_qu59z98f,12,4,0.333333333,1,1
Facebook,1,221,0,379,690,0.548480463,,211,0.093445527,0.726077265,,449,135,145,0,0,0,tariq251,8,3,0.375,0,0
X,1,194,,406,693,0.585014409,3646,,0.05812997,0.659640611,0.630524043,438,0,53,0,0,0,sofia2739,9,4,0.444444444,0,0
Facebook,1,155,1,399,682,0.584187408,3060,186,0.060764456,0.75979636,0.719209088,19,,96,0,1,0,mia,3,0,0,0,0
X,1,130,0,394,698,0.563662375,2522,227,0.089972255,0.192762022,0.645351853,434,80,72,0,1,1,acc_6y8uhu06,12,4,0.333333333,1,1
Instagram,1,236,1,394,682,0.576866764,3418,216,0.063176367,0.177258287,0.119180719,,104,142,,1,0,sofia.6763,10,4,0.4,1,0
Instagram,1,245,1,398,,,12,197,15.15384615,0.362163344,0.304344525,83,182,91,0,0,0,ali624,6,3,0.5,0,0
,1,225,0,374,729,0.512328767,4745,184,0.03876949,0.850959779,0.733564645,,111,7,1,0,0,omar_3314,9,4,0.444444444,1,1
Instagram,1,207,1,387,687,0.5625,3267,231,,0.714454215,0.880190194,,136,99,,1,1,user_647012,11,6,0.545454545,1,0
X,0,,1,,,0.553072626,3146,189,0.060057197,0.566473343,0.047186415,125,178,38,0,1,1,bot_7r7bk,9,2,0.222222222,1,0
Instagram,1,,1,412,,,875,226,0.257990868,0.019447437,0.042229108,50,143,135,0,1,0,rahul_7872,10,4,0.4,1,0
Facebook,0,165,0,402,736,0.545454545,2434,207,0.085010267,0.235802284,0.643404529,17,180,105,1,0,1,xpkgr1442,9,4,0.444444444,0,1
Facebook,0,,0,375,693,0.540345821,884,194,0.21920904,0.803513943,0.548046154,460,58,,0,0,0,mina1353,8,4,0.5,0,0
Facebook,0,246,1,387,723,0.534530387,,163,0.035038693,0.242486693,0.155339051,336,44,82,1,1,0,layla.604,9,3,0.333333333,1,0
X,0,71,1,363,702,0.516358464,3986,215,0.053925257,0.730290197,,442,164,26,1,0,1,user_983601,11,6,0.545454545,1,0
Instagram,,61,1,401,704,0.568794326,1580,194,0.122707147,0.184634265,0.974487344,352,90,76,0,1,0,arjun,5,0,0,0,0
Instagram,0,184,0,389,,0.558908046,3772,201,0.053273257,0.606367558,0.63090022,116,,37,0,1,1,acc_qnfg4t0b,12,2,0.166666667,1,1
Instagram,1,5,0,388,659,0.587878788,353,189,0.533898305,0.628211367,0.449141156,123,191,20,0,1,1,q8ddg5599o,10,5,0.5,0,3
X,1,205,0,413,662,0.622926094,1507,189,0.125331565,0.751966226,0.827532488,27,35,,0,,0,martin8758,10,4,0.4,0,0
,0,31,1,419,726,0.576341128,3488,,0.054456864,0.438342401,0.212822486,452,75,29,1,1,0,amina.2988,10,4,0.4,1,1
Facebook,1,98,1,407,730,0.556771546,,200,0.070101647,0.632674699,0.414326431,411,49,94,1,0,0,fatima9500,10,4,0.4,0,1
Instagram,0,137,1,418,766,0.544980443,2030,189,,0.486969789,0.527767892,344,98,,0,1,0,binta,5,0,0,0,0
Facebook,0,130,1,408,720,0.565880721,1847,194,0.104978355,0.947338045,0.504539892,467,,51,1,1,0,yusuf_1738,10,4,0.4,1,0
Facebook,1,186,1,394,761,0.517060367,2391,202,0.084448161,,0.920972469,468,180,105,0,0,1,t2af8woxgm,10,2,0.2,0,0
X,1,75,0,401,698,0.573676681,4031,204,0.050595238,0.209597883,0.292668107,140,184,40,,0,0,tariq.9010,10,4,0.4,1,0
X,0,176,1,410,687,0.595930233,3439,195,0.056686047,0.667892549,0.056503721,5,146,80,0,1,1,gvxrj1032,9,4,0.444444444,0,0
X,1,58,1,399,696,0.572453372,2384,207,0.086792453,0.548467328,0.916377205,156,153,23,0,0,0,dmitri,6,0,0,0,0
X,1,30,,409,681,0.599706745,3368,203,0.060255269,0.803829497,0.217067657,105,117,147,1,1,1,bot_wn13f,9,2,0.222222222,1,0
Instagram,1,92,0,,734,0.523809524,4981,198,0.039743075,0.176911598,0.379027974,118,99,102,1,1,0,yumi.2275,9,4,0.444444444,1,1
,0,68,1,410,685,0.597667638,1466,190,0.129516019,0.260939603,0.530891625,,67,1,1,0,0,ananya.3729,11,4,0.363636364,1,0
Facebook,0,189,0,381,693,0.548991354,2152,,0.093358105,0.921629107,0.975880471,28,111,,0,1,0,mia.8181,8,4,0.5,1,0
Instagram,1,51,0,416,,0.562162162,,213,,0.930026113,0.535268442,165,170,50,1,1,0,michael,7,0,0,0,0
Facebook,1,88,0,387,684,0.564963504,574,206,0.35826087,,0.447743307,,126,128,0,1,1,dlycp7844,9,4,0.444444444,0,1
Facebook,1,126,0,403,700,0.57489301,775,227,0.292525773,0.047751182,0.58363848,,,90,0,1,0,layla,5,0,0,0,0
Facebook,1,,0,406,,0.574257426,3366,210,0.062370062,0.306555069,0.97080816,285,121,100,,,0,dmitri,6,0,0,0,0
X,1,30,1,,730,0.621067031,4339,187,0.043087558,0.247122654,0.817944599,369,185,113,0,1,0,sofia,5,0,0,0,0
X,0,212,1,385,691,0.556358382,,219,0.055696846,0.414676852,0.168968136,95,126,5,1,1,0,max,3,0,0,0,0
Instagram,1,249,0,407,698,0.582260372,2681,,0.084265474,,0.803260015,376,102,53,0,,1,bot_bekmo,9,0,0,1,0
,0,83,,401,689,0.58115942,4961,200,0.040306328,0.828992344,0.84109906,442,58,26,0,0,1,bot_t9jqm,9,1,0.111111111,1,0
X,1,,0,435,750,0.579227696,2221,214,0.096309631,0.003036019,,214,45,79,0,,1,ldk16ol6re,10,3,0.3,0,0
Facebook,0,126,1,424,711,,1440,221,0.153365718,0.644631854,0.657233459,230,195,62,1,1,0,dmitri7578,10,4,0.4,0,0
Instagram,1,149,1,424,668,0.633781764,,230,0.321678322,0.664270225,0.440877001,57,39,98,1,0,0,anna,4,0,0,0,1
X,0,131,0,405,709,,576,207,,,0.641695387,393,140,90,1,1,1,acc_nm5t2yzv,12,2,0.166666667,1,1
X,1,12,1,398,690,0.575976845,2982,182,0.061012404,,0.737574972,,120,34,0,0,0,tariq,5,0,0,0,0
X,0,44,1,419,,0.566216216,70,183,2.577464789,0.611104073,0.122820248,404,104,57,1,0,1,user_018811,11,6,0.545454545,1,2
Facebook,0,126,0,436,,,3765,194,0.051513542,,0.25732996,183,8,35,1,0,1,acc_mjotke1f,12,1,0.083333333,1,1
X,0,169,,378,715,,4939,205,0.041497976,0.784196779,0.194081879,281,65,101,0,1,1,ajwlw1070,9,4,0.444444444,0,0
X,0,113,,384,700,0.547788873,2377,200,0.084104289,0.034625377,0.841211837,270,52,91,0,1,0,mateo.9945,10,4,0.4,1,1
X,0,176,1,403,677,0.59439528,2206,203,0.091980063,0.030436536,0.680002592,208,80,55,1,0,0,satish_6210,11,4,0.363636364,1,0
X,0,19,1,347,709,,918,202,0.219804135,0.838944813,0.45077854,162,3,66,1,0,1,19yu147n6x,10,6,0.6,0,0
Instagram,1,243,0,422,717,0.587743733,2746,193,0.070258464,0.574729688,0.82605575,88,,56,0,1,0,suresh6303,10,4,0.4,0,0
Instagram,0,204,0,392,751,0.521276596,743,197,0.264784946,0.957427335,,270,141,30,1,,0,oliver7955,10,4,0.4,0,1
X,1,80,0,407,714,0.569230769,4151,206,0.049614644,0.431591597,0.913593082,96,104,130,0,0,0,omar,4,0,0,0,0
Facebook,1,181,1,411,,,2534,206,,0.176741821,0.076806996,74,135,51,0,0,1,uctihfzaam,10,0,0,0,1
Instagram,1,163,1,396,703,,1838,192,0.104404568,0.473234912,0.509157382,87,96,104,,0,1,user_133515,11,6,0.545454545,1,1
X,1,224,0,,742,0.506056528,,208,0.150943396,0.436544308,0.706747904,5,189,110,0,,0,marco.6725,10,4,0.4,1,0
Instagram,1,128,1,368,698,0.526466381,410,194,0.472019465,0.517177381,0.207493187,155,172,91,1,1,0,yuki4739,8,4,0.5,0,0
Instagram,0,142,0,384,696,0.550932568,3008,216,0.071784646,0.807947234,0.327126232,62,91,36,0,0,0,oliver3334,10,4,0.4,0,1
Facebook,0,204,1,365,667,0.546407186,2953,188,0.063642519,0.655583988,0.418976251,28,194,116,0,1,1,user_442713,11,6,0.545454545,1,1
X,0,16,0,402,698,0.575107296,,190,0.044769086,0.185275327,0.794325618,303,189,66,1,1,0,sofia_2012,10,4,0.4,1,0
X,1,151,1,365,698,0.522174535,1680,219,0.130279595,0.734477256,0.493576201,190,77,48,1,0,0,omar.3338,9,4,0.444444444,1,1
Facebook,0,57,1,408,747,0.545454545,1715,,0.121794872,0.591896213,0.492870033,441,82,,1,1,1,user_053066,11,6,0.545454545,1,1
Facebook,0,71,0,386,734,0.525170068,1198,,,,0.430887619,404,69,,0,1,1,bplvg3938,9,4,0.444444444,0,0
,0,241,0,438,709,0.616901408,2338,201,0.08593416,,0.228589089,203,35,,0,0,1,bot_pclx4,9,1,0.111111111,1,0
,0,218,0,417,777,0.535989717,3217,214,,0.563965459,0.923071536,277,83,70,0,0,1,acc_vhtyv994,12,3,0.25,1,2
Facebook,0,108,0,416,,0.564450475,2957,,0.070317782,0.457513736,,,128,31,,1,0,mina464,7,3,0.428571429,0,0
Instagram,1,22,0,381,,0.562776957,3194,,0.069483568,0.640380283,0.567465661,84,187,,,1,0,zuri.7071,9,4,0.444444444,1,0
Instagram,0,173,,416,687,0.604651163,27,,7.178571429,,0.148779736,334,,135,0,0,1,ldosw3062,9,4,0.444444444,0,0
Facebook,1,71,0,418,721,0.578947368,3138,196,0.062440268,0.225766943,0.434243392,440,139,67,0,1,1,acc_617tm76a,12,5,0.416666667,1,1
Instagram,1,7,0,406,726,0.558459422,2974,174,0.058487395,0.497049894,0.903803516,209,74,69,0,,1,8295b7i66f,10,7,0.7,0,1
Facebook,1,,0,372,702,0.52916074,,193,0.060940954,0.458172463,0.995465239,137,99,47,1,0,1,bot_sksfh,9,0,0,1,0
,,217,,385,681,0.564516129,1091,,0.174908425,0.039903271,0.361751857,277,144,95,1,0,0,yusuf,5,0,0,0,0
Instagram,1,110,0,452,,0.605898123,250,207,0.824701195,0.834438656,0.153990546,171,174,107,0,1,0,kojo.4051,9,4,0.444444444,1,0
X,0,186,1,373,701,0.531339031,142,199,1.391608392,0.377382024,0.314451527,339,52,45,1,0,1,gfb219y4w7,10,5,0.5,0,0
X,,12,0,365,736,0.495251018,267,218,0.813432836,,0.327241768,338,66,66,1,1,0,riya_5049,9,4,0.444444444,1,0
Instagram,0,,0,380,682,0.55636896,4311,207,0.048005566,0.457899097,0.644508794,155,9,28,1,0,1,8rko3ifw40,10,4,0.4,0,0
Instagram,1,228,0,425,695,0.610632184,489,230,0.469387755,0.161480806,0.496156724,228,45,82,,0,1,bot_6kwe6,9,2,0.222222222,1,0
X,0,240,1,433,672,0.643387816,496,212,0.426559356,0.704414415,,305,82,137,0,1,1,user_109727,11,6,0.545454545,1,0
,,155,1,,736,0.534599729,480,227,0.471933472,0.571771575,0.701303284,178,116,,0,0,0,camila,6,0,0,0,0
X,1,216,0,364,735,0.494565217,2691,211,0.078380386,0.270113807,0.251308724,246,3,,1,0,0,tariq6881,9,4,0.444444444,0,1
Facebook,1,188,0,409,712,0.573632539,4097,,0.048316252,0.950473859,0.78425569,491,56,144,1,1,0,john_4167,9,4,0.444444444,1,0
Instagram,1,15,1,393,651,,3081,212,0.068786502,0.291745348,0.847461867,384,37,21,0,,0,mia_9409,8,4,0.5,1,0
X,1,118,1,385,750,0.5126498,4937,190,0.038477116,0.554996907,0.59839019,161,139,99,1,0,0,oliver,6,0,0,0,0
Instagram,0,1,,386,754,0.511258278,2428,201,0.082750103,0.801567824,0.927667709,162,30,13,1,0,0,jessica_4454,12,4,0.333333333,1,2
Facebook,1,245,0,,685,0.644314869,844,192,0.227218935,0.513892298,0.782948123,217,129,5,,1,0,zuri4048,8,4,0.5,0,0
Facebook,1,209,0,457,721,0.632963989,,210,0.06527821,0.960855676,0.595395907,316,128,46,1,0,0,fatima_754,10,3,0.3,1,0
X,0,144,1,421,736,0.571234735,3912,205,0.052389471,0.843854567,0.906165997,285,80,147,0,0,0,nikolai729,10,3,0.3,0,0
Facebook,0,29,0,391,746,0.523427041,4078,,0.051238049,0.921019014,0.60035848,,24,143,1,0,0,priya_6999,10,4,0.4,1,1
Instagram,,102,1,405,737,0.548780488,2350,218,0.092726499,0.372702584,0.521191127,461,4,33,1,1,0,carlos,6,0,0,0,0
X,0,12,1,409,729,0.560273973,650,190,0.291858679,0.548355417,0.35625834,486,47,,1,1,1,juopf9951,9,4,0.444444444,0,1
Instagram,1,95,1,361,672,0.53640416,1894,199,0.105013193,0.840166295,0.882863331,451,141,7,1,1,0,maria,5,0,0,0,0
Instagram,1,241,0,395,,0.580882353,2857,195,0.068229531,0.903500034,0.122727171,203,51,21,1,1,0,jessica9461,11,4,0.363636364,0,1
Facebook,0,,1,428,,0.587912088,3251,178,0.054735547,0.944363578,,215,73,67,1,0,0,suresh_2129,11,4,0.363636364,1,0
Facebook,0,237,1,404,677,0.595870206,2387,187,0.078308208,0.879151993,0.537413332,423,,33,1,1,1,fgxbz6400,9,4,0.444444444,0,1
Facebook,,93,,387,729,0.530136986,1726,,0.108859294,0.730754904,0.554749107,222,152,,1,1,0,martin2847,10,4,0.4,0,0
Facebook,1,81,,401,704,0.568794326,1355,212,0.156342183,0.024214806,0.65188983,192,98,120,0,1,0,sakura.5795,11,4,0.363636364,1,0
Facebook,1,12,0,,724,0.56137931,1294,188,0.145173745,0.314953449,0.505795624,292,66,22,0,1,0,binta8560,9,4,0.444444444,0,0
X,0,170,1,380,,0.545977011,3047,204,0.066929134,0.128936285,0.256818148,191,118,,0,0,0,omar7292,8,4,0.5,0,0
,1,212,0,365,719,0.506944444,3259,200,0.061349693,0.154758601,,384,177,116,0,1,0,mina3238,8,4,0.5,0,0
Instagram,1,93,1,432,700,0.616262482,2714,,0.074401473,0.290907187,0.657525328,398,102,23,1,1,0,mina,4,0,0,0,0
Instagram,1,148,1,409,,0.57122905,404,200,0.49382716,0.074740457,,268,32,140,0,0,0,michael_6372,12,4,0.333333333,1,0
Instagram,1,111,1,410,704,0.581560284,3973,214,0.053850025,0.243031812,0.276043491,412,144,68,0,,1,bot_j5dof,9,1,0.111111111,1,0
Facebook,1,54,1,383,755,0.506613757,,182,0.04511651,0.956978837,0.637056895,438,197,79,1,1,1,bot_1p499,9,4,0.444444444,1,1
Instagram,0,80,,399,,0.587628866,1547,,0.125968992,0.311943579,0.714173745,300,33,59,1,1,0,haruto_3156,11,4,0.363636364,1,0
X,1,167,0,395,746,0.528781794,2607,201,0.077070552,0.15971307,0.38340516,259,153,37,1,,0,tao,3,0,0,0,0
X,1,210,0,401,,,2826,227,0.080297135,0.71830018,0.812244118,191,169,76,1,0,1,user_554775,11,6,0.545454545,1,2
Instagram,1,115,1,416,639,,1853,189,0.101941748,0.82850515,0.002508775,270,158,84,,1,0,saif3372,8,4,0.5,0,1
Instagram,1,142,1,455,710,0.639943741,4207,,0.046340304,0.31403785,0.59491975,491,112,128,,0,0,luna,4,0,0,0,0
X,0,200,1,419,710,0.58931083,813,198,0.243243243,0.278497311,0.61356847,103,50,,1,0,0,haruto.3431,11,4,0.363636364,1,0
X,0,,0,403,689,0.584057971,,190,0.056279621,0.241759548,0.533843093,431,35,113,1,0,0,chris,5,0,0,0,0
Facebook,0,201,0,,653,0.597859327,930,183,0.196562836,0.393261239,0.630048487,203,12,79,1,0,1,user_131220,11,6,0.545454545,1,1
X,1,,1,376,727,0.516483516,4982,203,0.040738511,0.087231758,0.167226857,183,84,108,0,1,1,user_873940,11,6,0.545454545,1,0
Facebook,1,222,,405,727,0.556318681,4076,230,0.05641403,0.669129227,0.684781482,216,12,140,1,0,1,hsghee4efs,10,1,0.1,0,1
,0,,1,390,,0.541666667,,182,0.054736842,0.822226325,0.335788963,90,31,,1,1,0,tao8369,7,4,0.571428571,0,0
Facebook,,214,,380,676,0.561299852,175,217,,0.66368228,0.452053743,197,132,127,0,0,0,noah,4,0,0,0,0
Facebook,0,127,1,,725,0.523415978,1364,231,0.169230769,0.42119969,0.333109364,470,11,78,0,1,0,layla_9067,10,4,0.4,1,0
Facebook,1,179,,415,,0.591168091,2896,166,0.057300656,0.288962247,0.473936203,398,186,4,1,1,0,satish,6,0,0,0,0
,1,157,1,449,715,0.627094972,1038,193,0.185755534,0.409446165,0.621569227,,168,126,0,1,0,satish_7711,11,4,0.363636364,1,2
,0,160,1,,686,,3012,205,0.0680385,0.423837485,0.838343471,196,,85,0,0,1,user_469187,11,6,0.545454545,1,0
Facebook,,56,,412,732,0.56207367,2091,,0.098948375,0.666020828,,470,67,85,1,0,1,acc_j873rgn9,12,4,0.333333333,1,1
X,,51,0,404,757,0.53298153,461,181,0.391774892,0.928060356,0.323223828,78,105,138,0,,0,kiran_5524,10,4,0.4,1,1
X,1,,0,411,748,0.548731642,2753,191,0.069353667,0.070586489,0.487941879,216,175,23,0,0,1,user_538124,11,6,0.545454545,1,0
Facebook,1,181,0,412,717,0.573816156,149,207,1.38,0.953353593,0.688803664,315,170,44,1,,1,user_321376,11,6,0.545454545,1,0
Instagram,1,110,1,387,710,0.544303797,4434,184,0.041488162,0.910201284,0.346700717,93,,110,0,0,0,giulia.9301,11,4,0.363636364,1,0
,0,0,0,418,680,0.613803231,1134,190,0.167400881,0.1177323,,171,40,33,0,0,0,jose,4,0,0,0,0
Instagram,0,43,1,,,0.589781022,354,192,0.54084507,0.183585031,0.562839817,42,55,138,,0,0,chris_7365,10,4,0.4,1,0
X,1,226,0,,660,0.635400908,1108,,0.151487827,0.311595601,0.294009264,131,68,149,1,1,0,michael.9472,12,4,0.333333333,1,0
Instagram,0,74,1,422,683,0.616959064,2603,209,0.080261137,0.559666041,,76,10,121,0,1,0,jose4123,8,4,0.5,0,0
Instagram,,97,0,380,,0.508701473,2114,189,0.089361702,0.134476196,0.140392284,433,,108,0,0,1,acc_1l16jtp5,12,4,0.333333333,1,1
Instagram,0,207,1,387,667,0.579341317,4095,,0.050537109,0.200334953,0.352609983,231,112,22,0,1,0,yuki_52,7,2,0.285714286,1,0
X,0,8,0,391,743,,,214,0.058041768,0.902675294,0.048342906,38,,28,0,0,0,ahmed,5,0,0,0,0
,0,31,0,409,728,0.561042524,,186,0.05798005,0.109300631,0.583482527,53,21,,0,1,0,sarah,5,0,0,0,0
Instagram,0,,0,408,713,0.571428571,1110,199,0.179117912,0.398878265,0.175909366,,84,51,1,1,0,ashley_4891,11,4,0.363636364,1,0
Instagram,1,139,1,410,715,0.572625698,4180,206,0.049270509,0.763001778,0.377394792,187,5,88,0,1,1,acc_50k95fai,12,4,0.333333333,1,1
Facebook,0,224,0,411,721,0.569252078,1978,,0.099545225,0.888583117,0.269222815,463,25,,0,0,1,user_043870,11,6,0.545454545,1,0
Instagram,1,,0,409,697,0.585959885,227,192,0.842105263,0.336042563,0.630389966,418,143,121,1,1,0,valentina2367,13,4,0.307692308,0,0
Facebook,1,205,0,396,728,0.543209877,2940,211,0.071744305,,0.850345661,309,,141,,0,0,layla488,8,3,0.375,0,1
Instagram,,248,0,412,,0.591104735,1013,203,,,0.633301043,185,34,16,0,0,0,pablo,5,0,0,0,0
Facebook,0,184,1,389,722,0.538035961,4116,182,0.044206947,0.772557759,0.542504929,317,41,,,0,0,zuri,4,0,0,0,0
X,1,135,0,411,724,0.566896552,,187,0.06016731,0.980033444,0.669083739,463,52,8,1,1,0,leo8726,7,4,0.571428571,0,0
Instagram,1,71,1,391,674,0.579259259,,202,0.051295074,0.139541851,,431,99,114,,1,0,tao.4331,8,4,0.5,1,1
Instagram,1,154,1,402,,0.529644269,2803,209,0.074536377,0.709420883,0.122844661,134,149,123,1,0,0,ahmed_1092,10,4,0.4,1,0
Instagram,0,189,1,401,634,0.631496063,1467,179,,0.417292538,0.094927236,172,180,3,,1,0,marco7398,9,4,0.444444444,0,0
Instagram,0,11,1,409,,0.574438202,,184,0.061538462,0.914629438,0.098197166,268,,147,1,0,0,kojo,4,0,0,0,0
Facebook,1,64,0,375,728,0.514403292,270,194,,0.407830884,0.260483715,436,12,35,1,0,0,ahmed.2630,10,4,0.4,1,0
Instagram,0,106,1,,,0.604444444,3807,181,0.047531513,0.445960376,0.53205226,114,10,133,,0,0,tariq.1710,10,4,0.4,1,0
X,,231,1,395,,0.555555556,1532,190,0.123939987,0.126796598,0.114681579,497,,64,1,,0,tariq,5,0,0,0,0
X,1,41,1,416,665,0.624624625,304,216,0.708196721,0.320936785,0.935116241,220,96,2,0,1,0,amina8207,9,4,0.444444444,0,0
Instagram,0,189,1,427,688,0.619738752,,213,0.043407377,0.40084047,0.854256803,38,85,36,1,1,1,user_616672,11,6,0.545454545,1,1
X,1,114,0,425,702,0.60455192,1933,192,0.099276112,0.017508754,0.971644354,339,52,108,0,0,1,ybfuz3c83c,10,3,0.3,0,0
Instagram,0,138,0,,,0.506830601,2041,198,0.096963761,,0.042500045,,8,2,0,1,0,max2671,7,4,0.571428571,0,0
Instagram,0,102,1,413,692,0.595959596,4022,189,0.046979866,0.336318551,0.851402447,220,70,142,1,0,0,chen_9493,9,4,0.444444444,1,0
X,,170,,400,680,0.587371512,142,199,1.391608392,0.803839736,0.803734075,145,,55,0,0,0,luna.2634,9,4,0.444444444,1,0
,0,94,1,,685,0.567055394,809,173,0.213580247,0.107112613,0.902105865,405,188,60,0,1,0,binta,5,0,0,0,0
X,0,,0,378,677,0.557522124,948,187,,0.760211127,0.527944168,163,9,67,0,1,0,chris6453,9,4,0.444444444,0,0
Facebook,1,224,0,417,681,0.61143695,3952,186,0.047052871,,0.787889071,360,165,,1,0,1,y06lmxw7cy,10,3,0.3,0,0
Instagram,1,159,0,410,701,0.584045584,3413,187,0.054774458,0.241782328,,436,122,,,0,0,hans_3942,9,4,0.444444444,1,0
Facebook,0,249,0,438,721,,2293,229,0.099825632,0.083271668,0.075877789,367,38,,,1,0,sakura_4086,11,4,0.363636364,1,0
X,0,220,0,389,716,0.542538354,766,194,0.252933507,0.841833446,0.118532241,483,109,22,1,1,0,mia.5840,8,4,0.5,1,0
Facebook,1,,1,365,734,0.496598639,2924,168,0.057435897,,0.914788863,327,88,13,1,,0,yumi7731,8,4,0.5,0,1
Facebook,0,,0,369,691,,939,206,0.219148936,0.14556012,0.061169349,258,93,133,0,1,0,oliver,6,0,0,0,0
,0,167,0,427,765,0.557441253,2497,,0.092073659,0.359036602,0.100149527,189,157,32,1,1,1,user_139473,11,6,0.545454545,1,0
Facebook,0,150,1,403,703,0.572443182,3563,208,0.058361392,0.400882824,0.930410403,412,106,8,1,0,0,fatima5490,10,4,0.4,0,0
Facebook,0,55,0,398,704,0.564539007,1263,200,,0.32608798,0.107392582,328,33,139,1,1,1,oyvnh9527,9,4,0.444444444,0,0
X,0,133,0,388,706,0.548797737,543,198,0.363970588,0.976481113,0.869756299,263,32,116,,0,1,bot_l9l9a,9,2,0.222222222,1,0
Facebook,0,85,0,395,,0.539617486,2680,193,0.071988064,0.880820669,0.789270788,,159,94,1,1,0,alex,4,0,0,0,0
X,0,177,,399,695,,2955,200,0.067658999,0.872975496,0.040281989,331,11,2,,0,0,john_9936,9,4,0.444444444,1,1
Facebook,1,101,0,,682,0.540263543,2932,184,0.062734402,0.398767591,0.021847397,173,86,,1,0,0,emily.9170,10,4,0.4,1,0
X,,164,1,377,707,0.532485876,2782,186,0.066834351,0.96286964,0.534388384,91,92,35,0,1,0,dmitri,6,0,0,0,0
X,1,236,,413,710,0.580872011,4240,209,0.04928083,0.684015296,0.997175404,439,106,140,1,1,0,arjun.9196,10,4,0.4,1,0
Facebook,1,191,0,398,686,0.579330422,2992,202,0.067490812,0.831994669,0.87883016,105,192,12,0,1,1,lysnz4131,9,4,0.444444444,0,0
,1,242,0,416,666,,2613,199,0.076128539,0.500875125,0.310025433,244,9,84,1,1,0,sofia4474,9,4,0.444444444,0,1
Facebook,0,,0,,634,0.661417323,3649,200,0.054794521,,0.386309234,304,,42,0,0,0,tariq.7834,10,4,0.4,1,0
Instagram,0,199,0,398,679,0.585294118,,186,0.154870941,0.886885505,0.387905996,42,18,127,1,1,1,epgcyuqu0z,10,1,0.1,0,0
Instagram,0,232,1,436,679,,,207,0.097687588,0.486426739,0.734178816,393,22,46,1,1,0,marco_8599,10,4,0.4,1,1
Instagram,0,176,0,386,647,,2681,178,0.066368382,0.968554909,0.341132753,,127,18,0,0,1,bot_gmj58,9,2,0.222222222,1,0
X,1,226,1,394,743,0.529569892,2849,181,0.063508772,0.254861011,0.147797061,440,84,82,0,0,0,ali1086,7,4,0.571428571,0,0
Facebook,0,114,1,366,685,0.533527697,4689,201,0.042857143,,0.747107409,257,184,96,1,,0,sofia5717,9,4,0.444444444,0,0
X,0,138,1,385,687,0.559593023,4663,204,,0.222424682,0.458015618,320,106,98,1,1,1,acc_c3aawoep,12,1,0.083333333,1,2
Instagram,1,87,1,397,697,0.568767908,4787,197,0.041144528,0.368166758,0.076778724,,98,147,1,0,0,tariq.7060,10,4,0.4,1,0
Facebook,0,48,1,,713,0.56162465,3682,208,0.056475699,0.594016523,,,58,28,0,1,1,acc_0eq7ymlv,12,2,0.166666667,1,1
X,0,148,0,401,675,0.593195266,3496,191,0.054618244,0.693323059,0.585311264,463,181,127,,0,1,hvrcj8653,9,4,0.444444444,0,0
Facebook,1,114,1,370,743,0.497311828,665,206,0.309309309,0.720282169,,425,73,71,1,1,1,bot_mxvoi,9,0,0,1,0
X,0,193,1,381,723,0.526243094,4502,214,0.047523873,0.476252409,0.673343167,441,,,,0,0,kiran,5,0,0,0,0
Facebook,0,62,0,440,698,0.629470672,3163,190,0.060050569,0.076826957,0.505367683,476,47,37,,0,0,zuri,4,0,0,0,0
Instagram,,,0,400,,0.558659218,3366,184,0.054648055,0.496048152,0.648420148,,5,123,1,1,1,bot_upnwo,9,0,0,1,0
,0,82,1,424,694,0.610071942,1417,208,0.146685472,0.334687953,0.867488545,,42,,0,1,1,j7m0nfltrm,10,2,0.2,0,0
Facebook,0,102,1,416,649,0.64,3109,,0.05562701,0.657655609,,102,144,32,,,1,acc_tb52ir85,12,4,0.333333333,1,1
X,,155,,396,713,0.554621849,517,,0.391891892,,0.659600498,253,126,12,1,0,0,valentina,9,0,0,0,0
Instagram,1,,1,,,0.549925484,850,194,0.227967098,0.393912325,0.613856069,454,78,100,0,1,0,nikolai6024,11,4,0.363636364,0,0
Instagram,1,5,0,399,743,0.536290323,1902,185,0.097214924,0.966119154,0.531179778,316,163,126,0,0,1,bbxfp5522,9,4,0.444444444,0,3
Instagram,1,146,0,388,,0.54494382,908,197,0.216721672,0.088867399,0.171972411,0,151,76,1,1,0,jessica.7498,12,4,0.333333333,1,1
Facebook,1,183,1,,694,0.541007194,316,189,0.596214511,0.602334158,0.335677644,153,120,,1,,1,user_330148,11,6,0.545454545,1,1
Facebook,1,229,0,396,683,,3244,199,0.061325116,0.090648229,0.693108967,492,119,48,1,0,1,user_444770,11,6,0.545454545,1,2
X,0,27,1,398,693,0.573487032,1508,192,0.127236581,0.156995656,0.425476107,260,188,,0,0,0,riya,4,0,0,0,0
X,,193,1,414,,0.58974359,4123,,0.042919496,0.604934389,,34,,,0,1,1,user_095730,11,6,0.545454545,1,0
X,1,37,,444,729,,1519,186,,0.443995523,0.759269284,380,77,35,0,0,1,acc_ci9cpjqa,12,1,0.083333333,1,1
Facebook,,118,0,430,687,0.625,4151,195,0.046965318,0.548498997,0.005568861,,57,92,1,1,0,sofia,5,0,0,0,0
Facebook,0,36,1,,676,0.59084195,1935,199,0.102789256,0.879872171,0.67899448,26,193,23,0,1,1,bot_wlhfv,9,0,0,1,0
X,1,114,0,378,759,0.497368421,4345,179,0.041187299,0.817240243,,395,180,80,1,1,0,binta9199,9,4,0.444444444,0,1
X,0,243,1,380,695,0.545977011,1802,207,0.114808652,0.887981449,0.376762581,349,69,97,1,1,1,xowvq8921,9,4,0.444444444,0,0
Facebook,1,67,1,380,716,0.529986053,2623,191,0.072789634,0.616254921,0.340536612,,,145,,1,0,chris,5,0,0,0,0
,0,213,,419,671,0.623511905,857,186,,0.48964317,0.172875495,223,169,104,0,,1,wsevl8314,9,4,0.444444444,0,0
Instagram,1,217,1,429,723,0.592541436,1877,187,0.099574015,0.459197582,0.334252083,186,38,,0,1,0,sarah6416,9,4,0.444444444,0,0
Facebook,0,176,1,411,,0.615269461,1526,190,0.124426981,0.739808556,0.391418472,158,196,,1,1,0,jessica2347,11,4,0.363636364,0,1
X,0,42,0,397,708,0.559943583,1417,206,0.145275035,0.521299878,0.437448919,68,,70,0,1,1,8a8z8tr0uf,10,4,0.4,0,0
Facebook,,163,0,363,692,0.523809524,3480,182,,0.105768796,0.672300639,164,167,121,1,1,0,sofia_3017,10,4,0.4,1,0
Instagram,1,,,,,0.581589958,,193,0.049832171,0.141939024,0.453571019,257,58,2,0,1,0,omar,4,0,0,0,0
Facebook,1,12,1,417,715,0.582402235,1795,202,,0.357082768,0.796284304,101,43,35,1,0,1,user_103384,11,6,0.545454545,1,1
Facebook,1,51,,382,677,,,206,0.067166612,0.067823372,0.639737997,454,64,120,0,0,1,c1vv0jwx57,10,4,0.4,0,1
Facebook,,57,0,,705,0.590651558,2721,201,0.073842763,0.239231219,0.189597079,192,,,0,1,0,kwame3715,9,4,0.444444444,0,0
,0,31,1,420,,0.646153846,4205,190,0.045173562,0.656400853,0.277173173,258,90,14,1,1,0,zuri200,7,3,0.428571429,0,1
Instagram,,208,0,,719,0.555555556,3677,204,0.055464927,0.012430312,0.079249186,403,83,131,,1,0,tariq,5,0,0,0,0
Facebook,,104,1,377,709,,353,188,0.531073446,0.604092866,0.945721755,385,4,15,0,1,0,kojo.9759,9,4,0.444444444,1,0
Facebook,0,227,1,,697,0.524355301,,199,,,0.886550481,297,113,,1,0,0,suresh2803,10,4,0.4,0,0
X,0,,0,399,734,,1428,223,0.156053184,0.170153752,0.084796225,298,176,62,0,0,1,hykzk4392,9,4,0.444444444,0,0
Facebook,1,187,1,376,756,0.49669749,,195,0.08887876,0.180968563,0.574076016,,178,22,0,0,1,acc_rsixh6xb,12,1,0.083333333,1,1
X,0,237,,381,665,0.572072072,1778,216,0.121416526,0.028856367,0.960401819,44,163,76,1,1,1,bot_z2dbx,9,1,0.111111111,1,0
Instagram,0,82,0,383,640,0.5975039,3537,205,0.05794234,0.512450039,0.74714279,479,104,0,,0,1,gjzkh4038,9,4,0.444444444,0,0
Instagram,1,185,0,409,693,0.589337176,1117,215,0.192307692,0.654587557,0.491812194,495,15,75,0,0,0,oliver.9025,11,4,0.363636364,1,0
Instagram,0,98,0,417,669,0.62238806,2321,218,0.093884582,0.456909582,0.241102989,275,6,26,1,0,0,chris6488,9,4,0.444444444,0,1
Instagram,0,237,1,373,648,0.574730354,534,196,0.36635514,0.38944881,0.279037075,170,43,,0,0,0,ivan.1249,9,4,0.444444444,1,0
X,1,103,1,427,685,,1218,207,0.169811321,0.454412817,0.736237955,177,25,85,,0,0,nikolai,7,0,0,0,0
Facebook,,183,0,376,701,0.535612536,2989,219,0.073244147,0.781528219,0.780575273,222,35,61,,1,0,kiran.2890,10,4,0.4,1,0
Instagram,0,27,0,407,684,0.594160584,2229,193,0.086547085,0.033514307,0.528693324,298,180,145,0,0,1,acc_xonl898q,12,3,0.25,1,1
Facebook,0,128,1,395,685,0.575801749,1980,197,0.099444725,0.783818561,0.120948702,480,91,92,,0,0,nikolai.7128,12,4,0.333333333,1,0
X,1,169,0,,698,0.555078684,2077,196,,0.666342116,0.933868374,23,171,29,,0,0,liwei_4676,10,4,0.4,1,0
X,0,,,,726,0.515818432,532,197,0.369606004,0.241426554,0.844762735,337,11,,1,1,0,luna_7452,9,4,0.444444444,1,0
X,0,47,0,372,735,0.505434783,3077,204,0.066276803,0.524739726,0.140538779,83,89,149,0,0,1,acc_xb4l7mz0,12,3,0.25,1,1
Instagram,0,39,1,404,718,0.561891516,1945,179,0.091983556,,0.056727584,,67,124,0,0,0,ethan,5,0,0,0,0
Facebook,1,96,1,393,733,0.535422343,4236,,0.045551097,0.37958867,0.535867683,287,107,33,,1,0,hans_8850,9,4,0.444444444,1,1
Facebook,0,190,1,390,,,3100,218,0.070299903,0.174042479,0.284142618,121,150,3,1,1,0,saif9944,8,4,0.5,0,2
Facebook,0,203,0,,716,0.524407252,4358,,0.039917412,0.022300386,0.283249709,4,103,,0,0,1,yhbzg2254,9,4,0.444444444,0,1
X,1,199,0,380,672,0.564635958,3830,187,0.048812321,0.357089498,0.087221593,385,87,50,0,,0,yuki_9896,9,4,0.444444444,1,0
Instagram,0,215,0,374,693,0.538904899,4115,202,0.049076774,0.726112417,0.953385835,153,94,,1,0,1,user_561632,11,6,0.545454545,1,0
X,0,207,0,386,716,0.538354254,2585,181,0.069992266,0.921021867,0.83016646,280,125,13,1,,1,user_881179,11,6,0.545454545,1,2
X,1,113,0,369,708,0.52045134,1549,202,0.130322581,0.662263513,0.113834592,433,29,7,1,1,0,noah9593,8,4,0.5,0,0
,1,131,1,427,741,0.575471698,,196,0.131543624,0.401970128,,341,62,,0,0,0,luna_3202,9,4,0.444444444,1,0
X,1,165,,409,684,0.597080292,,204,0.05572248,0.999496112,0.682956056,422,2,68,,0,1,acc_fx788zb4,12,4,0.333333333,1,2
Facebook,1,235,1,364,731,0.49726776,228,204,0.890829694,0.282943508,0.325441132,85,161,135,0,0,0,riya_2555,9,4,0.444444444,1,1
Instagram,0,154,,,696,0.612625538,4472,191,0.042700648,0.187131433,0.871250554,,101,,0,0,0,ivan_1241,9,4,0.444444444,1,0
Facebook,0,136,1,416,,0.62745098,4832,213,0.044072005,0.463682269,0.598022188,266,91,,0,0,1,acc_19hgfprt,12,2,0.166666667,1,1
Instagram,1,110,1,435,695,0.625,,195,0.044786403,0.504911415,0.848669844,190,176,140,1,0,1,mommi5670,9,4,0.444444444,0,1
,1,143,,423,719,0.5875,4929,,0.040973631,0.35482338,,251,171,,,0,1,hizpq2971,9,4,0.444444444,0,0
X,,183,0,388,718,0.539638387,4797,194,,0.695499079,0.50065104,492,168,48,1,,1,zymmi5629,9,4,0.444444444,0,1
X,1,,1,439,715,0.613128492,699,,0.29,0.183864412,0.291010029,67,47,,1,,0,kojo2122,8,4,0.5,0,1
Instagram,0,30,0,388,685,0.565597668,438,,0.469248292,0.51033976,0.387692692,352,198,126,0,0,0,hans3233,8,4,0.5,0,1
Instagram,1,215,1,,729,0.578082192,1685,176,0.104389087,0.500126959,0.567752069,145,7,82,,0,1,qdqkz4836,9,4,0.444444444,0,0
Instagram,0,118,1,420,700,0.59914408,2154,188,0.087238979,0.823786423,0.947059224,478,134,95,1,1,0,kwame,5,0,0,0,0
Facebook,,141,0,392,754,0.519205298,4711,216,0.045840407,0.926968199,0.60011776,363,,114,0,1,0,binta,5,0,0,0,0
Facebook,,236,1,367,673,,2915,,0.073045267,0.663265874,0.147378192,121,182,102,1,1,1,user_850884,11,6,0.545454545,1,1
Instagram,,24,0,400,724,0.551724138,3218,196,0.060888475,0.30537159,0.006996185,411,70,116,0,0,0,arjun_9939,10,4,0.4,1,1
X,1,,1,436,665,0.654654655,960,,0.193548387,0.68961102,0.850987856,41,177,77,0,0,0,ethan,5,0,0,0,0
Facebook,0,66,0,,679,0.613235294,1840,184,0.099945682,0.251371129,0.364325423,,81,70,,0,0,ali_5088,8,4,0.5,1,1
Facebook,0,249,1,361,,0.523188406,278,212,0.759856631,0.96654439,0.31496594,149,111,,,1,0,mina_3722,9,4,0.444444444,1,1
,0,,0,402,701,0.572649573,4221,215,0.050923733,0.822362119,0.800731123,423,102,95,0,0,0,max,3,0,0,0,0
Instagram,0,117,0,420,,0.630630631,3757,,0.061202767,0.431190255,0.945364299,61,20,109,0,0,0,dmitri,6,0,0,0,0
,0,233,1,403,750,,1344,207,0.153903346,0.784343517,0.748045088,254,33,94,1,0,0,marco,5,0,0,0,0
Instagram,1,72,1,406,692,0.585858586,4771,205,0.042958927,0.408655645,0.173847313,130,,85,,,0,michael.2602,12,4,0.333333333,1,0
Instagram,1,25,0,,657,0.617021277,,186,0.259776536,0.074610159,0.391378294,326,26,132,0,1,1,acc_vet0zbbq,12,1,0.083333333,1,2
Instagram,0,147,1,414,700,0.590584879,1506,201,0.133377571,0.706768873,0.759398552,446,7,94,0,0,0,omar.5054,9,4,0.444444444,1,0
X,1,191,0,461,710,,3922,210,0.053530461,0.404613833,0.906925815,376,161,78,1,0,1,acc_xw4myvc2,12,2,0.166666667,1,1
X,0,103,1,446,712,0.625525947,2715,180,,0.930319817,,19,17,144,0,0,0,ayanda.8012,11,4,0.363636364,1,0
Instagram,1,9,0,410,704,0.581560284,1348,200,0.148257969,0.306561214,0.511560907,490,,36,,0,0,binta.7628,10,4,0.4,1,0
Facebook,1,210,1,393,675,0.581360947,2443,224,0.091653028,0.843332821,0.822524818,198,139,18,1,1,1,53buz9qn0l,10,4,0.4,0,0
Instagram,1,66,0,412,682,0.603221083,4869,215,0.044147844,0.680437845,0.046631643,326,50,137,0,0,0,maria.8228,10,4,0.4,1,1
X,1,,1,403,708,0.568406206,3961,,0.048965169,,0.28582475,220,190,43,,1,1,z2w75rfnmp,10,3,0.3,0,0
X,0,4,0,434,684,,1753,,0.104332953,0.291881877,,409,167,88,,0,0,carlos,6,0,0,0,0
Facebook,0,194,0,413,720,0.572815534,,203,0.080973275,0.461345403,0.975523845,424,149,36,0,0,1,acc_j1uauxkq,12,1,0.083333333,1,1
X,1,185,1,409,659,0.61969697,1738,224,,0.823129011,0.003393648,130,,57,0,1,0,oliver,6,0,0,0,0
Instagram,1,26,1,389,765,0.507832898,4170,207,,0.643818819,0.308020738,170,155,127,0,1,1,acc_hwo27hxh,12,2,0.166666667,1,1
Facebook,0,,,376,687,0.546511628,1109,201,0.181081081,0.359921899,,144,177,142,1,0,0,yusuf2144,9,4,0.444444444,0,1
Instagram,1,112,0,391,726,0.537826685,2680,197,0.073480045,0.511995626,0.306678235,487,46,147,,1,1,m628e7fxy1,10,5,0.5,0,0
Instagram,0,14,0,429,687,,1038,201,0.193455245,,0.225066766,339,55,140,0,0,0,ivan,4,0,0,0,0
Facebook,0,162,,402,695,,912,186,0.203723987,0.741847995,0.730088511,353,159,147,1,0,0,ashley,6,0,0,0,0
Instagram,0,203,,428,700,,4890,187,0.03823349,0.614522653,0.745338893,180,138,42,0,1,1,user_762119,11,6,0.545454545,1,1
X,1,104,,398,727,0.546703297,2097,207,0.098665396,0.82791138,0.472177883,435,148,,0,0,0,mia9429,7,4,0.571428571,0,0
Instagram,0,180,0,393,660,0.594553707,3014,203,0.067330017,0.442030339,0.94691747,160,,55,1,0,0,daniel_1249,11,4,0.363636364,1,0
Facebook,,43,0,380,664,0.571428571,359,192,0.533333333,0.950064005,0.20270708,463,141,110,,,1,agvtsw3g3d,10,2,0.2,0,0
Facebook,0,25,1,415,704,0.588652482,1077,186,0.172541744,0.552021229,0.913415834,59,78,31,0,1,0,omar2160,8,4,0.5,0,0
Facebook,,174,0,384,709,0.54084507,2104,193,0.091686461,0.32687215,,,,53,1,0,0,kojo.7245,9,4,0.444444444,1,0
Instagram,1,161,1,389,678,0.572901325,4975,192,0.038585209,,,67,99,60,1,0,0,tariq7419,9,4,0.444444444,0,0
Facebook,1,,,405,721,,3528,,0.062907339,,0.80690862,439,,109,1,0,1,feva9n8x72,10,4,0.4,0,0
Facebook,0,94,1,367,666,0.550224888,,189,0.08203125,0.568638377,0.133202176,360,184,110,1,1,0,anastasia.2195,14,4,0.285714286,1,0
Instagram,0,177,1,394,689,0.571014493,4101,192,0.046806436,0.703248139,,191,121,,0,0,0,fatima_9884,11,4,0.363636364,1,1
X,1,83,1,,715,0.604748603,,,0.135740971,0.875116693,0.929937203,487,6,146,1,0,1,bot_wmnom,9,0,0,1,0
Instagram,1,139,1,385,701,0.548433048,1076,,0.17084494,0.943960835,0.094780508,224,38,68,0,1,1,txwfu8307,9,4,0.444444444,0,0
Facebook,1,214,1,366,693,0.527377522,4049,200,0.049382716,0.102453846,0.004079607,391,184,,0,0,0,max.6806,8,4,0.5,1,0
Facebook,0,131,0,364,678,0.536082474,329,220,0.666666667,0.600904986,0.389030492,,114,137,1,1,0,chen_8240,9,4,0.444444444,1,0
Instagram,0,86,0,,700,0.544935806,3233,222,0.06864564,0.666589649,0.103850974,160,,142,0,1,0,tao_7146,8,4,0.5,1,0
X,0,175,1,426,714,0.595804196,3478,199,0.057200345,0.172063817,,248,,1,1,0,0,olga2418,8,4,0.5,0,0
Facebook,0,182,0,382,643,0.593167702,1003,207,0.206175299,0.54560068,0.922693513,408,24,149,1,1,0,riya.8490,9,4,0.444444444,1,0
Facebook,1,111,0,,674,,,193,0.03954918,0.334833636,0.482426364,,30,111,1,,0,saif_415,8,3,0.375,1,0
Facebook,1,128,1,416,704,,577,170,0.294117647,0.077417332,0.425471533,110,,98,1,,0,anna_2907,9,4,0.444444444,1,1
Instagram,0,,0,,684,0.57080292,327,,0.603658537,0.065865991,0.539039277,390,,102,0,1,0,olga,4,0,0,0,0
,0,88,,415,730,0.567715458,1528,197,0.128842381,0.75921298,0.226194625,58,76,11,0,1,1,2oxenxcqyv,10,1,0.1,0,0
X,1,65,0,355,674,0.525925926,2822,184,,0.615455452,0.297965861,32,199,,1,1,1,user_365777,11,6,0.545454545,1,1
Facebook,,157,1,428,752,0.568393094,1466,,,0.715121678,0.10097717,40,136,44,1,0,1,acc_0suybr7g,12,2,0.166666667,1,1
Facebook,0,130,1,438,680,0.643171806,3226,192,0.059497986,0.685278155,,160,121,147,0,0,0,haruto.4141,11,4,0.363636364,1,0
X,0,121,0,438,,0.608333333,2282,,,0.1343123,,28,7,6,0,1,0,rahul,5,0,0,0,0
Facebook,0,148,0,370,648,0.570107858,4748,174,0.036639292,0.151565257,0.930223734,254,96,,,,1,acc_oged3e1l,12,2,0.166666667,1,1
Instagram,0,216,1,394,704,0.558865248,2381,211,0.088581024,0.252483724,0.739073171,,18,69,1,1,1,rvn2f60fq5,10,4,0.4,0,0
Instagram,0,83,1,400,,0.580551524,495,209,0.421370968,0.399100587,0.723063734,422,,96,1,0,0,kojo.4590,9,4,0.444444444,1,0
,1,176,1,449,697,0.643266476,1139,199,0.174561404,0.939176225,0.307998962,184,8,52,0,0,1,qhercjnn6j,10,1,0.1,0,1
X,0,115,0,,704,0.605673759,2417,212,0.087675765,0.673892361,0.888293298,360,82,,,,1,sy5l1r8g32,10,5,0.5,0,0
Facebook,,213,0,400,714,0.559440559,1357,194,0.142857143,0.255171934,0.946955697,223,46,57,1,0,1,uznul2912,9,4,0.444444444,0,0
Instagram,1,212,0,394,702,0.560455192,1154,206,0.178354978,0.055984102,0.932262937,356,173,68,0,1,1,acc_uohznugs,12,0,0,1,1
X,1,189,0,421,650,0.646697389,3250,,0.06705629,0.684223931,0.038803027,491,89,,1,0,0,chris.2728,10,4,0.4,1,0
,1,224,1,401,704,0.568794326,2143,,0.098880597,0.625318471,0.604350636,220,0,42,1,1,0,marco4991,9,4,0.444444444,0,1
X,0,115,1,359,676,0.53028065,3389,220,0.064896755,0.675763418,0.643225106,319,130,61,0,0,1,acc_5lis4ce4,12,3,0.25,1,1
Instagram,1,,1,417,711,0.585674157,1125,201,0.178507993,0.261179654,0.29506516,85,161,54,0,0,1,acc_je5vlf26,12,3,0.25,1,1
Instagram,0,142,1,406,671,0.604166667,802,174,,0.516963217,,65,152,106,0,1,0,diego2282,9,4,0.444444444,0,1
Instagram,0,249,0,426,655,0.649390244,2043,228,0.111545988,0.361702801,,113,,48,,0,0,alex,4,0,0,0,0
X,0,249,1,390,704,0.553191489,208,205,0.980861244,0.817698939,0.216611658,,,105,1,1,0,carlos,6,0,0,0,0
,1,109,1,379,731,0.517759563,2655,178,0.067018072,0.069396662,0.48414565,264,122,77,0,0,1,bot_6c6a1,9,3,0.333333333,1,0
Instagram,1,179,0,395,701,0.562678063,,211,0.445147679,0.275441789,0.32314738,284,145,118,0,0,1,acc_h6iwegb4,12,2,0.166666667,1,1
X,1,206,0,401,720,,1639,192,0.117073171,0.602953744,0.92402946,96,160,27,1,0,0,camila_9498,11,4,0.363636364,1,0
Instagram,1,45,1,404,729,,136,174,1.270072993,0.205223777,0.440076731,329,136,56,0,1,0,valentina,9,0,0,0,0
Instagram,1,,0,,729,0.531506849,4357,189,0.043368518,0.672713436,0.410149555,123,134,119,0,0,0,arjun,5,0,0,0,0
Facebook,0,,1,416,710,0.585091421,,,0.194539249,0.136772503,0.62586213,155,29,119,0,1,1,user_566651,11,6,0.545454545,1,1
X,0,215,0,385,731,,,,,0.022812292,0.081114671,109,76,3,1,0,1,acc_ac76mapi,12,2,0.166666667,1,1
Instagram,0,,0,400,702,0.568990043,1437,193,0.134214186,,0.756732947,52,80,19,0,1,1,user_184781,11,6,0.545454545,1,0
Instagram,0,121,1,,658,0.620637329,3572,206,0.057654632,0.333444401,0.768398822,173,12,116,1,1,0,ananya1623,10,4,0.4,0,0
X,1,132,0,413,732,0.563437926,2149,168,0.078139535,0.156848983,0.474025835,166,12,,0,1,0,noah.3897,9,4,0.444444444,1,0
Facebook,1,69,1,398,751,0.529255319,4243,202,0.047596607,0.172709026,0.955697941,75,41,52,1,1,0,haruto_2838,11,4,0.363636364,1,0
Facebook,0,112,0,397,740,0.535762483,4813,201,0.04175322,0.885895394,0.579339111,313,,38,1,0,0,kojo.9542,9,4,0.444444444,1,0
Instagram,1,,0,,719,0.579166667,507,188,0.37007874,0.654431406,0.695236454,213,100,,0,1,1,tanvp3537,9,4,0.444444444,0,0
X,1,111,0,402,664,0.604511278,,188,0.07211354,0.956346267,0.924344956,181,,,1,1,1,bot_m19px,9,2,0.222222222,1,0
Facebook,0,107,0,391,724,0.539310345,,197,0.082599581,0.800040323,0.666345343,,190,85,,,1,acc_wzg19hwx,12,2,0.166666667,1,1
X,0,46,0,375,699,0.535714286,,202,0.451901566,,0.431826008,44,106,98,0,1,1,acc_ooptuxqm,12,0,0,1,2
X,1,214,1,399,670,0.594634873,2782,222,0.079770032,0.49982066,,423,196,117,1,0,0,ahmed3272,9,4,0.444444444,0,0
Instagram,1,195,0,398,684,,444,178,0.4,,0.728299316,,35,91,1,0,1,user_667957,11,6,0.545454545,1,1
Facebook,0,90,1,417,704,0.591489362,118,227,1.907563025,0.412652538,0.964866012,116,34,137,1,0,1,kc2xnv3dwn,10,2,0.2,0,0
Instagram,0,17,0,405,746,0.542168675,1541,201,0.130350195,0.827000497,0.470235124,,173,112,1,0,1,uv7npcedig,10,1,0.1,0,0
Facebook,0,148,1,421,699,0.601428571,2771,177,0.063852814,0.757741292,0.339768638,481,172,82,1,1,0,arjun_4830,10,4,0.4,1,0
Facebook,1,219,0,399,686,0.580786026,567,223,0.392605634,0.678438626,0.519259426,169,55,64,1,0,0,fatima,6,0,0,0,0
Facebook,0,226,1,394,703,0.559659091,3603,207,0.057436182,0.329716186,0.728437206,,86,0,1,1,0,yumi3579,8,4,0.5,0,0
Facebook,0,213,1,377,685,,1937,204,0.105263158,0.630711637,0.000690474,,4,129,1,0,1,acc_271hyacn,12,3,0.25,1,1
Facebook,1,103,0,367,698,0.525035765,4184,210,0.050179211,,0.887211723,,171,27,0,1,0,leo.4035,8,4,0.5,1,0
X,1,150,0,417,716,0.581589958,1653,198,,0.461542867,0.88636286,430,120,83,0,0,0,suresh,6,0,0,0,0
Instagram,1,191,0,417,700,0.594864479,4572,185,0.040454844,0.990246333,0.541297934,,155,27,1,,1,bot_bntjv,9,0,0,1,0
X,1,,1,401,741,0.540431267,4391,192,0.043715847,0.50439783,0.122378766,499,86,123,,0,0,oliver.6510,11,4,0.363636364,1,0
Facebook,1,39,1,394,734,,4816,184,0.038198049,0.031986205,0.671805795,73,169,30,0,1,0,jose.3830,9,4,0.444444444,1,0
Instagram,0,241,,410,736,0.556309362,4782,181,0.037842358,0.626467869,,458,97,134,1,1,0,binta_3509,10,4,0.4,1,0
,0,137,0,402,661,0.607250755,,189,0.0703125,0.728010845,0.507547151,148,158,71,1,1,1,acc_debutc1q,12,1,0.083333333,1,1
,1,88,,385,714,0.538461538,1204,190,0.157676349,0.885183869,0.093629972,24,134,47,1,0,0,liwei.7737,10,4,0.4,1,1
X,1,179,1,417,666,0.625187406,2938,220,0.074855393,0.632684727,0.589065338,,6,25,0,1,1,nvgzo4450,9,4,0.444444444,0,1
Instagram,1,240,,429,713,0.600840336,406,205,0.503685504,0.019457117,0.318069325,60,3,88,0,1,0,chris,5,0,0,0,0
Instagram,1,199,1,392,717,0.545961003,3908,195,,0.119744336,0.830991415,353,107,134,0,,1,acc_4rxkxs3j,12,2,0.166666667,1,1
Instagram,1,246,0,398,722,0.550484094,4215,207,0.049098672,0.161240049,0.799946126,53,127,104,0,0,0,alex.9085,9,4,0.444444444,1,0
Instagram,0,,0,390,681,0.571847507,4080,191,0.046802254,0.211261353,0.998473875,222,31,56,1,0,0,noah2197,8,4,0.5,0,0
,0,60,0,409,,0.568845619,313,179,0.570063694,0.799776897,0.257503175,218,27,114,1,1,1,2oya6d4j4d,10,4,0.4,0,0
Facebook,0,191,1,,711,0.599719101,163,200,1.219512195,0.30976005,0.061801093,472,183,119,0,1,0,emily,5,0,0,0,0
Instagram,,4,1,380,704,0.539007092,1529,189,0.123529412,0.312362323,0.443003265,315,3,,0,1,0,kojo7340,8,4,0.5,0,0
Instagram,1,121,1,406,686,0.590975255,4389,,,0.755587441,,,108,81,0,1,0,priya_5320,10,4,0.4,1,0
X,0,236,1,386,,0.553802009,4786,193,0.040317527,0.412436575,0.178499715,188,7,28,,1,1,acc_ppl5w6yx,12,2,0.166666667,1,2
Instagram,1,180,0,,657,0.626139818,1566,,0.141033823,0.064639532,0.597300141,31,141,149,0,0,0,fatima8191,10,4,0.4,0,0
,1,54,1,402,739,0.543243243,4769,198,0.041509434,0.585126446,0.592130851,52,29,13,0,0,1,bot_qsp8g,9,1,0.111111111,1,0
Facebook,1,36,0,416,709,0.585915493,399,219,0.5475,0.130067687,0.043327478,427,130,129,1,0,0,chen.2277,9,4,0.444444444,1,2
Instagram,0,55,0,418,719,0.580555556,3587,230,0.064102564,0.57166428,0.442904751,138,129,70,,0,0,ahmed,5,0,0,0,0
X,1,,0,427,713,0.598039216,1048,193,0.183984747,,0.530218693,373,9,124,0,,0,valentina,9,0,0,0,0
X,,236,1,,719,0.584722222,1943,202,0.103909465,0.929489637,0.268024238,46,69,78,0,,0,tao477,6,3,0.5,0,1
Facebook,0,101,,382,681,0.560117302,,197,0.062899106,0.067052607,0.872043182,89,118,106,1,1,0,dmitri6492,10,4,0.4,0,0
,1,92,0,392,685,0.571428571,2797,210,0.07505361,0.303966584,0.161098648,315,70,97,1,0,0,anna1212,8,4,0.5,0,1
,1,196,1,399,728,0.547325103,240,228,0.946058091,0.652463983,0.253901805,35,143,149,0,1,0,haruto,6,0,0,0,0
X,1,72,0,410,729,0.561643836,2359,188,0.079661017,0.315453003,0.156994415,484,69,17,1,0,1,mzhdmxbfh9,10,1,0.1,0,0
Instagram,0,58,1,423,,,672,162,0.240713224,0.451025611,0.116546634,443,90,45,0,1,0,valentina_7652,14,4,0.285714286,1,0
X,1,239,1,390,713,0.546218487,2620,180,0.068676078,0.020090863,0.878979184,416,,81,0,1,0,sofia.4173,10,4,0.4,1,0
Instagram,0,1,1,375,646,0.579598145,2462,209,,0.693498006,0.277859165,224,,122,1,1,1,1cepf7v6ba,10,3,0.3,0,0
X,1,192,0,376,671,0.55952381,3394,189,,0.883280132,0.722524019,41,34,97,0,1,0,mina,4,0,0,0,0
Instagram,1,103,1,409,708,0.576868829,402,188,0.466501241,0.976859648,0.42798236,,123,45,1,0,0,layla,5,0,0,0,0
Facebook,0,187,1,400,675,0.591715976,2107,179,0.084914611,,0.635873481,268,111,102,1,0,1,zc20jp2ly7,10,4,0.4,0,0
Instagram,0,50,1,371,664,0.557894737,4149,188,0.045301205,0.031776262,0.928176196,397,101,36,,1,1,bot_pypux,9,0,0,1,0
Instagram,0,29,1,378,675,0.559171598,1088,222,0.203856749,0.651853968,0.844607867,185,176,,1,1,0,rahul,5,0,0,0,0
Facebook,0,,0,380,706,,1143,194,,0.495659246,0.068986392,370,129,103,1,1,1,jhiqk7690,9,4,0.444444444,0,0
Instagram,0,219,1,394,708,0.555712271,4382,196,0.04471823,0.937895493,0.845202535,356,193,145,0,1,0,ahmed_5890,10,4,0.4,1,0
Facebook,0,107,0,,,0.578643579,2066,198,0.095791001,0.902138865,,234,146,142,0,0,0,chen_4107,9,4,0.444444444,1,0
Instagram,1,75,1,413,672,,3909,230,0.058823529,0.988046174,0.350145727,121,196,121,1,0,0,layla_5160,10,4,0.4,1,0
X,1,166,0,418,662,0.630467572,4256,202,0.047451257,0.861934224,0.672387925,423,,93,,1,1,hkwkq1056,9,4,0.444444444,0,0
X,0,89,1,391,703,0.555397727,3960,186,0.046957839,0.546892134,,320,81,99,0,1,0,ethan_2607,10,4,0.4,1,0
Instagram,1,204,0,448,697,0.641833811,142,187,1.307692308,0.714900515,0.094135498,388,103,27,,1,0,amina,5,0,0,0,0
Instagram,0,122,1,422,,0.586926287,397,184,0.462311558,0.964677236,0.76807703,,40,14,1,1,0,sofia,5,0,0,0,0
Instagram,1,199,0,420,733,0.572207084,2628,204,0.077596044,0.578116728,0.203508031,116,55,127,0,1,0,kiran,5,0,0,0,0
X,1,190,0,380,743,0.510752688,4630,195,0.042107536,0.839979187,0.380136123,465,54,42,1,1,0,jessica.9282,12,4,0.333333333,1,1
,0,191,0,374,716,0.521617852,1556,,0.130378934,0.942209876,0.873823016,428,158,32,0,,0,anastasia8196,13,4,0.307692308,0,0
X,0,188,1,381,,0.541193182,2509,173,0.068924303,,0.545799184,356,126,129,0,1,0,ivan,4,0,0,0,0
Facebook,0,,0,402,704,0.570212766,4382,215,0.04905316,0.159154246,0.067456648,441,149,7,0,1,0,camila1914,10,4,0.4,0,0
X,1,181,0,433,,0.613314448,1029,215,0.208737864,0.155563393,0.50804855,38,74,111,0,1,0,john.8365,9,4,0.444444444,1,0
X,0,,,402,695,0.577586207,2177,180,0.082644628,0.115317174,,395,175,32,1,,0,layla,5,0,0,0,0
,1,121,0,386,664,0.580451128,,192,0.285714286,0.47632318,,161,79,145,1,1,0,sofia,5,0,0,0,0
X,,93,1,395,732,0.53888131,4595,213,0.046344648,0.480141578,0.166889239,108,127,89,1,1,0,anna_2797,9,4,0.444444444,1,1
Instagram,1,200,0,403,720,0.558945908,1856,200,,,0.445041075,13,,148,,,1,acc_xgds961d,12,3,0.25,1,1
Instagram,1,102,0,402,694,0.578417266,3430,196,0.057126202,0.482872814,0.924345368,165,148,115,1,0,0,diego.2879,10,4,0.4,1,0
X,,222,0,438,667,0.655688623,2079,182,0.0875,,0.65820399,399,168,19,0,1,1,bot_yxmzu,9,0,0,1,0
Instagram,1,185,1,380,708,0.53596615,2007,170,0.084661355,0.291310821,0.729886507,361,,122,0,0,0,kwame,5,0,0,0,0
X,1,,0,406,698,0.580829757,1689,186,0.110059172,0.873816626,,444,83,131,0,,0,ahmed,5,0,0,0,0
Instagram,0,183,0,391,,0.580980684,,194,0.043762689,0.100330428,0.090693424,,7,35,,0,0,valentina.8010,14,4,0.285714286,1,0
Instagram,1,238,0,,712,0.607293128,570,216,0.378283713,0.601917678,0.581536559,330,106,97,0,0,0,rahul.5364,10,4,0.4,1,0
X,0,161,0,405,,0.579399142,4695,201,0.042802385,0.648325217,0.375915193,480,116,76,1,0,0,alex,4,0,0,0,0
Instagram,,,1,437,705,0.61898017,1147,206,0.179442509,0.772230127,0.139159164,334,8,125,1,0,0,kojo.979,8,3,0.375,1,0
X,0,30,0,461,749,0.614666667,3775,206,0.054555085,0.503022213,0.202709558,111,145,38,0,1,0,arjun_177,9,3,0.333333333,1,1
Instagram,,51,0,377,,0.559347181,865,169,0.195150115,0.197226287,0.781160474,233,30,70,0,0,0,martin9353,10,4,0.4,0,0
Instagram,1,88,1,402,666,0.602698651,4901,202,0.04120767,0.368997613,0.161489105,201,34,105,,1,0,yumi700,7,3,0.428571429,0,1
Facebook,1,75,1,426,710,0.599156118,4410,179,0.040580367,0.272161516,0.312418607,322,157,,1,,0,suresh,6,0,0,0,0
Facebook,1,128,1,429,706,,28,,6.448275862,0.419105516,0.284873338,138,17,54,0,1,0,valentina.7613,14,4,0.285714286,1,0
X,,182,0,420,708,0.592383639,1030,192,0.186226964,0.529968308,,266,168,117,1,1,0,amina6028,9,4,0.444444444,0,0
Facebook,1,21,1,372,708,0.524682652,1997,,0.091591592,0.625070291,0.462158449,271,23,93,0,0,1,zwwuh7750,9,4,0.444444444,0,2
X,1,39,0,398,712,0.558204769,,,0.159344751,0.845121945,0.765929842,165,85,97,,1,0,dmitri,6,0,0,0,0
,,100,1,384,718,0.534075104,1249,200,0.16,,0.022152633,413,47,8,1,0,1,bweeu8624,9,4,0.444444444,0,1
Instagram,0,110,0,401,,0.572857143,,209,0.097754911,0.462581285,,168,141,139,0,0,0,zuri.2531,9,4,0.444444444,1,0
X,1,,1,396,685,,2088,,0.090473911,0.088671437,0.72018668,256,146,68,1,1,0,maria,5,0,0,0,0
X,,64,,401,716,0.559274756,,203,0.297653959,0.79706519,0.593580991,123,59,82,1,1,1,acc_qh3q0azj,12,2,0.166666667,1,1
Instagram,0,248,1,413,657,0.627659574,375,,0.505319149,0.477157725,0.715247614,,92,,0,0,1,acc_8rt5bjjr,12,2,0.166666667,1,2
X,0,190,0,404,724,0.557241379,3370,182,0.053989914,0.546446601,0.230103955,369,21,,0,0,0,dmitri8776,10,4,0.4,0,1
X,0,233,0,436,689,0.631884058,3046,196,0.064325566,0.59579414,0.803768783,248,29,21,1,0,0,yumi5969,8,4,0.5,0,0
Facebook,1,181,0,398,659,0.603030303,2338,219,0.093629756,0.667867759,0.47987106,236,,112,0,1,1,bot_7nedu,9,1,0.111111111,1,0
X,,169,,381,731,0.520491803,,201,0.249070632,0.89010086,0.610301974,,20,146,1,0,1,mgcretslw6,10,1,0.1,0,0
,,148,0,425,710,,3040,208,0.068398553,0.952146195,0.092153417,,153,107,1,1,0,binta,5,0,0,0,0
Facebook,0,78,0,398,728,0.545953361,279,,0.642857143,0.940169319,0.205031583,18,99,59,0,0,0,ayanda_3870,11,4,0.363636364,1,0
Facebook,,208,0,422,702,0.600284495,1406,206,0.146410803,0.809463652,0.773357882,123,11,43,0,0,0,rahul.1754,10,4,0.4,1,0
Instagram,0,21,0,386,731,0.527322404,788,185,0.234474018,0.889242254,0.223908441,225,134,42,0,1,0,suresh_1867,11,4,0.363636364,1,0
Instagram,0,,1,399,,0.554166667,1333,229,0.171664168,0.049654769,0.092529828,442,102,149,,0,0,nikolai.9129,12,4,0.333333333,1,0
Facebook,0,98,0,427,682,0.625183016,4373,217,,,0.597203282,99,34,54,0,1,0,martin7682,10,4,0.4,0,0
X,0,236,0,397,736,0.538670285,3148,212,0.06732296,,0.547936516,323,,10,0,0,0,michael.9770,12,4,0.333333333,1,1
Facebook,1,207,1,415,678,0.611192931,2346,215,0.091606306,0.746193908,0.607893929,393,129,54,1,1,1,acc_zg0src9w,12,2,0.166666667,1,1
Instagram,,7,0,367,731,0.50136612,3450,204,0.0591133,0.169363622,0.618305496,16,19,128,1,1,0,dmitri,6,0,0,0,0
,1,189,1,,,0.523056653,433,190,0.437788018,0.360110446,0.500197346,247,46,148,,1,0,amina.385,9,3,0.333333333,1,0
Instagram,0,174,,407,655,0.620426829,1010,200,0.197823937,0.184183679,0.493773921,79,83,7,0,,1,user_244223,11,6,0.545454545,1,2
Facebook,0,,1,382,711,0.536516854,3850,194,0.050376526,0.443461637,0.924165565,84,11,147,,1,1,bot_yge0p,9,1,0.111111111,1,0
X,0,16,1,387,721,,317,194,,0.411747444,0.533881725,347,52,,0,1,0,tao_2043,8,4,0.5,1,0
Facebook,0,245,0,395,699,0.564285714,4217,222,0.052631579,0.048062844,0.617300202,455,16,78,1,0,0,jose_3861,9,4,0.444444444,1,0
Facebook,1,89,1,441,670,0.657228018,1366,195,0.142648135,0.830497945,,28,17,64,,1,0,emily.607,9,3,0.333333333,1,0
Instagram,0,140,0,363,670,0.540983607,4400,205,0.046580323,0.854186496,,133,103,59,0,1,0,ali,3,0,0,0,0
Instagram,0,144,,387,646,,936,227,0.24226254,,0.024368093,477,151,94,0,0,0,yuki,4,0,0,0,0
Instagram,1,165,0,,755,0.509259259,3519,,0.065909091,,0.557226762,193,71,,1,0,0,hans2564,8,4,0.5,0,0
Facebook,,80,0,400,676,0.59084195,3788,204,0.053840063,0.750879035,0.383850295,118,164,127,1,1,0,ethan9718,9,4,0.444444444,0,0
X,,239,1,405,698,0.579399142,,221,0.079783394,0.937484445,0.603904196,377,104,121,1,0,0,omar,4,0,0,0,0
Instagram,1,77,0,397,713,0.556022409,496,207,,0.57639225,0.36017205,366,157,30,0,,0,jose.6485,9,4,0.444444444,1,0
Instagram,1,172,1,390,688,,3593,,0.050918197,0.582642547,0.717687912,190,83,84,0,,0,maria,5,0,0,0,0
Facebook,1,5,1,389,655,,2233,219,0.098030439,0.859909908,0.020331443,414,,86,1,0,0,ashley,6,0,0,0,0
Instagram,0,162,0,394,723,0.544198895,4019,181,0.045024876,0.349415547,0.405889439,152,150,125,1,,0,alex1054,8,4,0.5,0,0
X,,109,0,400,716,0.557880056,2936,204,0.069458631,0.050082354,0.8312636,342,36,80,1,1,0,sofia,5,0,0,0,0
,0,13,0,407,712,0.570827489,4809,,0.03950104,0.749855395,0.250200718,490,,21,0,0,1,bot_fcy17,9,2,0.222222222,1,0
Instagram,1,238,0,397,,,4446,197,0.044299528,0.254589179,0.052750878,404,96,55,,1,0,ethan,5,0,0,0,0
Instagram,0,71,1,420,712,0.589060309,2368,184,0.077669903,0.474235812,0.496524075,271,151,85,1,1,1,acc_qrmzprzl,12,0,0,1,1
Facebook,1,188,0,412,749,0.549333333,2585,,,0.240439836,0.976533461,131,99,122,1,,1,n6qb833z32,10,6,0.6,0,1
X,,142,1,395,683,0.57748538,906,225,0.248070562,0.827090852,0.064158562,362,,110,0,,0,yusuf.3463,10,4,0.4,1,0
X,0,53,0,379,701,0.53988604,,,0.065035615,0.958292965,0.070056493,,49,7,1,0,0,mina.3793,9,4,0.444444444,1,0
Instagram,,26,0,383,688,0.555878084,1828,186,0.101694915,,0.595116565,7,147,61,1,1,0,martin,6,0,0,0,0
Facebook,0,,0,383,,0.514784946,3723,208,0.055853921,0.233371631,0.250067713,133,46,77,1,,0,michael,7,0,0,0,0
X,1,240,0,419,723,0.578729282,2581,197,0.076297444,0.189562124,0.410231234,380,,21,,0,1,u8foa2n50s,10,4,0.4,0,0
X,1,158,,405,740,0.546558704,4598,,0.046314416,0.673203513,,,,14,0,0,0,chen948,7,3,0.428571429,0,0
Facebook,0,,,422,697,0.604584527,1516,213,0.140408701,,0.198848684,308,25,,0,1,0,nikolai,7,0,0,0,0
Facebook,,247,0,,723,0.57320442,4623,206,0.044550173,,0.719299937,374,119,30,0,,0,rahul_806,9,3,0.333333333,1,0
X,,162,1,398,731,0.543715847,4807,190,0.039517471,0.157079084,0.504485513,191,,,1,1,0,satish.9135,11,4,0.363636364,1,0
X,,59,1,400,723,0.552486188,,180,0.059900166,,0.904957692,90,42,68,1,0,0,sakura,6,0,0,0,0
Facebook,1,,0,405,683,0.592105263,112,187,1.654867257,0.303228281,0.972962,434,46,108,0,,0,binta,5,0,0,0,0
X,0,196,0,387,696,,1673,,0.133213859,0.611190915,0.484960786,248,84,,1,0,0,emily156,8,3,0.375,0,0
Instagram,1,213,1,373,703,,2303,209,0.090711806,0.217238229,0.584647059,,,,0,1,1,acc_1147rvyk,12,4,0.333333333,1,2
Instagram,0,57,,414,672,0.615156018,1651,178,0.107748184,0.614811341,0.745842541,251,127,68,,0,0,rahul8754,9,4,0.444444444,0,0
Facebook,0,48,1,410,692,0.591630592,4396,203,0.046167842,0.377745192,0.318674142,483,159,70,1,0,0,fatima,6,0,0,0,0
Facebook,,150,1,,711,0.523876404,2475,211,0.085218094,0.346294562,0.226740351,,6,63,1,0,0,arjun6325,9,4,0.444444444,0,0
Facebook,0,216,0,380,716,0.529986053,3996,208,0.052039029,0.305556634,0.964685172,215,31,,0,1,0,leo.1382,8,4,0.5,1,0
Instagram,0,161,0,393,698,0.56223176,1891,216,0.114164905,0.673833494,0.432615391,133,,70,0,0,0,mia1543,7,4,0.571428571,0,0
X,1,25,,417,,,307,206,0.668831169,0.562418405,0.001590827,445,64,85,,1,0,ivan_4051,9,4,0.444444444,1,0
Instagram,1,,,411,687,0.597383721,121,207,1.696721311,0.8517217,,106,57,,1,0,0,alex5105,8,4,0.5,0,0
X,1,4,1,421,678,0.620029455,,199,0.064131486,0.241610178,0.599664161,160,180,,,0,0,daniel,6,0,0,0,0
Instagram,,217,1,404,692,0.582972583,1278,198,0.154808444,0.040119579,0.168558563,257,91,116,0,0,0,ali.5345,8,4,0.5,1,0
X,1,19,0,395,683,0.57748538,1428,200,0.139958013,0.182023482,0.030139693,424,33,148,0,0,1,acc_dmracbn5,12,1,0.083333333,1,1
Instagram,1,133,1,396,,0.598187311,3103,214,0.068943299,0.343356364,0.291482431,15,89,3,1,1,0,chris5010,9,4,0.444444444,0,0
Facebook,0,197,,411,639,0.6421875,1186,188,0.158382477,0.17965499,0.927887095,,196,54,0,1,0,rahul9180,9,4,0.444444444,0,0
Instagram,0,,0,368,720,0.510402219,1456,,0.147563487,,0.93349117,374,183,,1,1,0,mateo1727,9,4,0.444444444,0,0
X,1,191,0,364,690,0.526772793,1180,201,0.17019475,0.445338473,0.311003486,58,,58,0,0,1,acc_5qbwxv41,12,3,0.25,1,1
Instagram,1,241,1,,730,0.549931601,1347,,0.143916914,0.676933664,0.835930993,8,159,93,1,1,0,carlos3291,10,4,0.4,0,0
Instagram,0,145,1,375,648,0.577812018,629,189,0.3,0.751570767,0.441845323,498,97,,,1,0,nikolai,7,0,0,0,0
Instagram,0,131,,365,764,0.477124183,1215,213,0.175164474,0.398727325,0.654344749,196,49,4,0,1,1,acc_u5o9r2un,12,3,0.25,1,1
Facebook,0,16,1,,702,0.587482219,1962,190,0.096790627,,0.334443876,116,23,82,0,1,1,acc_jcz5x6ox,12,2,0.166666667,1,1
Instagram,,248,1,397,707,0.560734463,2996,194,0.064731398,0.755470493,0.515972596,,173,,0,0,1,bot_iuv94,9,2,0.222222222,1,0
Facebook,1,13,0,341,693,0.491354467,4613,198,0.042912874,0.35270783,0.293779447,349,130,126,0,0,0,nikolai2564,11,4,0.363636364,0,0
Facebook,1,205,,385,716,0.536959554,4941,209,0.042290571,0.784766211,0.061114362,6,113,36,0,1,0,yuki_6040,9,4,0.444444444,1,0
Instagram,0,,0,415,673,0.615727003,1548,218,0.140735959,0.967376066,,348,9,26,,,1,vxgjk5966,9,4,0.444444444,0,1
Instagram,0,134,0,394,689,0.571014493,4916,181,0.036811064,0.880480623,0.290674494,193,,12,1,0,1,acc_idckpwtj,12,0,0,1,1
Instagram,1,127,0,418,718,0.581363004,2859,,0.074825175,0.453595337,0.976253784,403,97,,1,1,0,tao.4936,8,4,0.5,1,0
X,,43,0,414,707,0.584745763,762,193,,0.579518495,,,51,64,1,1,0,noah.3172,9,4,0.444444444,1,0
Instagram,0,118,1,414,716,0.577405858,2367,199,0.084037162,0.716426387,0.827663342,62,49,,0,1,0,lucas,5,0,0,0,0
,,142,1,435,713,0.609243697,4207,205,0.04871673,0.349300442,0.232506051,3,109,14,1,,1,user_396992,11,6,0.545454545,1,1
Instagram,0,18,0,401,681,0.58797654,1842,231,0.125339121,,0.441602141,283,57,132,1,0,0,sofia266,8,3,0.375,0,1
X,0,62,0,439,741,0.591644205,4903,240,0.048939641,0.436916995,0.439782838,327,179,14,1,0,0,tariq.6381,10,4,0.4,1,0
Instagram,1,234,1,374,716,,1497,199,0.132843792,0.846841558,0.386973245,249,12,0,,1,0,chris_1349,10,4,0.4,1,0
X,0,238,1,374,,0.528248588,3920,,0.050497322,0.254733895,0.044880305,418,,14,0,1,0,noah3478,8,4,0.5,0,0
X,0,235,1,403,697,0.577363897,3089,197,0.063754045,0.011378056,0.534527374,129,58,47,0,1,0,omar,4,0,0,0,0
Instagram,0,162,,417,670,0.621460507,1244,210,0.168674699,0.632688396,0.072811992,424,166,71,0,,0,anastasia.983,13,3,0.230769231,1,0
,1,80,0,392,668,0.585949178,4583,216,,0.451889117,,411,52,,0,0,0,camila.363,10,3,0.3,1,0
X,1,162,1,399,687,0.57994186,4907,204,0.041564792,0.059823117,0.691307143,74,185,26,1,0,0,anna_4203,9,4,0.444444444,1,1
Instagram,0,146,0,373,708,0.526093089,,195,0.095354523,0.487612353,0.352737007,483,19,59,1,0,0,pablo_8970,10,4,0.4,1,0
Instagram,0,147,0,354,,0.536363636,3377,192,0.056838366,,0.647136382,328,190,,0,0,0,giulia.9413,11,4,0.363636364,1,0
Facebook,0,99,0,397,689,0.575362319,517,187,0.361003861,0.629749163,0.233037007,357,95,,1,0,0,emily4004,9,4,0.444444444,0,1
X,1,162,1,404,684,0.589781022,835,208,0.248803828,0.445045578,0.265250065,384,9,80,1,1,0,omar.7862,9,4,0.444444444,1,0
X,1,159,1,418,702,0.594594595,624,232,0.3712,0.171124752,0.314133517,253,153,34,1,0,0,tao_9646,8,4,0.5,1,0
Instagram,1,121,0,405,,0.561719834,1048,218,0.207816969,0.411938947,0.7970116,410,146,120,1,1,0,michael_5168,12,4,0.333333333,1,0
Instagram,0,175,0,,686,,1565,203,0.12962963,0.232708808,0.210691347,,60,41,0,1,0,oliver,6,0,0,0,0
Facebook,1,43,0,,715,,3983,201,0.050451807,0.65309678,0.562781227,166,76,44,0,,0,yuki.6158,9,4,0.444444444,1,0
Facebook,0,103,0,400,692,0.577200577,497,176,0.353413655,0.295143374,0.200467114,200,117,51,1,0,1,user_319604,11,6,0.545454545,1,0
X,0,151,0,427,694,0.614388489,2430,198,0.081447964,0.82201735,0.285037425,167,161,28,0,0,0,ananya9834,10,4,0.4,0,0
X,0,60,1,393,,0.563037249,,195,,0.014163205,0.235481293,283,83,56,,0,1,acc_4y5bd12i,12,4,0.333333333,1,1
Instagram,1,124,0,396,723,0.546961326,,214,0.393382353,0.403417977,0.645004671,468,,18,0,0,0,ali_2708,8,4,0.5,1,0
X,0,144,,395,694,,916,186,0.202835333,0.617080456,0.526728944,347,17,7,,1,1,user_633466,11,6,0.545454545,1,2
,1,,,381,646,0.588871716,1802,210,0.116472546,0.022608284,0.721299146,492,120,134,0,0,1,synsm4270,9,4,0.444444444,0,0
Facebook,1,106,1,402,636,0.631083203,3083,,0.064850843,0.215841903,0.219943437,407,111,138,1,1,0,camila,6,0,0,0,0
Instagram,0,49,1,,709,,82,196,2.361445783,,0.009148536,337,71,65,0,1,0,max.1741,8,4,0.5,1,0
Facebook,0,64,0,385,719,0.534722222,1180,210,0.177815411,0.021844555,0.680509567,,143,82,1,1,0,valentina.7358,14,4,0.285714286,1,0
Facebook,1,98,1,416,,0.622754491,166,185,1.107784431,0.546690705,,55,103,27,1,0,0,valentina.3646,14,4,0.285714286,1,0
Facebook,0,31,1,419,701,0.596866097,2256,191,0.084625609,0.630868389,0.246305224,72,76,88,1,,1,acc_bia50y1k,12,3,0.25,1,1
Facebook,1,163,,410,712,0.575035063,2072,180,0.08683068,0.227522252,0.305686152,281,25,74,1,0,1,user_072446,11,6,0.545454545,1,1
Instagram,,140,1,440,701,0.626780627,807,191,0.236386139,0.543482727,,87,192,39,1,,1,rzgzf5521,9,4,0.444444444,0,1
Instagram,1,197,1,,701,0.547008547,2739,218,0.079562044,0.999126889,0.625891811,51,,129,0,1,0,layla,5,0,0,0,0
X,1,57,,416,698,,,,0.636636637,0.886919288,0.184265437,124,102,75,0,1,1,owrff8058,9,4,0.444444444,0,1
Facebook,1,127,0,,707,0.535310734,3591,208,0.057906459,0.058660832,0.597887811,261,154,75,1,0,1,40ks6mzzkk,10,3,0.3,0,2
X,1,141,1,411,698,0.587982833,1535,196,0.127604167,0.127882464,0.708147995,442,3,113,1,0,0,ivan.3337,9,4,0.444444444,1,1
Instagram,0,164,1,400,698,0.572246066,181,202,1.10989011,,0.388897203,372,50,94,0,,0,marco9224,9,4,0.444444444,0,1
Instagram,0,,0,404,714,,1317,181,0.137329287,0.245201115,0.245952914,267,130,53,1,0,1,acc_qia7iae5,12,2,0.166666667,1,1
Instagram,1,,0,,771,0.492227979,1107,,,0.080969237,0.678982773,62,86,144,0,0,0,haruto.7098,11,4,0.363636364,1,0
Instagram,1,238,0,385,702,0.547652916,1590,232,0.145820239,0.254554493,0.6108912,35,65,139,1,0,1,acc_w4vwsaxn,12,1,0.083333333,1,1
Instagram,0,,0,,746,0.535475234,2487,192,0.077170418,0.061178098,0.077912158,8,143,1,,0,0,max_5743,8,4,0.5,1,0
Instagram,0,39,1,362,668,0.541106129,,192,,0.529912442,,329,27,79,1,1,1,user_639086,11,6,0.545454545,1,0
Instagram,0,186,1,426,712,0.597475456,2241,201,0.089652096,0.490250104,0.488517933,322,43,64,1,0,0,suresh.7378,11,4,0.363636364,1,0
Facebook,0,207,1,,733,0.546321526,488,179,0.36605317,0.006326154,0.753368957,240,145,,1,1,0,mina.5848,9,4,0.444444444,1,0
X,0,219,1,380,761,0.498687664,,213,0.347471452,0.482516396,0.190717542,284,1,33,1,0,0,jose,4,0,0,0,0
Instagram,0,143,0,,712,0.541374474,3421,209,0.061075395,0.519805147,0.258216418,326,,44,1,0,1,bot_k4n0k,9,2,0.222222222,1,0
,,189,1,366,,0.560490046,3195,196,0.061326658,0.605703741,0.543312739,89,147,128,1,0,1,acc_m1ivbjis,12,1,0.083333333,1,1
Facebook,0,131,1,370,660,0.559757943,,238,0.170121515,0.970099724,0.481733528,263,55,99,0,,0,priya,5,0,0,0,0
X,0,172,0,388,703,0.551136364,,197,0.135116598,0.982692427,,298,119,51,1,0,0,yumi_8109,9,4,0.444444444,1,0
Instagram,1,89,1,399,733,0.54359673,2194,195,0.088838269,,0.746033314,204,103,,,1,1,acc_7vtbc8ro,12,2,0.166666667,1,1
X,0,27,1,408,715,0.569832402,,169,,0.845186698,,,150,97,,0,0,sakura,6,0,0,0,0
Instagram,,95,1,406,686,,1338,197,0.14712472,0.08516577,,210,117,75,0,0,1,bot_8qhwc,9,1,0.111111111,1,0
Facebook,,236,,393,688,0.570391872,4423,,0.048372514,0.531154622,,365,59,55,,0,0,zuri.5887,9,4,0.444444444,1,1
Facebook,,193,0,426,706,0.602545969,2201,199,0.090372389,0.678900059,0.728988295,277,198,,0,1,0,leo.9470,8,4,0.5,1,0
Facebook,0,,0,402,,0.552197802,4498,,0.045787953,,0.461528108,463,172,49,0,0,0,chris,5,0,0,0,0
Facebook,1,,0,377,716,0.525801953,,188,0.065528059,0.230720994,0.033767936,206,46,100,1,1,0,ali,3,0,0,0,0
X,0,245,0,413,718,0.574408901,4584,,0.035768811,0.062657986,0.234491554,321,,118,1,0,1,acc_xlle5rt4,12,2,0.166666667,1,2
,1,135,0,375,720,0.520110957,3883,191,0.049176107,0.386669285,0.025756392,,164,139,1,1,0,camila5254,10,4,0.4,0,0
,1,23,1,391,669,0.58358209,2115,189,0.089319471,,0.456874522,404,135,114,1,1,0,dmitri_4208,11,4,0.363636364,1,0
X,,14,1,426,697,,2137,201,0.094013096,0.991713074,0.325879761,93,132,72,0,,1,71wteod71a,10,4,0.4,0,0
Instagram,1,170,0,366,717,0.509749304,,219,2.7375,,0.98744956,198,22,55,1,1,0,tariq_3093,10,4,0.4,1,0
Facebook,0,158,0,398,699,0.568571429,378,193,0.509234828,0.91778991,0.868504117,350,104,49,1,0,0,kwame.2842,10,4,0.4,1,0
Instagram,1,200,,375,717,0.522284123,165,195,1.174698795,0.0682614,0.82567086,168,9,2,0,1,1,cjsmf3613,9,4,0.444444444,0,0
Facebook,1,230,1,,722,0.531120332,4845,207,0.042715642,0.930989274,0.501116549,296,,63,1,0,0,chris3953,9,4,0.444444444,0,0
X,0,44,,368,699,0.525714286,1721,203,0.117886179,0.832366768,0.807087499,432,26,53,1,1,0,michael3011,11,4,0.363636364,0,1
Instagram,,193,1,370,720,0.513176144,2985,186,0.06229069,0.020945353,,226,98,35,,1,1,xuypf3433,9,4,0.444444444,0,1
X,0,7,1,438,,0.660633484,155,228,1.461538462,0.298185374,0.560649468,3,0,,1,1,0,giulia.6152,11,4,0.363636364,1,0
Instagram,,70,1,407,,0.562932227,1147,207,0.180313589,0.050956654,0.392918061,97,70,118,,1,0,amina.8446,10,4,0.4,1,1
Facebook,0,247,1,438,715,0.611731844,1064,181,0.169953052,0.995505872,0.171341912,192,114,92,0,,0,noah2703,8,4,0.5,0,0
X,1,107,0,351,750,0.467376831,2217,,0.086564472,0.427844005,0.072613431,265,,140,1,0,1,sqo84mly2v,10,3,0.3,0,0
Instagram,1,114,1,,709,0.514084507,,185,0.065117916,0.66217352,0.558218383,349,138,131,1,1,0,diego9074,9,4,0.444444444,0,0
Facebook,1,102,1,410,705,0.580736544,1464,195,0.133105802,0.234190575,0.097639135,223,126,69,,0,0,jessica_1380,12,4,0.333333333,1,1
X,1,233,0,393,708,,,202,0.058179724,,0.718003097,66,115,101,0,,1,acc_mwk0ch21,12,3,0.25,1,1
X,1,124,1,384,706,0.543140028,,191,0.125823452,,0.921468479,137,155,10,1,,1,gqaqg4574,9,4,0.444444444,0,0
Instagram,1,56,1,420,744,0.563758389,3051,218,,0.260214607,0.16210611,328,33,109,0,1,0,anastasia.4728,14,4,0.285714286,1,0
Instagram,1,207,1,405,653,0.619266055,4424,178,0.040225989,0.314600096,0.470938579,400,170,60,0,1,0,chris,5,0,0,0,0
Instagram,0,226,0,383,679,,1527,194,0.126963351,0.462489165,0.738774593,238,155,131,1,0,0,ashley.7475,11,4,0.363636364,1,0
Facebook,0,29,1,,697,0.568767908,3611,,0.053709856,0.018532726,0.286839661,450,176,15,0,1,1,bot_lq8p9,9,2,0.222222222,1,0
Instagram,1,201,1,405,745,0.542895442,2393,204,,0.5978375,0.92076452,474,188,6,,0,0,yumi7848,8,4,0.5,0,0
X,1,229,,388,679,,789,187,0.236708861,0.031665797,0.888465559,308,164,,1,0,0,mia,3,0,0,0,0
X,0,145,0,410,711,0.575842697,2549,213,0.083529412,0.539202488,0.103754356,418,130,63,,0,1,bot_pug4j,9,1,0.111111111,1,0
Instagram,0,113,1,398,,,4658,178,0.038205624,0.457884902,0.027399772,3,8,127,0,0,1,bot_16yzp,9,2,0.222222222,1,0
Instagram,0,196,,380,762,0.498034076,4609,209,0.045336226,0.242547058,,323,88,5,1,0,0,priya,5,0,0,0,0
X,0,116,0,425,674,0.62962963,516,205,0.396518375,0.329768017,0.956475025,368,,119,0,0,1,bot_dh8ad,9,1,0.111111111,1,0
Facebook,1,220,1,363,707,0.512711864,3063,209,0.068211488,0.705659811,0.422285604,351,22,47,0,,0,kiran,5,0,0,0,0
Instagram,,166,0,405,683,0.592105263,4763,193,,0.00959752,0.050563324,101,178,68,0,0,1,xyyji7362,9,4,0.444444444,0,1
Instagram,1,59,1,416,744,0.558389262,1568,187,,0.316647138,0.618875553,394,144,120,1,0,0,tariq2842,9,4,0.444444444,0,0
X,1,97,0,431,695,0.619252874,1449,,,0.680297254,0.293410107,43,152,,,0,0,rahul.5348,10,4,0.4,1,0
Instagram,1,,1,382,713,0.535014006,967,196,0.202479339,0.152273865,0.936722987,118,154,,0,0,1,5kmkyybxca,10,1,0.1,0,1
Facebook,0,125,0,410,693,0.590778098,364,205,0.561643836,,0.794661925,187,19,109,0,0,0,dmitri4852,10,4,0.4,0,0
X,0,172,0,358,678,0.52724595,,176,1.614678899,0.168932928,0.649593784,230,72,,0,0,0,noah,4,0,0,0,0
,1,150,0,404,715,0.56424581,3095,211,0.068152455,0.154761877,0.284503848,492,163,108,0,1,1,mcvdf1128,9,4,0.444444444,0,1
X,1,196,0,401,,,623,215,0.344551282,0.772280096,0.701268579,453,155,132,0,1,1,acc_hp2xo083,12,4,0.333333333,1,1
Instagram,,93,0,380,,,4417,206,0.046627433,0.266525353,0.289168267,189,28,,1,,0,anastasia7689,13,4,0.307692308,0,0
Instagram,0,133,1,408,698,0.583690987,510,205,0.401174168,0.375769119,0.037630984,482,119,100,0,0,1,acc_4jiiw18x,12,3,0.25,1,2
Instagram,1,183,1,425,710,0.597749648,1065,193,0.181050657,0.730018066,0.508434588,109,169,,1,,0,camila_174,10,3,0.3,1,0
Facebook,0,121,0,432,711,0.606741573,3866,174,0.044996121,0.179519601,0.488684545,415,57,,1,0,0,ashley_5736,11,4,0.363636364,1,0
Facebook,1,237,,417,705,0.590651558,304,201,0.659016393,0.531737021,0.763005973,301,117,67,1,1,0,martin,6,0,0,0,0
X,1,107,,386,705,0.54674221,969,200,0.206185567,0.917819664,0.865673882,278,31,106,0,1,0,mia_3953,8,4,0.5,1,0
Instagram,,3,1,,690,0.597684515,1439,196,0.136111111,0.553826819,0.354468489,105,139,9,1,1,1,bot_mteq3,9,1,0.111111111,1,0
Instagram,0,92,1,,725,0.568870523,3522,219,0.062162929,,0.44947301,164,157,148,1,0,0,priya_9736,10,4,0.4,1,0
Facebook,0,150,1,440,769,0.571428571,3872,204,0.052672347,0.589697275,0.47040042,125,59,20,0,1,0,kwame.658,9,3,0.333333333,1,0
Instagram,1,5,1,412,720,,3501,198,0.056539121,0.0901534,0.324224084,345,138,123,0,1,0,michael,7,0,0,0,0
Facebook,0,31,0,448,699,,,175,0.079509314,0.28212454,0.743386924,97,100,112,1,0,1,bot_bjywl,9,0,0,1,0
Instagram,1,105,1,400,684,0.583941606,4355,174,0.039944904,0.849675105,0.522101185,,138,96,1,,0,priya,5,0,0,0,0
X,0,145,1,384,701,0.547008547,3902,,0.054317192,0.011069128,0.913955774,330,111,137,1,1,0,jessica5873,11,4,0.363636364,0,1
Instagram,0,14,,385,644,0.596899225,2271,,0.090228873,,0.650310772,369,110,81,0,0,0,emily.245,9,3,0.333333333,1,0
Instagram,0,,0,397,755,0.525132275,230,213,0.922077922,0.363364129,0.211896559,441,79,,0,0,0,michael.6886,12,4,0.333333333,1,1
Facebook,1,121,1,397,,0.564722617,2487,209,0.084003215,0.99939588,0.164808649,,98,92,0,1,0,fatima_7131,11,4,0.363636364,1,0
Instagram,0,95,1,388,691,0.560693642,150,,1.086092715,0.291863906,0.372384338,340,177,94,1,0,1,user_168696,11,6,0.545454545,1,0
Instagram,0,200,1,353,718,,910,185,0.203073546,0.157274619,0.34692654,,0,23,0,1,1,bot_8r55g,9,3,0.333333333,1,1
,,,,405,717,0.564066852,3529,197,0.055807365,0.549422133,0.407131825,343,88,123,0,0,0,oliver9685,10,4,0.4,0,0
X,1,201,1,378,718,0.525730181,978,199,0.203268641,0.519255022,0.18359107,142,112,139,0,1,1,4nkoe6lguh,10,2,0.2,0,0
X,1,211,0,415,670,0.618479881,635,196,0.308176101,0.449619588,0.97822267,194,,147,1,,1,acc_bi022wab,12,3,0.25,1,2
Facebook,1,5,,446,738,0.603518268,4718,218,0.046196228,0.946653752,,129,115,135,0,1,1,user_480590,11,6,0.545454545,1,0
Facebook,0,111,0,390,725,0.537190083,2191,217,0.09899635,0.280149371,,,31,77,1,0,0,dmitri_3636,11,4,0.363636364,1,0
Facebook,0,119,0,401,698,0.573676681,4150,182,0.043844857,,0.013069235,388,5,132,1,1,0,saif.2032,9,4,0.444444444,1,0
Facebook,0,122,0,372,706,0.526166902,4940,187,0.03784659,0.140256971,0.406961038,436,40,53,0,0,0,ali_649,7,3,0.428571429,1,0
Facebook,0,,1,417,,,3475,173,,0.697288018,0.309183399,428,163,35,0,0,0,mia.7535,8,4,0.5,1,0
X,0,,0,396,694,0.569784173,3781,181,0.047858276,0.321369471,0.382024638,103,166,,0,1,1,exuyd2064,9,4,0.444444444,0,0
X,1,105,0,382,,0.547277937,1866,218,0.116764863,0.802740293,0.498077345,92,86,130,1,0,1,ozfbz5013,9,4,0.444444444,0,0
,0,138,0,387,677,0.57079646,299,211,0.703333333,,0.600375002,296,,21,1,1,1,acc_pgbvyisf,12,0,0,1,1
Instagram,,42,0,385,,0.536211699,2740,214,0.078073696,0.043685242,0.583511345,446,56,7,1,0,0,amina_5649,10,4,0.4,1,0
Facebook,0,144,1,381,,,3726,213,0.057150523,0.99312189,0.63071367,479,138,125,1,0,0,noah.4731,9,4,0.444444444,1,0
Instagram,1,95,,408,746,0.546184739,3392,229,0.067491895,0.254104226,0.844547683,221,89,77,0,1,1,user_134285,11,6,0.545454545,1,0
Facebook,1,131,,396,685,,4541,198,0.043593131,0.420110357,0.886717156,199,130,6,0,0,1,gvsxy4390,9,4,0.444444444,0,0
Facebook,0,,1,399,675,0.590236686,98,215,2.171717172,0.777743354,0.737250301,287,47,67,1,1,0,ethan_4283,10,4,0.4,1,0
X,1,195,0,419,734,0.570068027,3198,,0.057830572,0.665331142,0.078942243,361,,61,1,0,1,bot_cwauo,9,0,0,1,0
Instagram,1,80,1,374,693,0.538904899,2106,214,0.101566208,0.778436921,0.961292392,257,6,146,1,1,1,acc_svzwn6w7,12,2,0.166666667,1,1
Instagram,1,40,,432,731,0.590163934,4273,199,0.046560599,0.466332016,0.947398086,9,43,106,1,0,0,sarah5792,9,4,0.444444444,0,0
X,1,210,1,425,738,0.575101488,4815,215,0.044642857,0.916067079,,170,60,23,0,0,0,max.3879,8,4,0.5,1,0
X,,132,1,401,702,0.570412518,3523,217,0.061577753,0.789940805,0.517439071,,181,133,0,,0,zuri_5164,9,4,0.444444444,1,0
X,1,159,1,425,679,0.625,4419,186,0.042081448,0.309227975,0.250618358,426,178,135,0,0,0,noah_3298,9,4,0.444444444,1,0
X,1,,0,384,696,0.550932568,846,,0.225501771,0.948480221,0.756351139,100,85,88,0,0,0,noah8641,8,4,0.5,0,0
Instagram,0,247,1,376,699,0.537142857,4186,169,0.040363028,0.961054193,0.877860179,109,47,106,1,1,1,jxppx2228,9,4,0.444444444,0,2
,0,197,1,380,694,0.54676259,4227,214,,0.415053556,0.665187601,,60,40,1,0,0,rahul.9482,10,4,0.4,1,0
Facebook,1,34,1,,694,0.624460432,,188,0.048416173,0.651960488,,322,96,109,0,1,0,sofia.8964,10,4,0.4,1,0
Facebook,0,21,0,370,733,,1053,201,,,0.193004705,243,167,130,0,0,0,ethan_5265,10,4,0.4,1,0
X,0,,1,393,707,0.555084746,3849,198,,0.817300717,0.357796523,22,130,,0,0,0,hans5027,8,4,0.5,0,0
X,1,211,1,396,717,0.551532033,3616,205,0.056676804,0.014123545,0.723136222,353,157,,0,1,1,user_886486,11,6,0.545454545,1,1
X,0,149,0,398,665,0.597597598,3158,184,0.05824628,0.629013633,0.016898739,465,,93,0,1,0,ahmed_8638,10,4,0.4,1,0
Facebook,1,111,0,377,655,0.574695122,2106,196,0.093023256,0.973699297,0.641264277,224,194,132,0,0,0,anna_5464,9,4,0.444444444,1,1
Facebook,1,246,,420,648,0.647149461,994,203,0.204020101,0.231347148,0.766670301,352,1,115,1,1,1,acc_xhf47pcg,12,2,0.166666667,1,1
Facebook,1,10,,419,712,0.587657784,3097,185,0.059715946,0.795608859,0.334704486,443,43,26,1,0,0,diego_901,9,3,0.333333333,1,0
,0,204,1,381,,0.551374819,190,203,1.062827225,0.534247621,0.076167769,464,167,143,0,0,0,valentina,9,0,0,0,0
Facebook,0,233,0,408,696,0.585365854,2124,201,0.094588235,0.221470211,,261,18,142,0,,0,alex_8359,9,4,0.444444444,1,0
Facebook,0,,0,418,740,0.564102564,2419,207,0.08553719,0.051037974,0.141836829,268,190,24,1,1,0,noah.8640,9,4,0.444444444,1,0
Facebook,0,136,0,419,730,0.573187415,4995,189,0.037830264,0.759921711,0.370801106,20,151,3,1,1,0,emily.1111,10,4,0.4,1,1
X,1,59,1,410,722,0.567081604,2899,204,,0.31647035,0.707254105,478,49,31,0,1,0,mateo2908,9,4,0.444444444,0,0
X,1,75,0,404,700,0.576319544,4602,204,0.044318922,0.375586028,0.816985988,,19,34,1,0,0,dmitri_6244,11,4,0.363636364,1,1
X,0,86,1,408,730,0.558139535,,213,0.108231707,0.485231053,0.862381918,119,56,29,1,0,1,bot_pssid,9,0,0,1,1
X,1,13,0,379,694,,4279,204,0.047663551,0.507194903,0.530417192,468,112,102,1,1,0,ayanda8020,10,4,0.4,0,0
Facebook,1,224,0,383,688,0.555878084,4250,,,0.206185577,0.475871696,480,49,111,1,0,0,binta_1686,10,4,0.4,1,0
Instagram,0,17,0,,676,0.579025111,3412,203,0.059478465,,0.848317277,411,,48,1,,0,leo,3,0,0,0,0
Facebook,1,112,1,393,711,0.551966292,3947,198,0.050151976,0.69253998,0.563077095,,104,93,1,0,0,satish,6,0,0,0,0
,0,232,,395,701,0.562678063,,200,0.190839695,0.142300924,0.578650728,197,185,82,1,1,1,acc_yi3jhx43,12,3,0.25,1,1
X,1,72,1,392,670,0.584202683,,198,0.076893204,0.53290954,0.433973368,135,158,129,1,0,0,max.2571,8,4,0.5,1,0
Facebook,0,22,1,439,683,0.641812865,606,194,0.319604613,0.609259348,0.372813972,76,,28,,0,1,sfwsx4636,9,4,0.444444444,0,0
X,,201,0,434,723,,1367,182,,0.186251543,0.480540857,353,106,117,1,1,0,michael.5602,12,4,0.333333333,1,0
Facebook,,82,1,402,710,0.565400844,2927,212,0.072404372,0.894462127,0.364847494,57,92,,0,0,0,sofia.252,9,3,0.333333333,1,0
X,0,124,0,412,769,,1959,211,,0.482825861,0.34354645,423,,101,,1,0,riya_8517,9,4,0.444444444,1,0
Instagram,0,174,1,391,718,0.543810848,1065,203,0.19043152,0.115028358,0.993664342,85,185,18,1,1,1,user_867192,11,6,0.545454545,1,0
Instagram,0,68,1,,699,0.588571429,518,188,0.362235067,0.334396178,0.336213494,0,137,66,0,0,0,chen_2998,9,4,0.444444444,1,1
Instagram,0,,0,390,692,,2455,182,0.074104235,0.476960448,0.256383748,76,62,85,0,0,0,martin_7172,11,4,0.363636364,1,0
,1,115,,430,699,0.614285714,4234,,0.045336482,0.010144153,0.35392409,448,163,17,1,0,0,suresh_7165,11,4,0.363636364,1,0
Instagram,1,214,1,407,678,0.599410898,3808,186,0.048831714,0.031909876,0.590781341,9,182,108,0,1,1,bot_3rxpx,9,1,0.111111111,1,0
Facebook,0,29,1,383,,0.571641791,2590,237,0.091470475,0.055520595,0.910990487,443,,112,1,0,0,mateo_6104,10,4,0.4,1,0
Instagram,1,24,0,,,0.596209913,2273,198,0.08707124,0.538135226,0.78786425,68,170,132,0,0,1,ygdec8648,9,4,0.444444444,0,0
Instagram,0,155,0,,677,0.598820059,2309,206,0.089177489,0.336088196,0.842241139,147,104,138,0,1,0,kojo,4,0,0,0,0
,,,0,,,0.585635359,1103,190,0.172101449,0.893104048,0.859008611,61,64,57,,0,0,daniel.9002,11,4,0.363636364,1,1
Facebook,,236,0,377,688,0.547169811,4793,206,,0.559233872,0.920528396,12,139,17,,0,0,olga,4,0,0,0,0
Instagram,1,247,0,378,734,0.514285714,811,185,0.227832512,0.759896329,0.235071233,185,,,0,0,0,john976,7,3,0.428571429,0,0
,0,111,1,,749,0.554666667,3764,,0.053917663,,0.458366031,164,151,92,1,0,0,layla_6615,10,4,0.4,1,1
Instagram,0,238,1,418,688,,4569,180,0.039387309,0.520320727,0.385197667,,129,149,0,0,0,jose_8799,9,4,0.444444444,1,1
Facebook,0,24,1,383,735,0.520380435,77,207,2.653846154,0.74472044,,258,174,55,0,0,1,h2ok9h2kuk,10,3,0.3,0,0
X,1,73,1,408,693,0.587896254,2310,208,0.090004327,,0.652283652,161,125,22,1,1,0,max_752,7,3,0.428571429,1,0
X,1,205,0,405,746,0.542168675,,230,0.223953262,,0.40180306,289,183,,0,0,0,camila3053,10,4,0.4,0,0
X,1,,0,401,679,0.589705882,2065,206,0.099709584,0.435804833,0.616330306,413,143,43,1,0,0,jose.5698,9,4,0.444444444,1,0
X,1,248,,398,678,0.586156112,4440,235,0.05291601,0.83850134,,420,161,,1,0,0,rahul8565,9,4,0.444444444,0,0
X,0,237,1,412,678,0.606774669,,190,0.069267226,0.563273558,,195,145,13,1,1,0,suresh6252,10,4,0.4,0,0
Instagram,0,57,0,386,663,0.581325301,,197,0.039854339,,0.353077178,33,28,136,1,,0,noah6802,8,4,0.5,0,0
X,0,,0,413,710,0.580872011,4000,191,0.047738065,0.179743152,0.803757056,159,181,74,0,,0,nikolai_4484,12,4,0.333333333,1,1
,,118,1,394,649,0.606153846,,187,0.057894737,0.495357842,0.601051036,,50,107,1,1,1,user_677528,11,6,0.545454545,1,1
X,0,126,1,383,665,0.575075075,4270,198,0.046359166,0.25240411,0.973997733,57,13,143,1,1,1,bot_gxtya,9,0,0,1,0
X,0,168,1,408,712,0.572230014,,219,0.061516854,0.955579878,,360,93,140,1,1,0,marco.3633,10,4,0.4,1,1
Facebook,1,24,0,393,692,0.567099567,846,176,0.207792208,0.490982085,0.485780608,407,57,35,0,0,0,ayanda8175,10,4,0.4,0,0
Instagram,1,77,0,,,0.574257426,693,,0.296829971,,0.242376335,264,,43,0,1,0,maria1052,9,4,0.444444444,0,0
X,0,98,1,394,699,0.562857143,4049,209,0.051604938,,0.673909111,296,136,99,1,,0,kojo5326,8,4,0.5,0,0
X,0,115,1,428,667,0.640718563,1333,177,0.132683658,,0.726646027,407,127,80,,,0,maria_8426,10,4,0.4,1,0
X,,47,0,375,645,0.580495356,3038,,,0.092162842,0.46417598,,36,13,0,1,0,yuki.3098,9,4,0.444444444,1,0
Instagram,1,,1,423,680,0.621145374,4333,214,0.049377019,0.893962225,,35,102,92,1,1,1,m008jb9okp,10,4,0.4,0,1
Facebook,1,9,0,425,643,0.659937888,1275,199,0.155956113,0.854351567,0.557238318,263,11,16,1,0,1,7zd0wxyndc,10,2,0.2,0,0
Instagram,1,98,1,380,688,0.551523948,1245,185,0.14847512,0.970861509,0.253829252,381,84,96,0,0,0,yuki693,7,3,0.428571429,0,0
,0,202,1,411,733,0.559945504,338,197,0.581120944,0.706465614,0.939998318,113,138,125,0,,0,luna_3990,9,4,0.444444444,1,1
X,0,10,,423,702,0.60170697,3295,183,0.055521845,,0.628884248,104,26,53,0,1,0,kwame,5,0,0,0,0
X,0,84,0,422,,0.607194245,,,0.662721893,0.923496638,0.291930962,92,87,125,,0,1,bot_z7d11,9,3,0.333333333,1,1
Instagram,0,148,0,429,673,0.636498516,1868,185,0.098983414,0.946393145,0.215730688,88,,129,1,1,0,max.8345,8,4,0.5,1,0
Instagram,0,213,1,441,668,0.659192825,4006,209,,0.877487843,,442,177,144,,0,0,camila.9414,11,4,0.363636364,1,0
Facebook,,172,0,383,738,0.51826793,495,192,0.387096774,0.861472844,0.70779328,162,97,22,0,0,1,acc_uzgajymr,12,0,0,1,1
,0,134,1,398,724,0.548965517,4643,,0.042635659,0.671703255,0.597132232,37,19,,0,1,0,ali.1382,8,4,0.5,1,0
Instagram,1,246,1,376,727,0.516483516,3887,198,0.050925926,0.001605947,0.614301025,91,140,11,1,1,1,i179kv0tn6,10,5,0.5,0,0
Facebook,0,208,0,387,746,0.518072289,161,184,,0.42951705,0.603869003,118,46,,0,0,0,satish_7595,11,4,0.363636364,1,0
Instagram,0,191,0,,724,0.59862069,2037,201,0.098626104,0.635662771,0.360103447,210,7,11,1,1,0,olga_6644,9,4,0.444444444,1,2
Facebook,0,125,0,392,706,0.554455446,,198,0.113597246,0.54712738,0.93741441,159,,56,1,1,0,sofia,5,0,0,0,0
Instagram,0,63,0,402,733,,1508,207,0.137176938,0.82112663,0.479278464,100,70,85,1,1,1,acc_q7ccbtp0,12,2,0.166666667,1,2
Instagram,0,1,1,407,753,0.539787798,3561,223,0.062605278,0.818902277,0.0203279,,63,17,0,0,1,ekjuu7879,9,4,0.444444444,0,1
,1,75,0,423,709,0.595774648,,202,0.146695715,0.598682009,0.348361342,178,43,102,0,0,1,bot_11nj8,9,3,0.333333333,1,1
,1,120,,438,661,0.66163142,1554,202,0.129903537,0.021994053,0.130282579,,11,82,1,0,0,binta_7415,10,4,0.4,1,0
Facebook,1,41,1,414,,0.571034483,2282,182,0.079719667,0.369329952,0.363383791,439,104,,0,0,1,user_414895,11,6,0.545454545,1,0
Facebook,0,209,1,389,661,0.587613293,1869,199,0.106417112,0.228816585,0.608262485,354,3,142,1,0,0,valentina7181,13,4,0.307692308,0,0
Instagram,0,53,1,,731,0.566939891,1602,203,0.126637555,0.338788109,,391,39,,1,0,0,tariq,5,0,0,0,0
Facebook,1,74,1,428,670,0.637853949,3828,214,0.055889266,0.617292655,,296,146,,0,0,1,acc_sop8g1pz,12,2,0.166666667,1,1
Facebook,0,,0,411,716,0.573221757,3481,196,0.056289489,0.066461903,0.610309118,373,,132,1,0,0,layla,5,0,0,0,0
Instagram,0,240,0,376,712,,1300,214,0.164488855,0.022242049,0.295371876,22,0,87,1,0,0,oliver,6,0,0,0,0
X,1,242,1,399,695,0.573275862,711,195,0.273876404,,0.311205174,437,118,7,0,0,0,yuki_9751,9,4,0.444444444,1,0
Instagram,,17,1,389,754,0.515231788,4168,223,0.053490046,0.793573832,0.465668177,487,140,146,1,1,0,sofia2697,9,4,0.444444444,0,0
Facebook,1,226,0,382,709,,2047,206,0.100585938,0.030698575,0.248091806,493,49,11,0,,0,anna410,7,3,0.428571429,0,1
Instagram,0,244,,439,750,0.584553928,2882,196,0.067984738,0.849048585,0.004341928,,180,71,0,0,0,mina_2070,9,4,0.444444444,1,0
X,1,186,0,,714,0.567832168,1818,173,0.095107202,0.383879633,0.026557448,31,169,135,1,1,0,alex2732,8,4,0.5,0,0
,0,89,0,425,704,0.602836879,2199,212,0.096363636,0.118235429,0.357740672,137,108,54,1,0,1,user_479126,11,6,0.545454545,1,0
Facebook,0,143,0,405,738,0.548037889,3333,185,0.055488902,0.567497729,,80,152,121,0,0,1,user_272629,11,6,0.545454545,1,0
,,5,1,397,728,,1104,206,0.186425339,0.952360561,0.022363675,,,92,1,1,0,daniel.518,10,3,0.3,1,0
Facebook,0,184,1,419,728,0.574759945,,199,0.062598301,,0.85926927,354,108,81,0,0,0,suresh,6,0,0,0,0
X,,107,1,412,,0.56207367,3595,224,,0.686634756,0.274137314,318,,46,1,1,0,yusuf2652,9,4,0.444444444,0,0
X,1,234,1,425,663,0.640060241,3475,198,0.056962025,0.816421287,0.503122577,194,188,107,,0,0,rahul.1127,10,4,0.4,1,1
,,174,0,401,700,0.572039943,,,0.040689226,0.799340122,0.179409084,291,80,34,1,0,0,yusuf6683,9,4,0.444444444,0,1
Instagram,1,238,1,398,663,0.59939759,2178,,0.087654888,0.073118729,0.046724972,,148,105,0,1,0,arjun_1120,10,4,0.4,1,1
,0,47,0,398,720,0.552011096,1195,218,,0.740995413,0.744866299,432,178,133,,0,0,amina_3518,10,4,0.4,1,0
Instagram,0,41,0,396,675,0.585798817,4502,207,0.045969354,0.949449566,0.124956855,45,75,136,1,1,0,olga.6329,9,4,0.444444444,1,0
Instagram,0,75,0,404,683,0.590643275,536,193,,0.700652234,0.025716902,26,79,39,0,0,0,valentina.7004,14,4,0.285714286,1,1
X,,187,0,380,699,0.542857143,1070,190,0.177404295,0.836442894,0.587230328,414,51,95,0,1,0,arjun.1777,10,4,0.4,1,1
Instagram,1,76,0,,691,,4370,220,,0.485549701,0.013467572,161,62,81,1,1,1,acc_4prozrea,12,1,0.083333333,1,1
X,0,131,0,,730,0.562243502,133,198,1.47761194,0.319069326,0.436285945,331,,36,1,0,1,acc_i9b0eo3q,12,3,0.25,1,1
X,1,230,0,378,695,0.543103448,264,219,0.826415094,0.676239223,0.288836048,100,181,139,1,0,0,jessica483,10,3,0.3,0,1
X,0,,1,392,664,0.589473684,4463,200,0.044802867,0.492199978,0.319417985,186,137,15,1,0,1,user_953800,11,6,0.545454545,1,1
Facebook,0,129,0,421,718,0.585535466,,217,0.105647517,,0.003899043,437,86,23,,,0,noah.8615,9,4,0.444444444,1,0
Facebook,0,,1,430,712,0.603085554,4947,196,0.039611964,0.974381969,0.96434608,472,110,144,1,1,1,5516io5cl1,10,6,0.6,0,1
Facebook,0,,,415,698,0.593705293,4090,210,0.051332193,0.819802068,0.516963102,193,58,114,1,0,1,user_917285,11,6,0.545454545,1,0
,1,154,0,407,674,0.602962963,2848,201,0.070551071,0.992679617,,157,7,94,0,1,0,dmitri,6,0,0,0,0
Facebook,1,26,0,400,706,0.565770863,358,201,0.559888579,0.348370598,0.666122485,,,3,1,1,0,jose9274,8,4,0.5,0,0
Facebook,1,,1,414,709,,4421,,0.044549977,0.895755379,0.797521791,456,132,49,0,1,0,amina5477,9,4,0.444444444,0,1
Instagram,1,71,1,447,728,0.613168724,751,218,,0.329933629,0.607909116,406,75,107,1,1,0,suresh_592,10,3,0.3,1,0
Facebook,0,6,1,406,,0.585014409,3251,198,0.060885609,0.118038075,0.762198105,8,169,101,,1,0,arjun,5,0,0,0,0
Facebook,1,,1,407,740,0.54925776,4352,208,0.047783138,0.621373695,,211,77,130,0,0,0,jessica_6736,12,4,0.333333333,1,1
X,1,110,0,413,744,0.554362416,2259,206,0.091150442,0.454988634,,,123,,1,0,0,ashley,6,0,0,0,0
,0,118,0,424,691,0.612716763,,197,0.216008772,0.921699233,0.823133907,384,11,11,0,1,1,5ctk7cy4w6,10,4,0.4,0,0
X,0,173,0,391,697,0.56017192,3811,236,0.061909759,0.492193888,0.865310524,311,23,65,1,0,1,jafo50gth5,10,3,0.3,0,0
X,0,62,1,400,681,0.586510264,584,200,0.341880342,0.927632579,0.13780667,166,44,92,0,1,0,chris8439,9,4,0.444444444,0,0
,0,231,0,403,667,0.603293413,3439,190,0.055232558,,,342,52,113,,1,0,binta,5,0,0,0,0
,1,123,1,394,683,0.576023392,577,191,0.330449827,0.830511836,0.68364243,273,180,17,0,0,0,diego_973,9,3,0.333333333,1,0
Facebook,1,11,0,,661,0.596676737,2577,207,0.080294802,0.759114268,0.083598737,,144,103,,1,0,ethan,5,0,0,0,0
X,0,140,1,359,739,0.485135135,1872,191,0.10197544,0.719978273,0.929596817,479,192,85,1,0,1,acc_uu40cbjl,12,2,0.166666667,1,2
X,0,42,0,392,,0.544444444,1153,214,0.185441941,0.355135855,0.520109773,110,,,0,0,0,luna,4,0,0,0,0
Instagram,0,16,0,409,695,0.587643678,4991,204,0.040865385,0.783759636,0.645457417,328,185,44,1,0,0,haruto.6772,11,4,0.363636364,1,1
Facebook,1,62,1,416,706,0.588401697,1784,215,0.120448179,0.483296579,0.178242748,202,36,142,,,0,max,3,0,0,0,0
Facebook,1,208,1,399,746,0.534136546,1094,190,0.173515982,,0.26443469,,,142,0,1,0,olga_1951,9,4,0.444444444,1,0
Facebook,0,119,1,387,714,,2100,,0.095668729,0.552227147,,64,,44,1,1,1,bot_z1tez,9,1,0.111111111,1,0
X,0,35,1,429,708,0.605077574,4533,197,0.043449493,0.157439705,0.263998722,202,197,99,,1,1,bot_7oafo,9,1,0.111111111,1,0
X,,212,1,398,737,0.539295393,2142,209,0.097526832,0.06455859,0.492396765,160,78,61,1,1,0,alex2397,8,4,0.5,0,0
X,0,7,,358,699,0.511428571,2134,186,0.087119438,0.366186651,0.833629599,413,167,83,0,1,0,suresh.1002,11,4,0.363636364,1,1
Instagram,0,68,1,,732,0.542974079,518,188,0.362235067,0.932788823,0.533723415,132,22,19,1,0,0,jose,4,0,0,0,0
,1,89,0,392,,0.604938272,742,195,0.262449529,0.529735021,0.244463598,177,,,0,1,1,smh0wdc55a,10,3,0.3,0,1
,0,207,,402,735,0.546195652,,201,0.081081081,,0.044621075,192,,,,0,1,yjsbh9308,9,4,0.444444444,0,0
Facebook,,35,0,419,,0.600286533,4959,184,,,0.621969836,265,127,107,0,,0,ashley,6,0,0,0,0
X,0,27,0,401,676,,2877,197,0.068450313,0.957905286,0.420159897,59,134,66,0,1,0,tariq1726,9,4,0.444444444,0,0
Instagram,,117,0,367,712,0.514726508,43,202,4.590909091,0.369455562,,204,36,46,0,0,1,user_505373,11,6,0.545454545,1,0
Instagram,1,92,1,432,753,0.572944297,3442,209,0.060702875,0.057050455,0.779759885,,143,117,1,1,0,amina_2324,10,4,0.4,1,0
X,1,174,1,386,,0.551428571,404,189,0.466666667,0.780668383,,71,37,53,,1,1,user_176944,11,6,0.545454545,1,1
Facebook,0,75,0,387,700,0.552068474,1327,231,0.173945783,0.705456508,0.012235023,155,98,,0,0,0,sofia.4853,10,4,0.4,1,0
Facebook,1,,0,402,,0.543978349,2217,,0.090171326,0.527534382,,172,167,136,0,0,0,kojo3107,8,4,0.5,0,0
Facebook,0,157,1,395,669,0.589552239,2150,171,0.079497908,0.326391243,0.194613311,307,28,94,1,1,0,dmitri,6,0,0,0,0
,0,150,1,415,,0.589488636,2394,183,0.076409186,0.188265148,,449,102,27,1,1,0,saif,4,0,0,0,0
Instagram,1,143,0,408,,0.595620438,,201,0.075791855,0.482276044,0.447421572,61,144,,0,0,0,mina,4,0,0,0,0
,0,,1,399,712,0.559607293,4538,185,0.040757876,0.666201409,0.571603851,372,147,,0,,1,rlfse5185,9,4,0.444444444,0,0
Instagram,0,201,1,,654,0.564885496,4346,,0.044398436,0.578886429,0.133443529,459,109,,0,0,0,ashley4347,10,4,0.4,0,0
Facebook,1,70,1,391,724,0.539310345,878,192,0.218430034,0.43749051,0.456891681,474,152,124,0,0,0,hans,4,0,0,0,0
X,1,236,0,,,0.587280108,1887,188,0.099576271,0.539694444,0.036944686,380,59,101,0,1,0,rahul_4465,10,4,0.4,1,1
Instagram,0,179,1,434,760,0.570302234,1304,197,0.150957854,0.10795493,0.040999348,204,165,1,0,0,0,noah,4,0,0,0,0
Instagram,1,123,0,401,705,0.567988669,1741,190,,0.695840104,0.657738131,59,62,130,1,1,0,ali9575,7,4,0.571428571,0,0
Facebook,1,124,0,419,,0.588483146,1113,201,0.18043088,0.734256044,0.951698373,,38,13,0,,0,michael,7,0,0,0,0
X,1,36,0,386,708,0.544428773,3877,199,,0.011452604,0.777392919,,125,98,0,0,1,bjqyt1626,9,4,0.444444444,0,0
X,1,28,,401,700,0.572039943,,,0.118947368,0.270519556,0.469155781,142,191,67,1,1,0,lucas.8578,10,4,0.4,1,0
Facebook,0,194,0,377,702,0.536273115,,192,0.771084337,0.09211686,0.05587074,350,82,46,1,1,0,anastasia_8170,14,4,0.285714286,1,0
Facebook,0,142,1,426,684,0.62189781,3261,190,0.058246475,,0.045020149,6,20,93,1,1,0,olga_5942,9,4,0.444444444,1,0
X,0,227,0,427,708,0.6022567,,,0.370826011,,0.157892261,294,31,,0,0,1,ir6blfux5y,10,2,0.2,0,0
Instagram,1,174,0,378,677,0.557522124,3810,173,0.045394909,0.465738094,0.975810504,,,47,1,0,1,acc_g0u8bw9l,12,3,0.25,1,1
X,1,173,0,398,741,0.53638814,1189,214,0.179831933,0.463001019,0.398661066,178,,76,0,1,1,owj2bvd0pp,10,2,0.2,0,1
Facebook,1,179,,419,672,0.622585438,2596,207,0.079707355,,0.843407292,,11,124,1,1,0,maria.6609,10,4,0.4,1,1
Instagram,,18,1,441,683,0.644736842,1354,220,0.162361624,0.659855638,0.705142439,6,120,112,1,0,0,marco2328,9,4,0.444444444,0,0
Instagram,1,204,1,381,691,0.550578035,,201,0.055617045,,0.605428659,139,110,9,,0,0,kwame1866,9,4,0.444444444,0,1
Facebook,1,105,1,371,722,0.513139696,981,220,0.224032587,0.448158828,0.947826112,13,78,134,,1,0,pablo,5,0,0,0,0
Facebook,1,20,1,381,682,0.557833089,4966,,0.038655124,0.774196841,0.230411571,33,91,115,1,1,0,maria.8883,10,4,0.4,1,1
Facebook,0,63,1,371,706,0.524752475,,187,1.1,0.423350067,0.454889662,,119,16,,1,0,jessica_9956,12,4,0.333333333,1,2
X,0,164,1,409,727,0.561813187,3165,,0.068856601,0.309533426,0.864722966,422,,21,,,0,amina,5,0,0,0,0
X,1,26,0,412,773,0.532299742,2672,196,0.073325851,0.991216077,0.551761308,239,79,58,0,0,0,anna,4,0,0,0,1
Instagram,1,54,0,372,687,0.540697674,379,194,0.510526316,0.935637135,0.24644514,328,150,43,0,0,1,acc_h154c674,12,6,0.5,1,1
,1,243,1,374,705,0.529745042,1933,185,,0.941560369,,319,14,10,0,1,0,layla,5,0,0,0,0
Instagram,0,28,0,415,734,0.56462585,194,189,0.969230769,0.13167253,0.752881001,96,100,41,0,0,0,mina7678,8,4,0.5,0,0
Instagram,,147,0,391,727,,264,195,0.735849057,0.234255257,0.012788894,267,,22,0,1,1,acc_74v99zyh,12,4,0.333333333,1,2
Instagram,,24,1,405,678,0.59646539,,195,0.132382892,0.442066958,0.914192077,125,131,117,1,0,0,amina7557,9,4,0.444444444,0,1
Instagram,1,69,0,,714,0.53986014,2016,177,0.08775409,0.832129258,0.018417988,33,34,,,0,1,acc_kfyzjibj,12,0,0,1,1
Facebook,0,62,0,418,714,0.584615385,4617,204,0.044174968,0.73682754,0.630989047,282,94,110,0,1,0,arjun,5,0,0,0,0
Instagram,0,163,1,411,725,0.566115702,1301,197,,0.849667395,0.604747961,405,188,53,1,0,0,dmitri,6,0,0,0,0
Facebook,0,129,0,404,713,0.565826331,3201,201,0.062773267,0.920763291,0.578411151,17,26,81,1,1,1,bot_3h7bc,9,2,0.222222222,1,0
Facebook,0,,1,386,754,0.511258278,3374,183,0.054222222,,0.474343051,429,124,118,0,0,1,7fcdbpbrll,10,1,0.1,0,1
X,1,223,1,426,714,0.595804196,574,181,0.314782609,0.26177001,0.852430333,427,160,108,0,0,1,bot_2g8y6,9,3,0.333333333,1,0
Facebook,0,15,0,403,734,0.54829932,1538,204,0.132553606,0.285445682,0.65933287,401,12,111,,0,0,pablo,5,0,0,0,0
X,0,,,396,,0.569784173,1384,189,0.136462094,0.352487682,0.781862281,292,,,1,1,0,michael5508,11,4,0.363636364,0,1
Facebook,1,196,0,420,762,,1381,188,0.136034732,0.303075367,0.115521806,390,171,,0,0,0,ali,3,0,0,0,0
Facebook,0,181,1,398,694,0.572661871,3538,187,0.052839785,0.24909895,0.049898637,67,1,106,0,0,0,tariq.1475,10,4,0.4,1,0
Facebook,0,99,1,406,679,0.597058824,3160,201,0.063587472,0.75248606,,236,165,26,0,1,1,lcahg2663,9,4,0.444444444,0,1
X,0,29,1,,689,0.620289855,1524,184,0.120655738,0.033991051,,79,36,114,1,,0,ahmed4990,9,4,0.444444444,0,1
X,1,44,,396,713,0.554621849,,213,,0.728393738,0.66700789,,186,73,1,0,1,acc_a4pskw1j,12,2,0.166666667,1,1
Instagram,0,18,0,395,673,0.586053412,4613,196,0.04247941,0.823563772,0.494021756,59,,91,1,1,0,priya.710,9,3,0.333333333,1,0
X,1,214,1,404,696,,3933,189,0.048042705,0.066044043,0.752252256,,119,84,0,0,0,valentina,9,0,0,0,0
X,1,33,0,422,698,0.603719599,3623,202,0.055739514,0.061847107,0.191730337,178,68,115,,0,0,jessica.6904,12,4,0.333333333,1,1
X,0,140,0,398,688,0.577648766,896,231,0.257525084,0.285463803,0.366963042,355,17,74,0,1,1,acc_q5oudo09,12,3,0.25,1,1
,0,170,1,430,677,0.634218289,3394,212,0.062444772,0.208306816,0.888497549,83,47,,,0,1,ufcyr6513,9,4,0.444444444,0,0
Instagram,0,61,,385,697,,465,183,0.392703863,0.581133674,0.935714546,94,,82,1,,1,bluso6834,9,4,0.444444444,0,0
X,0,,,420,682,0.614934114,1611,192,0.1191067,,0.921729155,307,65,137,,1,1,user_202292,11,6,0.545454545,1,1
Facebook,1,220,1,380,720,,613,203,0.330618893,0.634141996,0.818305044,251,176,14,1,0,1,acc_yboocht6,12,1,0.083333333,1,2
,0,99,0,417,712,0.584852735,3213,200,0.062227754,0.35734737,0.688235879,480,105,44,0,0,1,user_568582,11,6,0.545454545,1,0
X,0,21,1,414,712,,605,177,,0.498397835,0.913677894,332,57,81,0,,0,sofia.8755,10,4,0.4,1,1
,0,179,1,,672,0.585438336,621,221,0.355305466,0.63999083,0.714181592,,162,6,1,1,0,ashley_6103,11,4,0.363636364,1,0
Facebook,1,179,1,384,754,0.508609272,2603,182,0.069892473,0.119426269,,83,77,77,0,1,0,suresh,6,0,0,0,0
,0,,,388,708,0.547249647,2184,197,0.090160183,0.229511914,0.024788332,309,185,29,1,1,1,user_011398,11,6,0.545454545,1,1
Instagram,0,163,0,399,687,0.57994186,3801,182,0.047869542,0.890496154,0.921642086,424,6,117,1,,1,user_970660,11,6,0.545454545,1,1
Facebook,1,72,1,412,744,0.553020134,156,181,1.152866242,0.342326377,0.555740536,425,102,48,0,0,0,ananya_7223,11,4,0.363636364,1,1
,1,230,1,402,734,0.546938776,3354,212,0.06318927,0.801156382,0.111797752,485,108,,0,0,1,acc_nwm4rq3v,12,2,0.166666667,1,1
X,0,242,1,407,697,0.583094556,3912,208,0.053156146,0.250989752,0.21491127,149,8,80,0,1,1,user_667913,11,6,0.545454545,1,1
Facebook,0,146,0,,728,0.55829904,2918,196,0.067146283,0.041640352,0.852159284,38,68,29,0,1,0,max,3,0,0,0,0
,0,37,1,,754,0.504635762,3118,164,0.052580955,0.500400592,0.506116955,278,131,2,0,1,0,ali5,4,1,0.25,0,0
Facebook,0,69,1,432,712,0.605890603,2716,187,,0.892482044,0.982817723,303,159,,0,0,1,acc_vl93pxr5,12,3,0.25,1,1
X,0,,,,688,0.563134978,4340,216,0.04975812,0.819284549,0.11753111,112,132,29,0,0,0,ethan,5,0,0,0,0
X,,238,1,433,720,,,206,0.456762749,0.252939169,0.412503464,375,55,53,0,0,1,user_247771,11,6,0.545454545,1,1
Facebook,1,78,,421,727,0.578296703,4850,203,0.041847042,0.909935774,0.331874443,416,55,,0,0,0,nikolai.4597,12,4,0.333333333,1,0
X,0,184,0,416,695,,4502,203,,0.479715895,0.516135436,126,43,,0,1,1,ydyql6f30w,10,3,0.3,0,0
Instagram,,,1,437,727,0.600274725,3962,181,0.04567247,,0.633437819,40,71,99,0,,1,user_005456,11,6,0.545454545,1,1
Instagram,,8,,383,737,0.51897019,1070,219,0.204481793,0.02792462,0.661629469,157,140,84,1,0,1,izv9mj8y9p,10,3,0.3,0,0
Facebook,0,,0,379,704,0.537588652,4018,206,0.051256531,0.485113734,0.00129588,205,131,134,0,1,0,binta_6292,10,4,0.4,1,0
Facebook,0,131,0,402,629,0.638095238,4845,195,0.040239373,0.546322856,0.088960434,46,179,,0,1,1,acc_2x21j2sv,12,4,0.333333333,1,1
Facebook,0,49,1,387,655,0.589939024,,193,0.053715558,0.079912921,0.035063834,483,14,85,,0,1,user_826609,11,6,0.545454545,1,1
X,0,81,0,424,703,0.602272727,2820,209,0.074087203,0.922240654,0.864599146,184,119,62,1,0,0,ayanda,6,0,0,0,0
,0,4,0,407,682,0.595900439,2286,,0.10056843,0.718216828,,71,109,,0,0,1,user_625549,11,6,0.545454545,1,1
,1,147,0,,687,0.563953488,2036,,0.098183603,0.801282358,0.367063442,,81,137,1,1,0,lucas,5,0,0,0,0
X,0,86,1,395,698,0.56509299,1191,224,0.187919463,0.584023251,,238,,48,1,1,0,mia1009,7,4,0.571428571,0,1
Instagram,0,125,1,382,707,0.539548023,1400,203,0.144896502,0.663544076,0.849304397,61,0,120,0,1,0,rahul7314,9,4,0.444444444,0,0
Facebook,0,74,0,395,657,0.600303951,3741,189,0.05050775,0.38786023,0.014166261,341,192,,0,1,0,tao_3605,8,4,0.5,1,0
Facebook,1,164,0,405,705,0.573654391,2249,227,0.100888889,0.679297085,,56,138,33,0,,0,mateo_3678,10,4,0.4,1,0
,,21,1,365,687,0.530523256,2794,197,0.070483005,0.978182891,0.685163122,451,188,,1,0,1,eyrsx3664,9,4,0.444444444,0,1
Instagram,1,185,1,369,699,0.527142857,,224,0.308965517,,,242,92,9,1,0,0,saif.8363,9,4,0.444444444,1,0
,,,0,392,700,0.559201141,1442,199,0.137907138,0.341633723,0.642786421,482,87,8,1,0,1,acc_w60ii3a3,12,4,0.333333333,1,2
X,0,220,0,394,741,0.530997305,4821,187,0.038780589,0.285239122,0.261123468,327,83,95,,0,0,yumi989,7,3,0.428571429,0,0
X,1,43,1,417,718,0.579972184,87,203,,0.963345941,0.519864429,481,190,132,0,0,0,kiran.4190,10,4,0.4,1,0
Instagram,,33,1,435,682,0.636896047,4150,200,0.048181161,0.185002297,0.974980476,123,165,,1,0,0,anastasia.2323,14,4,0.285714286,1,0
X,0,76,0,399,706,0.564356436,1752,218,0.124358243,0.806196612,0.528076547,469,196,41,1,0,1,user_746045,11,6,0.545454545,1,0
X,1,41,1,394,707,,3421,197,0.057568673,0.465262292,0.37350763,,44,79,1,1,0,binta.3188,10,4,0.4,1,1
Instagram,1,136,0,416,700,0.593437946,4838,206,0.042570779,,0.383425555,254,,90,1,0,0,luna1968,8,4,0.5,0,0
,1,105,0,435,723,0.600828729,2484,224,0.090140845,0.747537788,,216,197,147,0,1,1,bot_nte76,9,2,0.222222222,1,0
Facebook,1,,0,400,700,0.570613409,3213,207,0.064405725,,0.718916527,,67,0,0,0,0,liwei_5324,10,4,0.4,1,0
Facebook,1,134,,385,735,0.523097826,3923,225,0.05733945,0.466295926,0.687172856,231,3,10,1,0,0,layla8733,9,4,0.444444444,0,1
Instagram,0,67,0,391,713,0.547619048,2490,178,0.071457246,,0.232054322,16,198,,0,1,0,anna.6850,9,4,0.444444444,1,1
,,,0,394,689,0.571014493,1487,195,,0.670406822,0.559484638,79,,78,1,1,1,bnfw1czxct,10,1,0.1,0,0
Facebook,1,233,1,434,,0.638235294,3528,203,0.057523378,0.058377284,0.356745199,495,96,103,1,0,0,kwame_8699,10,4,0.4,1,1
Facebook,1,221,1,398,650,0.611367127,73,,2.891891892,,0.240201526,175,136,47,0,0,1,m2w94vdek9,10,4,0.4,0,0
Instagram,0,158,,408,711,0.573033708,725,210,0.289256198,0.844826381,0.895552286,38,89,81,0,0,0,sofia,5,0,0,0,0
,1,127,0,369,,0.515363128,3755,192,0.051118211,0.442955187,0.383155809,,174,27,0,0,1,887rs63rnw,10,5,0.5,0,1
Instagram,0,162,1,397,732,0.541609823,2996,190,0.06339673,0.200975689,0.282787162,16,59,,1,0,1,u0etiu3yf0,10,3,0.3,0,0
,1,184,,389,689,0.563768116,4366,192,0.043966109,0.592584576,0.931720397,248,51,74,1,,1,user_882355,11,6,0.545454545,1,2
Instagram,1,84,1,432,720,,219,,0.795454545,,0.197346396,34,123,79,0,,0,amina_3191,10,4,0.4,1,0
Instagram,0,188,0,410,685,0.597667638,547,194,,0.410908327,0.745504785,288,85,35,0,1,1,zxixv2949,9,4,0.444444444,0,0
Instagram,1,158,0,372,697,0.532951289,3730,212,0.056821228,0.905417067,,487,160,86,0,0,0,sofia.2092,10,4,0.4,1,0
Instagram,0,82,0,371,676,0.548005908,1969,204,0.103553299,0.749457998,0.920484428,486,185,69,1,,0,layla.9495,10,4,0.4,1,0
,0,94,1,403,717,0.561281337,4517,206,0.045595396,0.151592871,0.832047138,145,96,106,1,1,0,alex.2788,9,4,0.444444444,1,1
X,0,,0,375,713,0.525210084,1260,210,0.166534496,0.57077465,0.705295218,413,47,105,0,1,1,acc_wobhqm2m,12,1,0.083333333,1,1
Facebook,1,31,1,408,646,0.630602782,2934,219,0.074616695,0.088743901,0.314571661,214,132,69,0,,1,user_137531,11,6,0.545454545,1,0
X,1,65,0,403,701,0.574074074,2510,,0.070091597,0.24465397,0.495569011,164,,9,1,0,1,rtsbiai1e9,10,2,0.2,0,0
X,1,186,1,392,719,0.544444444,4009,200,0.049875312,,0.944495761,110,168,4,0,0,0,rahul.724,9,3,0.333333333,1,0
Facebook,,115,0,383,676,,4073,198,0.048600884,,0.023202631,134,0,27,1,0,0,sakura6393,10,4,0.4,0,0
X,,137,0,434,663,0.653614458,4681,201,0.042930372,0.892106102,0.794331824,73,50,58,0,0,1,user_734546,11,6,0.545454545,1,0
Instagram,0,129,1,369,,0.5125,1563,205,0.131074169,0.165998966,0.25181035,463,143,136,1,1,0,riya2627,8,4,0.5,0,0
Instagram,1,193,1,,731,,2086,184,0.08816483,0.205341748,0.185016943,155,98,91,1,1,0,mina3444,8,4,0.5,0,1
,0,59,0,408,721,0.565096953,1790,204,,0.352824723,,214,99,61,0,,0,giulia887,9,3,0.333333333,0,1
Facebook,0,215,1,385,671,0.572916667,3670,196,0.053391446,0.366325642,0.059750991,353,159,88,0,0,0,yuki.481,8,3,0.375,1,0
Facebook,0,16,1,391,683,0.571637427,,185,0.074506645,0.74527727,0.991979824,273,102,106,1,0,0,martin.5249,11,4,0.363636364,1,0
Instagram,1,,0,419,693,,3431,204,0.059440559,0.599410562,0.869869143,430,46,37,0,,0,carlos.9099,11,4,0.363636364,1,1
X,0,143,1,,,0.552173913,,177,0.859223301,0.553249426,0.521055969,278,,120,0,0,0,kiran_5401,10,4,0.4,1,0
Instagram,0,15,0,377,714,,742,195,0.262449529,0.602375507,0.715103179,498,14,109,0,0,0,sofia_557,9,3,0.333333333,1,1
Facebook,0,45,0,392,,0.532608696,2889,198,0.068512111,0.732191373,0.556595363,147,153,143,1,0,1,eibrz4207,9,4,0.444444444,0,0
X,0,166,1,374,728,,,192,0.054919908,0.892816639,0.811578944,30,36,65,1,0,0,layla.3806,10,4,0.4,1,0
X,0,244,1,400,694,,4264,,0.044314185,0.414739956,0.844765192,13,182,,1,1,0,binta1124,9,4,0.444444444,0,1
Instagram,,158,,404,697,0.578796562,4738,190,0.040092847,0.802925943,0.232790428,22,129,45,0,0,1,6k5vvwppax,10,2,0.2,0,2
Facebook,1,106,0,,670,0.590163934,1106,193,0.174345077,,0.459747771,1,75,148,1,1,0,ahmed,5,0,0,0,0
Instagram,1,87,0,,724,0.517241379,1824,206,0.112876712,0.722078243,0.634847734,412,146,59,0,,1,bot_oi4j7,9,2,0.222222222,1,0
X,0,128,0,428,720,0.593619972,,,0.077010193,0.874823788,0.978440831,177,31,137,0,0,1,acc_086us0c1,12,5,0.416666667,1,1
Instagram,1,138,0,372,653,0.568807339,4198,190,0.045248869,0.032214822,0.682689379,328,196,145,1,0,0,leo_8178,8,4,0.5,1,0
Instagram,1,,0,406,692,0.585858586,89,198,,0.546629755,,58,54,89,1,1,0,john,4,0,0,0,0
Facebook,0,84,1,393,653,0.600917431,3382,,0.059710316,0.989380626,0.846112051,288,98,112,1,0,1,bot_tufnn,9,0,0,1,1
Facebook,0,3,1,361,,,4704,204,,0.496224415,0.582063064,175,55,,0,0,1,bot_p2iab,9,1,0.111111111,1,0
X,0,,,,704,0.513475177,3512,203,,0.864303683,0.89365536,171,28,65,0,0,0,ethan_7031,10,4,0.4,1,0
,,153,0,418,674,0.619259259,2207,180,0.081521739,0.185899852,,395,108,45,1,1,0,chris,5,0,0,0,0
Instagram,0,110,1,366,677,0.539823009,3186,190,0.059617195,0.60428709,0.37928353,82,83,117,0,0,0,ashley9439,10,4,0.4,0,0
Instagram,,49,0,388,742,,4382,,0.044946384,0.870305963,0.780965643,425,163,94,1,1,1,vme3vphu3w,10,2,0.2,0,0
X,0,139,0,385,,0.597826087,865,193,0.222863741,0.431533132,0.134543666,467,115,3,1,0,0,jessica_5051,12,4,0.333333333,1,1
,1,,1,414,679,0.608823529,55,206,3.678571429,0.486722059,0.305825217,484,70,2,1,0,1,acc_l2ba3n7u,12,3,0.25,1,1
Facebook,0,208,0,397,659,0.601515152,4672,211,,0.082017904,0.608572451,222,81,119,,1,0,noah2373,8,4,0.5,0,0
,0,,0,419,707,0.59180791,2081,206,0.098943324,0.042172092,0.420065599,34,52,73,1,1,0,fatima8379,10,4,0.4,0,0
Facebook,,,0,431,,0.612215909,558,195,0.348837209,0.4687083,0.94072371,296,84,105,1,1,0,anna2027,8,4,0.5,0,1
Instagram,1,91,0,404,716,0.563458856,4827,215,0.044531897,0.843475332,,468,85,95,1,0,0,dmitri.366,10,3,0.3,1,1
,1,223,0,389,688,,993,,0.190140845,0.931324272,0.502581309,,166,35,1,0,0,kojo,4,0,0,0,0
Facebook,1,64,0,352,684,0.513868613,4897,193,0.039403838,0.658653003,0.53906189,494,75,26,0,1,0,arjun.6322,10,4,0.4,1,1
Instagram,1,46,1,413,697,0.591690544,4292,191,0.044491032,,0.724627092,109,10,52,,,0,mateo3705,9,4,0.444444444,0,0
Facebook,1,219,0,376,697,0.538681948,448,223,,0.734854163,0.457264925,234,75,48,0,0,1,bot_1jdtg,9,1,0.111111111,1,0
X,0,180,0,379,719,0.526388889,1822,210,0.115194734,0.701485827,0.190098468,396,29,101,0,0,0,zuri7303,8,4,0.5,0,0
Facebook,1,105,0,377,704,0.534751773,3820,205,0.053650877,0.769033099,0.746969169,38,78,0,0,0,0,chris1271,9,4,0.444444444,0,0
X,0,,0,383,713,,2973,192,0.064559516,,0.737785889,218,199,61,0,0,1,acc_pdldrce0,12,1,0.083333333,1,1
Instagram,0,129,1,424,713,0.593837535,,200,2.150537634,0.457938103,0.244981103,216,106,98,0,0,1,acc_benbpkle,12,0,0,1,1
Facebook,1,105,1,367,698,0.525035765,608,191,,0.159143522,0.83291652,193,180,65,1,,1,user_251701,11,6,0.545454545,1,0
Instagram,0,23,0,405,737,0.548780488,1252,176,0.140462889,0.843815317,0.613649196,162,81,,1,0,1,1r43nid47t,10,5,0.5,0,0
X,1,,0,404,692,0.582972583,286,189,0.658536585,,0.23630161,115,135,43,0,0,0,jessica_8001,12,4,0.333333333,1,2
X,1,107,0,427,731,0.583333333,2922,179,0.061238454,0.267444121,0.652039144,327,19,1,1,0,0,ashley743,9,3,0.333333333,0,0
X,0,18,1,390,719,0.541666667,3307,190,,,0.233609526,160,11,58,0,1,1,acc_xbjhxc2a,12,1,0.083333333,1,1
Instagram,0,153,1,409,737,0.554200542,102,,1.932038835,0.971598113,0.265232954,88,66,13,0,1,1,hojpy5120,9,4,0.444444444,0,0
Instagram,1,202,1,398,757,0.525065963,3836,201,0.052384676,0.785972942,0.848009307,468,177,15,1,0,0,marco_2305,10,4,0.4,1,0
Instagram,,39,,378,703,,4236,203,0.047911258,0.368671225,,419,125,50,1,0,1,acc_5p4nxeb1,12,3,0.25,1,1
Instagram,0,49,0,364,696,0.522238164,4931,194,0.039334955,0.713948391,0.256882658,140,,99,1,1,0,anastasia4496,13,4,0.307692308,0,1
X,0,,1,389,745,0.521447721,,194,0.11547619,,0.928051037,311,53,27,1,0,0,jessica,7,0,0,0,1
X,0,74,1,,732,,3824,198,0.051764706,0.538883452,0.238798847,173,79,52,0,1,0,ali.1794,8,4,0.5,1,0
Facebook,0,236,0,411,700,0.586305278,535,179,0.333955224,0.461940196,0.117267366,200,123,,1,1,0,alex.8487,9,4,0.444444444,1,0
Facebook,,194,,401,721,0.555401662,16,210,12.35294118,0.552993272,0.058223878,354,181,115,0,1,0,ahmed_7407,10,4,0.4,1,0
Instagram,1,11,1,424,687,,561,183,0.325622776,0.311530041,0.242113241,301,73,,0,0,0,kwame_2467,10,4,0.4,1,0
X,1,194,,386,681,0.565982405,2926,198,0.067646054,0.907348811,0.385246541,355,146,10,1,1,1,bot_h6kkl,9,1,0.111111111,1,1
X,1,233,1,411,684,,2384,196,0.082180294,0.797281812,0.92754838,112,141,106,1,0,0,chris7773,9,4,0.444444444,0,1
,0,,1,,711,0.490168539,910,233,0.255762898,0.705484112,0.242158,366,179,44,1,1,0,diego_9633,10,4,0.4,1,1
Facebook,0,112,0,,714,0.545454545,1414,,0.151943463,0.589092081,0.365465345,427,149,84,0,1,1,user_120735,11,6,0.545454545,1,0
Facebook,1,181,,386,723,0.533149171,119,164,1.366666667,0.969474778,0.734155875,173,131,1,0,1,1,user_399733,11,6,0.545454545,1,2
X,1,193,1,380,693,0.547550432,4063,203,0.049950787,0.297705729,0.302074088,498,115,68,1,1,1,bot_feljh,9,0,0,1,0
,1,48,1,438,,0.628407461,3114,217,0.069662921,0.283135165,0.684368152,73,58,138,1,1,1,reuns9200,9,4,0.444444444,0,1
X,1,,1,,724,0.525517241,3061,187,0.061071195,0.242138333,0.432077819,324,161,,,0,1,p020autgng,10,3,0.3,0,0
Facebook,1,129,1,438,701,0.623931624,1492,225,0.150703282,0.741775989,,286,63,110,1,1,0,noah_8948,9,4,0.444444444,1,0
X,1,59,,418,744,0.561073826,2097,212,0.101048618,,0.734058901,124,127,91,,1,0,jessica9595,11,4,0.363636364,0,1
X,1,181,0,422,700,0.601997147,2255,200,0.088652482,0.597114176,0.027038833,23,17,,1,,0,jose_9885,9,4,0.444444444,1,1
Instagram,1,29,0,386,685,0.562682216,,189,0.366990291,0.65198371,0.292334825,,81,19,1,0,0,fatima781,9,3,0.333333333,0,0
Instagram,,83,0,421,696,,,156,0.126315789,,0.356181539,253,30,100,1,1,0,satish.5402,11,4,0.363636364,1,0
Facebook,0,165,1,384,,0.582701062,4133,,0.053217223,0.039757542,0.458218255,,,38,1,0,1,user_812885,11,6,0.545454545,1,1
X,1,27,1,,697,0.540114613,1480,197,0.133018231,0.253635844,,112,41,126,1,1,0,noah_4630,9,4,0.444444444,1,0
,0,24,0,390,698,0.557939914,,195,0.058191585,0.584303227,0.459404994,194,130,0,,1,0,luna.3791,9,4,0.444444444,1,0
Instagram,0,95,0,347,701,0.494301994,1541,213,0.138132296,,0.594324112,15,84,118,1,1,0,noah2494,8,4,0.5,0,0
Facebook,,124,1,428,670,,130,209,,0.777194978,0.595779078,440,182,128,1,0,1,user_344146,11,6,0.545454545,1,1
Instagram,1,9,0,395,707,,3717,193,0.051909629,0.179487364,0.37327165,488,9,3,0,1,0,ananya_5806,11,4,0.363636364,1,0
Instagram,0,187,1,392,709,,3744,193,0.051535381,,0.933971266,496,70,142,0,0,1,sskfe6359,9,4,0.444444444,0,1
Instagram,0,41,,385,679,0.566176471,1772,193,0.108855048,,0.955853831,211,21,133,1,1,0,giulia.4215,11,4,0.363636364,1,0
Instagram,1,39,0,396,723,0.546961326,4455,196,0.043985637,0.075589233,0.581850884,107,150,101,0,1,0,riya,4,0,0,0,0
X,0,224,0,405,691,0.585260116,3076,188,0.061098473,0.393311263,0.07169088,23,75,128,1,,0,michael3704,11,4,0.363636364,0,0
X,1,,0,385,658,0.584218513,506,197,0.388560158,0.094225657,0.491127564,,,,0,1,1,bot_48n14,9,4,0.444444444,1,0
Instagram,1,247,1,,634,0.604724409,4914,199,0.040488301,0.56404871,0.184419327,383,,132,0,1,0,daniel1420,10,4,0.4,0,0
Facebook,1,104,1,399,713,,4890,200,0.040891433,0.363336431,0.483214522,307,122,53,,0,1,loznu3072,9,4,0.444444444,0,0
Facebook,0,117,0,444,710,0.624472574,839,191,0.227380952,0.202493618,0.188483154,,,48,1,0,0,olga.4456,9,4,0.444444444,1,1
Facebook,0,41,1,,737,0.528455285,3872,228,,0.595167668,0.703855246,342,96,6,0,,0,camila_7306,11,4,0.363636364,1,0
Facebook,1,46,1,376,731,,4719,,0.043008475,0.36339179,0.08042912,118,94,99,,1,1,zg2eh6qac4,10,3,0.3,0,0
Instagram,0,,,416,693,0.599423631,2677,193,0.072068708,,0.953304076,180,50,2,1,0,1,cb5ajf97eh,10,3,0.3,0,0
X,0,245,0,402,717,0.559888579,97,182,1.857142857,0.700086413,0.195375889,,191,75,0,1,1,v5l8v4cfss,10,3,0.3,0,1
Facebook,0,207,1,,683,0.589181287,1964,,0.093129771,0.83680831,,37,82,122,,1,1,user_141422,11,6,0.545454545,1,1
Instagram,0,236,0,404,689,0.585507246,2867,,,0.273742571,0.916962351,385,95,78,1,0,1,acc_e0d8aarv,12,2,0.166666667,1,2
Facebook,0,21,0,410,712,0.575035063,4027,230,,0.186425046,0.247886314,232,89,148,1,0,1,acc_35d2x3zw,12,4,0.333333333,1,1
Facebook,0,184,1,402,668,0.600896861,,202,0.336666667,0.075251862,0.934296899,68,125,,1,1,1,acc_e46ktq87,12,4,0.333333333,1,1
Instagram,0,211,0,393,696,0.56384505,2982,193,0.064699966,0.527902125,0.388674666,81,12,11,0,0,1,bot_mmr82,9,2,0.222222222,1,1
X,1,241,1,428,,0.622998544,3964,228,0.057503153,0.8312937,0.960530817,117,156,103,1,0,1,bot_dts4l,9,1,0.111111111,1,0
X,0,106,0,438,,0.660633484,429,220,0.511627907,,0.971363858,308,198,110,0,0,0,oliver,6,0,0,0,0
Instagram,0,26,0,412,721,0.570637119,3782,206,0.054454137,0.460637772,0.188079905,49,174,6,1,1,1,acc_dtsevm3g,12,1,0.083333333,1,1
X,0,,1,398,728,0.545953361,1325,196,0.147812971,0.160803453,0.831087337,156,,94,0,1,0,priya5777,9,4,0.444444444,0,1
Instagram,0,79,0,379,695,0.54454023,2591,196,0.075617284,0.404200824,0.193421013,73,,64,1,0,1,acc_jofen32d,12,2,0.166666667,1,1
Instagram,0,161,0,409,714,0.572027972,,189,0.078228477,0.015445108,,489,117,44,1,0,1,cvi2mjy9d7,10,3,0.3,0,0
Instagram,0,159,,429,718,0.596662031,1768,201,0.113623516,0.910729068,0.084126504,182,150,33,0,1,0,alex_641,8,3,0.375,1,0
X,0,217,1,401,658,0.608497724,,212,,0.676571895,0.156536946,105,74,138,0,1,1,user_420647,11,6,0.545454545,1,0
Instagram,0,88,1,415,715,,,207,0.154362416,0.332813718,0.632218968,188,183,7,,1,0,lucas.8514,10,4,0.4,1,0
Facebook,1,65,0,406,,0.578347578,4095,199,0.048583984,0.88119826,0.44925273,305,,44,0,1,0,rahul.5344,10,4,0.4,1,1
X,0,11,0,440,709,0.61971831,4660,196,0.042051062,0.182929629,0.790944237,271,97,,0,,1,acc_iw3hwv1y,12,2,0.166666667,1,1
X,0,,0,404,718,0.561891516,,237,0.069603524,0.078733732,0.331996815,86,110,77,,,0,valentina_3904,14,4,0.285714286,1,0
X,0,72,1,415,723,0.57320442,2547,210,0.082417582,0.942621581,0.968624567,349,,44,0,1,1,taynm5743,9,4,0.444444444,0,0
X,,,1,398,712,,977,194,0.198364008,0.309016962,0.049872541,325,107,122,0,1,1,bmtaw8559,9,4,0.444444444,0,1
Facebook,1,89,0,398,721,0.551246537,,196,0.121287129,0.935973394,0.062935954,171,34,137,0,0,0,tariq,5,0,0,0,0
X,1,200,1,401,714,0.560839161,1585,202,0.127364439,0.637612919,0.701374899,,,42,0,1,0,liwei_1932,10,4,0.4,1,0
X,1,9,1,352,663,0.530120482,4062,182,0.044794487,,0.887538885,355,173,80,0,1,0,ayanda.8114,11,4,0.363636364,1,1
Instagram,1,95,1,394,,0.526737968,4652,184,,0.753429212,0.795500192,467,92,10,1,0,0,jose_4658,9,4,0.444444444,1,0
X,1,248,1,381,678,0.561119293,1271,227,0.178459119,0.105483867,0.489817088,143,197,145,,0,1,bot_phnl8,9,1,0.111111111,1,0
Facebook,,225,0,399,689,0.57826087,219,207,0.940909091,0.852228667,0.269641361,283,99,4,1,1,0,anna823,7,3,0.428571429,0,1
Facebook,1,175,1,371,724,0.511724138,,223,0.41682243,,0.013451529,184,180,30,0,1,0,oliver,6,0,0,0,0
Facebook,1,19,1,420,693,0.60518732,1496,212,0.141616566,0.692197606,0.509451454,153,158,15,0,1,0,haruto,6,0,0,0,0
Facebook,1,38,0,412,724,0.568275862,1374,217,0.157818182,0.500407449,,341,95,8,1,0,0,anna,4,0,0,0,1
X,1,59,,385,,0.538461538,,190,0.045882637,0.707725008,0.344245899,117,83,1,0,1,1,qxzddrptwy,10,0,0,0,1
X,1,,1,398,694,0.572661871,3824,190,0.049673203,0.764989533,0.578072788,266,149,36,0,0,0,ayanda6696,10,4,0.4,0,1
Facebook,1,64,1,425,650,0.652841782,3950,158,0.039989876,0.803665211,0.728814697,384,66,83,1,1,1,user_273338,11,6,0.545454545,1,1
Facebook,1,178,0,,686,0.604075691,65,,2.878787879,0.834980133,0.700888236,324,,57,1,1,0,mia4150,7,4,0.571428571,0,0
X,1,123,0,393,671,0.584821429,4342,188,0.04328805,,0.263252842,254,18,82,0,0,1,bot_59nso,9,2,0.222222222,1,0
Facebook,1,163,0,,,0.567226891,3143,202,0.064249364,0.412574427,0.585303689,240,30,105,1,0,0,leo,3,0,0,0,0
Instagram,1,151,1,371,713,0.519607843,1725,197,0.114136732,0.889228072,0.148774479,170,31,135,0,1,0,ali.7538,8,4,0.5,1,0
Facebook,0,,1,392,735,,2206,180,0.081558677,0.719580254,0.121601844,429,54,51,0,0,1,wqfnt5343,9,4,0.444444444,0,0
Facebook,1,154,0,435,709,0.612676056,2986,209,0.069969869,,0.785855836,104,,74,0,1,0,satish,6,0,0,0,0
Instagram,0,129,1,404,,0.605697151,,,0.053639847,0.989191353,0.693745902,489,158,,1,0,1,acc_ppbfwfol,12,0,0,1,2
Instagram,1,158,,,664,0.62556391,1049,222,0.211428571,0.116414742,0.767928901,35,,68,1,0,1,xhflh6627,9,4,0.444444444,0,1
X,1,56,1,407,686,0.592430859,3655,227,0.062089716,,0.152462274,65,50,124,0,1,0,satish,6,0,0,0,0
,0,77,0,,684,0.617518248,2873,216,0.075156576,0.806547021,0.914618589,184,121,33,0,0,0,kojo,4,0,0,0,0
Instagram,1,193,0,396,690,0.573082489,,,0.048625793,0.086303471,0.133111613,389,,96,1,1,1,bot_z70ui,9,2,0.222222222,1,0
Instagram,0,28,1,392,710,0.551336146,1005,230,0.228628231,0.540781065,0.870036968,189,154,12,0,0,0,anna_9797,9,4,0.444444444,1,1
X,0,14,1,373,687,0.542151163,2123,204,0.096045198,0.858397959,0.352379291,154,175,49,,0,0,hans_9863,9,4,0.444444444,1,0
Facebook,0,11,,356,,0.514450867,4575,227,,0.018991263,0.105434093,380,109,90,1,1,0,kojo.952,8,3,0.375,1,0
Instagram,1,100,1,364,711,0.511235955,3982,200,0.050213407,0.939518899,0.286768961,409,42,3,1,1,0,layla9744,9,4,0.444444444,0,1
X,1,,,368,684,0.537226277,4483,213,0.04750223,0.978144824,0.181448014,226,,63,,0,0,ananya.8042,11,4,0.363636364,1,0
Facebook,1,83,1,386,676,0.570162482,472,172,0.363636364,0.32228093,0.490669719,140,196,73,1,1,1,bot_aqzzd,9,0,0,1,1
Instagram,0,124,,427,647,0.658950617,3406,201,0.058996184,0.766791191,0.949745348,75,74,15,0,1,1,bot_qbl3i,9,1,0.111111111,1,0
Facebook,0,102,1,386,686,0.561863173,309,217,0.7,0.127176103,0.327871162,145,70,83,1,1,1,4haosubtgz,10,1,0.1,0,0
X,1,23,0,417,707,0.588983051,,178,0.060626703,,0.612098986,37,71,137,1,1,1,crpl4rccpk,10,1,0.1,0,1
,1,148,0,403,636,0.632653061,4797,201,0.041892455,0.481521681,0.891720876,489,177,108,1,0,0,hans_5789,9,4,0.444444444,1,0
Facebook,1,137,1,416,727,0.571428571,3048,221,0.072482781,0.860273079,0.63007393,261,188,,0,1,1,user_518463,11,6,0.545454545,1,0
Instagram,1,109,0,404,674,0.598518519,,196,0.101924077,0.212606427,0.362199141,125,102,43,1,0,0,jessica_265,11,3,0.272727273,1,1
Facebook,,77,0,,703,0.579545455,,195,0.064978341,0.672657953,0.990839127,91,40,85,1,,0,chen.6229,9,4,0.444444444,1,1
X,0,100,1,387,646,0.598145286,2018,199,0.098563645,0.786119174,0.187413601,283,,80,1,1,0,maria_9743,10,4,0.4,1,0
X,,,1,411,726,0.565337001,4882,226,,0.202492265,0.523256015,344,77,121,0,1,0,sofia5733,9,4,0.444444444,0,1
Instagram,,215,1,400,717,,1479,210,0.141891892,0.818287278,0.796705499,260,23,103,0,1,1,user_254681,11,6,0.545454545,1,0
Facebook,1,141,0,398,718,0.553546592,,200,0.084961767,0.957985501,0.00064887,442,29,132,0,0,1,pocbq7286,9,4,0.444444444,0,0
Instagram,0,161,1,,741,0.549865229,,193,0.045963325,0.6160786,0.702043252,462,51,119,1,1,0,liwei,5,0,0,0,0
Instagram,0,,1,402,,0.607250755,4871,208,0.042692939,0.784850417,0.266498897,,177,145,,1,0,kiran,5,0,0,0,0
Facebook,0,57,1,417,680,0.612334802,3460,200,0.057786767,0.532583859,0.169726723,107,56,,,0,1,nfszt6372,9,4,0.444444444,0,0
,0,75,1,398,692,0.574314574,3755,199,0.052981896,0.598103361,0.274194463,456,189,105,0,1,0,arjun,5,0,0,0,0
Facebook,0,149,0,353,665,0.53003003,1232,186,0.150851582,0.013352435,,44,78,126,1,1,0,tariq.7657,10,4,0.4,1,0
X,,247,1,394,688,0.571843251,3121,189,0.060538117,0.524287267,0.891935259,367,116,27,0,1,0,noah6489,8,4,0.5,0,0
,0,197,0,421,731,0.575136612,572,212,,0.57556375,0.213754456,436,180,,0,1,1,mworn2777,9,4,0.444444444,0,1
Instagram,1,35,1,439,721,0.608033241,3590,189,0.052631579,0.670047546,0.117026773,1,195,23,0,,1,04ekohrwtw,10,2,0.2,0,0
X,1,,0,,702,0.551920341,148,212,1.422818792,,0.364152605,,196,27,1,0,0,yuki.4166,9,4,0.444444444,1,1
Facebook,1,163,0,422,683,0.616959064,,198,,,0.59233648,200,30,145,,0,0,rahul,5,0,0,0,0
X,,21,0,384,719,0.533333333,,208,0.347826087,0.756004632,0.867144629,89,75,3,0,0,1,bot_dl60y,9,2,0.222222222,1,0
,1,,,400,,0.583941606,1071,214,0.199626866,0.16763882,0.966090125,214,29,103,,1,1,user_395660,11,6,0.545454545,1,1
X,0,,0,428,695,0.614942529,3746,,0.050974113,0.416026072,0.751153368,114,112,127,1,1,0,mina.3961,9,4,0.444444444,1,0
,0,79,1,432,683,0.631578947,4251,183,0.04303857,0.250490219,0.599007213,318,137,127,1,,1,bot_ehmyf,9,0,0,1,0
,1,188,,432,670,0.643815201,4326,192,0.044372544,0.545184104,0.142332026,,171,,0,1,0,anna.5333,9,4,0.444444444,1,2
Instagram,1,99,1,381,,0.525517241,,207,0.061369701,0.986870881,0.074028376,325,133,95,0,1,0,haruto3086,10,4,0.4,0,0
Instagram,1,183,1,396,675,0.585798817,,209,1.314465409,0.852037898,0.596026879,185,154,126,0,,1,5hw9hu9yi2,10,4,0.4,0,0
Instagram,0,,1,442,,0.613888889,923,191,0.206709957,,,259,19,92,0,0,0,kiran5569,9,4,0.444444444,0,1
Facebook,1,95,0,397,682,,3319,197,0.059337349,0.368611811,0.846088108,157,19,65,0,0,0,chris5592,9,4,0.444444444,0,1
Instagram,0,160,1,,691,0.576589595,2347,,0.089011925,,0.322605851,56,,57,1,,0,jessica,7,0,0,0,1
Instagram,1,172,0,418,717,0.582172702,4051,216,0.053307009,0.898294972,0.039690857,46,84,10,0,1,0,kiran5417,9,4,0.444444444,0,0
Facebook,0,163,,391,677,0.576696165,1247,204,0.163461538,,0.423708269,401,48,110,0,1,1,user_353361,11,6,0.545454545,1,1
Instagram,,147,0,,668,0.603886398,766,196,0.255541069,0.829271132,0.969182304,221,179,103,1,1,0,saif.3243,9,4,0.444444444,1,0
X,,17,0,405,653,0.619266055,3652,200,0.054749521,0.297607905,0.795574905,,9,64,1,,1,icjuf5819,9,4,0.444444444,0,0
X,1,37,0,388,724,0.535172414,2613,201,0.07689365,,0.033772174,107,4,,0,1,0,layla,5,0,0,0,0
Instagram,,194,0,385,,0.585106383,4563,219,0.047984224,,0.874678904,350,63,16,1,0,0,emily.7862,10,4,0.4,1,0
Facebook,0,150,0,402,776,0.517374517,3829,230,,0.998590191,0.47168949,299,185,113,1,0,0,priya,5,0,0,0,0
X,0,223,1,406,716,0.566248257,4582,190,0.041457561,0.76109647,,179,135,79,0,0,1,user_208714,11,6,0.545454545,1,0
Facebook,0,108,0,395,703,0.561079545,444,217,0.487640449,0.24173306,0.346739541,176,157,65,0,0,0,martin_837,10,3,0.3,1,0
,0,122,1,399,698,0.570815451,905,211,0.232891832,0.683794894,,486,16,,1,1,1,user_191379,11,6,0.545454545,1,0
,0,143,0,396,692,0.571428571,2911,189,0.064903846,0.293307363,0.530599418,413,66,112,0,0,0,hans.1416,9,4,0.444444444,1,0
Facebook,0,186,0,,720,0.492371706,3210,184,0.057303021,0.089455814,0.656627244,179,20,,0,0,1,bot_qz2yw,9,1,0.111111111,1,0
,1,196,0,404,706,0.571428571,1802,190,0.105379922,0.425309956,0.573641465,36,15,70,,0,0,fatima_759,10,3,0.3,1,0
Facebook,1,195,,404,667,,926,209,0.225458468,0.613718862,0.143944575,,26,60,0,0,1,user_910680,11,6,0.545454545,1,0
X,1,148,1,,741,0.571428571,3722,202,0.054257319,0.089777458,,267,114,57,1,1,1,user_629653,11,6,0.545454545,1,0
Instagram,1,103,1,397,676,0.586410635,4388,214,0.048758259,0.518406299,,272,5,52,1,0,1,faqjc8380,9,4,0.444444444,0,0
X,1,242,1,375,701,0.534188034,752,206,0.273572377,,,289,41,4,1,1,1,user_892540,11,6,0.545454545,1,0
X,0,205,0,389,687,0.565406977,1235,187,0.151294498,0.628645241,,411,143,,1,,1,acc_wi8dphuo,12,1,0.083333333,1,1
X,0,230,0,410,650,0.629800307,2923,,0.070109439,,,387,172,,1,1,0,rahul1961,9,4,0.444444444,0,0
X,0,222,0,403,703,0.572443182,663,211,0.317771084,0.020641483,,353,2,20,0,0,0,alex.346,8,3,0.375,1,0
Facebook,0,205,1,,736,0.594301221,3196,193,0.060369096,0.324857507,0.311887403,301,39,,1,1,0,noah.7470,9,4,0.444444444,1,0
,,197,0,413,713,0.578431373,1585,208,0.131147541,0.398581193,0.054846957,269,19,95,0,1,1,acc_v5d5zceq,12,2,0.166666667,1,1
X,1,139,1,408,692,0.588744589,920,198,0.214983713,0.635741055,0.482284133,268,6,78,0,1,0,lucas.9429,10,4,0.4,1,0
Facebook,1,143,1,417,,,4220,195,0.046197584,0.930171862,0.821801453,496,58,77,1,0,1,kj2ge77kid,10,3,0.3,0,1
Instagram,1,,0,439,700,,68,192,2.782608696,0.203385523,0.285398661,441,138,40,,0,0,rahul,5,0,0,0,0
Instagram,1,236,0,411,721,0.569252078,4571,207,,0.687333629,,304,92,,1,0,0,tariq,5,0,0,0,0
Instagram,0,,1,459,709,0.646478873,4454,216,0.048484848,0.097400909,0.704564396,,51,50,1,1,0,luna.3842,9,4,0.444444444,1,0
Instagram,0,141,1,400,759,0.526315789,1767,211,0.119343891,0.190621756,0.125262329,177,130,0,0,,1,bot_7ewy3,9,2,0.222222222,1,0
X,0,60,1,390,706,0.551626591,,206,,0.509134512,0.644561891,66,20,39,1,1,0,saif_4803,9,4,0.444444444,1,0
X,1,198,0,374,689,0.542028986,2569,180,0.070038911,0.708377579,0.151679807,276,180,17,0,0,0,sofia_6016,10,4,0.4,1,0
Facebook,0,,0,425,729,,3709,219,,0.858568536,0.65479092,207,157,33,0,0,0,diego_3031,10,4,0.4,1,0
,1,31,0,390,,0.542420028,,175,,,0.142714485,306,,99,0,1,0,olga_9507,9,4,0.444444444,1,0
Facebook,0,,0,376,697,0.538681948,,216,0.080808081,0.015352787,0.392511366,37,152,148,1,0,0,olga6649,8,4,0.5,0,1
Instagram,0,43,0,366,677,0.539823009,,217,0.063804763,0.683931326,0.56659427,118,49,,0,1,0,ashley_6202,11,4,0.363636364,1,0
Instagram,1,144,0,376,695,0.540229885,1354,201,0.148339483,0.824657704,0.050374171,25,8,,1,0,1,dcxtm2573,9,4,0.444444444,0,0
X,0,168,1,413,697,0.591690544,443,197,0.443693694,,0.153308345,5,44,119,0,1,0,anastasia,9,0,0,0,0
Instagram,0,,1,413,,0.578431373,601,191,0.317275748,0.965598691,0.320408825,273,28,101,,1,0,anastasia.1061,14,4,0.285714286,1,0
Instagram,1,,1,371,720,0.514563107,3167,201,,0.004312422,0.462320086,232,61,,1,1,0,sofia.4072,10,4,0.4,1,0
Instagram,,43,0,397,692,0.572871573,3943,213,0.054006085,0.818657951,0.858487294,113,14,13,0,0,0,omar.667,8,3,0.375,1,1
Facebook,1,97,,400,728,0.548696845,,212,0.075418001,0.334819732,0.187273088,133,18,91,0,0,0,olga4684,8,4,0.5,0,0
Facebook,,4,0,388,718,,,175,0.051622419,,0.347470951,424,142,149,0,,0,ethan_3857,10,4,0.4,1,0
X,0,108,0,402,664,0.604511278,4583,208,0.045375218,0.693481894,0.475776236,312,166,,1,,0,mina_4200,9,4,0.444444444,1,1
,,26,1,394,733,0.536784741,2787,219,0.078550933,0.306249016,,177,34,119,1,0,0,jessica5725,11,4,0.363636364,0,1
Instagram,,115,0,411,761,0.539370079,,,0.075268817,0.9954245,0.625747779,24,140,18,0,1,1,bot_7jjih,9,1,0.111111111,1,1
X,0,86,1,,703,0.553977273,3649,201,0.055068493,,0.256602435,,143,23,0,0,1,xlksy5048,9,4,0.444444444,0,0
Instagram,0,103,1,369,717,0.513927577,,223,,0.157029085,0.772350421,279,66,25,1,0,1,yaxfr4785,9,4,0.444444444,0,0
Instagram,,122,0,,722,0.572614108,632,,0.312796209,0.892191705,0.505154095,413,94,44,1,,0,arjun.5802,10,4,0.4,1,0
Facebook,0,205,,396,672,0.588410104,3443,188,,0.119179876,0.086304883,,54,107,1,0,0,riya_3572,9,4,0.444444444,1,0
X,1,78,,435,658,0.660091047,1755,195,0.111047836,0.381286265,0.626998895,300,192,138,0,1,0,pablo.89,8,2,0.25,1,0
X,1,42,1,380,710,0.534458509,3034,,0.065568369,0.733142212,0.569243504,298,34,23,0,0,0,rahul9700,9,4,0.444444444,0,1
X,0,96,1,449,730,0.614227086,1579,208,0.13164557,0.791491861,0.338597354,,15,23,1,0,1,user_067611,11,6,0.545454545,1,1
X,0,244,0,411,666,0.616191904,26,,7.481481481,0.954669177,0.011157078,439,128,11,1,0,0,dmitri_9727,11,4,0.363636364,1,0
Facebook,1,30,1,393,673,0.583086053,2210,,0.083220262,0.789573835,0.200701542,496,177,134,0,1,0,dmitri9525,10,4,0.4,0,0
Facebook,0,,1,,692,0.629148629,2903,188,0.064738292,0.844532384,0.405709529,200,13,80,0,1,0,carlos,6,0,0,0,0
Instagram,0,16,1,418,681,0.612903226,1130,186,0.164456233,0.949376006,0.199914034,325,61,98,1,1,1,bot_az5l2,9,2,0.222222222,1,0
Instagram,1,219,0,382,700,0.544935806,4997,184,0.036814726,0.553687692,,32,,69,1,0,0,michael.2900,12,4,0.333333333,1,1
Instagram,0,82,1,379,734,0.515646259,4105,211,0.051388212,0.34343346,0.712324894,96,150,78,0,1,0,nikolai.8257,12,4,0.333333333,1,0
Instagram,0,109,0,387,677,0.57079646,4146,,,,0.856017657,44,98,22,1,0,0,maria8144,9,4,0.444444444,0,1
Facebook,1,,,420,723,0.580110497,442,204,0.460496614,0.163541586,0.646982619,262,190,122,0,1,0,olga_2469,9,4,0.444444444,1,0
,0,189,,379,702,0.539118065,3896,201,0.051578137,0.06823167,0.689009221,,28,37,0,1,0,ethan.1651,10,4,0.4,1,0
,0,214,1,344,716,0.479776848,4798,225,0.046884768,0.785330865,0.608441865,401,149,28,0,0,0,pablo5104,9,4,0.444444444,0,0
Instagram,1,31,0,389,700,0.554921541,4850,203,0.041847042,0.950671358,,69,92,75,1,1,0,ali.8236,8,4,0.5,1,0
Facebook,0,167,0,420,688,,1829,231,0.126229508,0.442446945,0.261000569,300,5,67,0,1,0,john,4,0,0,0,0
X,1,140,0,385,753,0.51061008,1536,191,0.124268055,0.161133453,0.266258681,292,156,20,1,1,0,daniel4662,10,4,0.4,0,1
X,0,211,0,384,725,0.52892562,4326,197,,0.497020976,0.126333641,,88,8,1,1,0,alex_54,7,2,0.285714286,1,0
Facebook,,,0,400,709,0.563380282,560,215,0.383244207,0.393317852,,,1,48,0,1,0,haruto1916,10,4,0.4,0,0
Facebook,1,132,0,395,671,0.587797619,1174,208,0.177021277,0.37247394,0.096161704,206,191,97,1,0,1,ujyxt6821,9,4,0.444444444,0,0
Facebook,1,200,1,393,722,,1879,,,0.62808084,0.270146597,171,95,36,0,0,1,user_110556,11,6,0.545454545,1,2
Instagram,0,28,0,408,719,0.566666667,2256,210,0.093043864,0.174735715,,245,35,20,1,1,0,giulia5242,10,4,0.4,0,0
Facebook,1,69,,388,729,0.531506849,1085,185,0.170349908,0.380481549,0.957595616,413,95,22,0,0,0,carlos.8644,11,4,0.363636364,1,1
Facebook,1,152,0,392,714,0.548251748,3915,188,0.048008172,0.868676839,0.963812994,,147,137,0,0,0,ali7133,7,4,0.571428571,0,1
Facebook,0,94,0,407,719,0.565277778,,199,0.829166667,0.729665098,0.743740234,255,182,69,0,1,0,ivan,4,0,0,0,0
X,,21,0,,707,0.487288136,2915,193,0.066186557,0.055588467,0.389250162,263,36,,0,1,1,mfmtm990q0,10,4,0.4,0,1
X,0,193,1,380,670,0.566318927,2096,198,0.094420601,0.513903796,0.865161273,388,101,100,0,0,0,arjun344,8,3,0.375,0,1
Instagram,1,172,0,396,654,,1472,183,0.124236253,0.091295318,0.875455802,263,179,28,1,1,1,onwch7146,9,4,0.444444444,0,0
Instagram,1,68,0,384,731,0.524590164,2046,217,0.106008793,0.957496429,0.910197381,4,68,58,1,0,0,jessica,7,0,0,0,1
X,1,,,428,649,0.658461538,4613,195,0.042262679,0.244640641,0.640025048,9,,20,0,,0,ahmed406,8,3,0.375,0,0
X,1,88,1,431,719,0.598611111,3684,207,0.056173677,0.932621026,0.201792796,270,149,85,1,1,1,zigkgpheug,10,0,0,0,0
X,0,71,1,381,682,0.557833089,205,208,1.009708738,,,229,106,98,,1,1,ez91hqdur0,10,3,0.3,0,0
Facebook,1,246,1,412,692,0.594516595,3601,210,0.058300944,0.551364435,0.914775504,311,14,,,0,1,acc_u5ou42go,12,3,0.25,1,1
Facebook,0,128,0,380,689,0.550724638,2138,225,0.105189341,0.336304573,0.055546108,369,,45,0,0,1,k6ulitxg4y,10,2,0.2,0,0
X,1,211,1,391,708,0.551480959,1214,200,,0.857946681,,54,46,132,0,1,0,anastasia.5037,14,4,0.285714286,1,0
Facebook,0,171,0,402,711,0.564606742,3835,199,0.051876955,,0.486961767,386,198,14,,1,1,acc_ay8r0oiu,12,2,0.166666667,1,1
Facebook,0,86,,415,751,,3092,220,0.071128354,0.179974114,0.021976693,40,107,,0,1,0,giulia,6,0,0,0,0
Instagram,0,95,,391,718,0.543810848,1383,224,0.161849711,,0.906912259,137,107,110,1,,1,user_084840,11,6,0.545454545,1,0
X,1,74,0,,677,,3681,191,0.051873982,,0.287120995,390,68,82,1,1,0,luna,4,0,0,0,0
,0,166,1,403,699,0.575714286,1680,180,0.10707912,0.314325225,0.028504799,446,51,79,1,1,1,owaqf1985,9,4,0.444444444,0,0
,0,238,0,365,668,0.545590433,7,205,25.625,,0.993589997,114,166,110,0,0,0,arjun,5,0,0,0,0
X,1,53,1,401,706,0.56718529,1886,221,0.117117117,0.195113035,0.311393181,62,1,106,1,0,0,binta_4519,10,4,0.4,1,0
Instagram,0,87,1,359,700,,3499,178,0.050857143,0.805610098,0.876764907,343,44,86,,,0,ananya_1921,11,4,0.363636364,1,0
Instagram,1,202,1,391,711,0.549157303,296,200,,0.095836219,,409,151,,0,0,1,user_946471,11,6,0.545454545,1,0
Instagram,1,156,1,392,694,0.564028777,264,194,0.732075472,0.353446562,,33,188,41,0,0,0,sofia,5,0,0,0,0
X,0,53,1,424,658,,2138,206,0.096306685,0.2437625,0.24109015,377,110,118,0,0,0,valentina.8684,14,4,0.285714286,1,0
X,0,217,1,409,695,0.587643678,4949,200,0.04040404,0.976835949,0.502875327,251,91,25,1,0,0,sarah3412,9,4,0.444444444,0,0
,1,15,0,396,667,,3866,234,0.060512025,0.02573058,0.257651192,455,121,105,0,0,0,saif662,7,3,0.428571429,0,1
X,0,98,0,405,707,0.572033898,4497,201,,0.721669526,0.951083881,422,64,103,1,0,1,acc_ynqywx5p,12,1,0.083333333,1,1
X,1,19,0,395,700,0.563480742,4453,202,0.045352492,,0.060945412,443,180,7,0,0,0,ali_6059,8,4,0.5,1,0
Instagram,1,45,1,367,726,,2547,195,0.076530612,0.811248663,0.274673928,196,115,72,1,0,1,user_713722,11,6,0.545454545,1,1
Facebook,1,,,377,697,0.540114613,4930,177,0.035895356,0.3112244,0.893108877,355,148,77,1,1,0,mina_372,8,3,0.375,1,0
Instagram,0,192,1,402,695,0.577586207,4531,,0.042144748,0.187284245,0.480035958,362,126,147,0,1,0,sakura.5045,11,4,0.363636364,1,0
X,1,126,0,364,712,0.510518934,119,202,1.683333333,0.693039851,,409,66,65,1,,1,nnzmd7294,9,4,0.444444444,0,1
Instagram,0,57,0,401,700,0.572039943,2396,175,0.073007927,0.257576536,,,,67,1,1,1,dcppmvlyj9,10,1,0.1,0,1
X,0,180,1,426,712,0.597475456,3368,205,0.060848917,,0.070927512,61,128,98,0,0,0,leo8673,7,4,0.571428571,0,0
X,0,110,0,391,672,0.580980684,1703,199,0.116784038,0.131533422,0.017738741,393,58,77,1,1,0,ivan,4,0,0,0,0
,,128,0,385,742,0.518169583,530,201,0.378531073,0.724598011,0.937841052,224,114,84,1,,1,fuwfd5376,9,4,0.444444444,0,0
X,1,80,0,407,779,0.521794872,3675,192,,0.406836205,0.271502845,355,115,78,1,0,0,sakura193,9,3,0.333333333,0,0
Facebook,0,193,1,395,741,0.532345013,303,228,0.75,0.140579759,0.38031311,53,46,38,0,1,1,8gs3tf69up,10,4,0.4,0,0
X,1,,0,398,652,0.60949464,4068,175,0.04300811,0.741595047,0.682093171,158,,,0,1,1,user_847988,11,6,0.545454545,1,1
Facebook,1,83,,,,0.594713656,4252,220,0.051728192,0.103362192,0.236303877,293,17,19,1,0,1,vt7mmgdp2p,10,2,0.2,0,1
Facebook,0,69,0,396,666,0.593703148,3969,194,0.048866499,0.574820423,0.73307137,,112,69,1,1,0,luna_8128,9,4,0.444444444,1,0
X,1,7,0,427,697,0.611747851,14,197,,0.60748517,0.458242182,24,32,116,1,1,1,bot_t1wz6,9,2,0.222222222,1,0
Instagram,1,28,,384,720,0.53259362,2804,205,0.073083779,0.9303505,0.856609805,236,142,111,1,0,0,giulia4176,10,4,0.4,0,0
Facebook,,111,0,400,679,0.588235294,889,186,0.208988764,0.150980499,,460,23,27,0,0,0,ivan9274,8,4,0.5,0,0
Instagram,1,178,1,389,704,0.55177305,3529,194,0.054957507,0.65334636,0.20382248,320,35,118,1,1,0,yusuf_2323,10,4,0.4,1,0
,1,160,0,412,701,,,193,0.161101836,0.380768581,0.831688354,99,59,97,1,,0,john.8924,9,4,0.444444444,1,0
X,1,130,1,404,705,0.57223796,4541,183,0.040290621,0.400814347,0.326326065,227,161,72,1,1,1,user_555478,11,6,0.545454545,1,1
X,1,187,1,414,666,0.620689655,2170,199,,0.501825182,0.411868646,177,89,,,0,1,bot_gheti,9,0,0,1,0
Facebook,0,162,,410,673,0.608308605,,210,0.058823529,0.233784612,0.793707833,407,,21,1,1,1,2lu7rfappb,10,2,0.2,0,1
X,1,196,0,,707,0.542372881,2232,,,0.461183239,0.635576537,,167,4,1,1,0,sofia7146,9,4,0.444444444,0,0
Facebook,1,218,,401,680,0.588839941,,179,0.09701897,0.686846168,0.44172589,465,149,,0,1,0,priya.6941,10,4,0.4,1,0
X,,107,1,386,776,0.496782497,3652,208,0.056939502,0.45711304,0.249890509,433,143,113,1,1,0,anna.234,8,3,0.375,1,1
Instagram,1,203,,397,740,0.535762483,3877,216,0.055698814,0.042508427,0.764200969,238,103,97,1,0,1,bot_y7sm2,9,2,0.222222222,1,0
X,0,,,387,664,0.581954887,2719,,0.076470588,0.257826248,0.180431034,433,169,44,1,0,0,binta_4202,10,4,0.4,1,0
Instagram,1,108,0,420,759,0.552631579,49,195,3.9,0.351460213,0.928279601,142,15,112,0,1,1,bot_r3kis,9,1,0.111111111,1,0
X,0,19,0,388,733,0.528610354,181,205,1.126373626,,0.150316069,16,132,136,,1,0,daniel_4840,11,4,0.363636364,1,0
,1,72,,412,705,0.583569405,3879,,0.051546392,0.081006893,0.804933692,284,133,13,1,,0,tariq6488,9,4,0.444444444,0,1
X,0,166,1,,746,0.550200803,1418,196,0.13812544,0.449570552,0.424248867,4,169,68,,0,1,ttsvk3371,9,4,0.444444444,0,2
Instagram,0,3,0,394,711,,3465,172,0.049624928,0.691949019,0.186006233,10,29,113,0,0,0,yuki_5789,9,4,0.444444444,1,0
Facebook,0,242,0,377,680,0.553597651,3420,195,0.057000877,0.048672018,0.402378938,207,159,55,0,,1,oyafy7658,9,4,0.444444444,0,0
Facebook,0,245,1,,658,0.638846737,530,209,0.393596987,0.750924172,0.221551816,435,180,110,1,1,1,bot_3w9e3,9,3,0.333333333,1,0
Instagram,,18,0,432,686,0.628820961,4680,168,0.035889767,0.955105203,0.135993651,417,146,90,,0,0,mia2214,7,4,0.571428571,0,1
X,,101,,,713,0.592436975,1287,190,0.147515528,0.009338156,0.239155399,80,,10,1,0,0,olga,4,0,0,0,0
Instagram,1,,,410,698,0.586552217,,183,0.083485401,,,32,155,114,0,1,0,yusuf.5284,10,4,0.4,1,0
X,1,172,0,384,644,0.595348837,707,230,0.324858757,0.543487782,0.105942387,,,100,0,,1,1d9o2rsqtv,10,3,0.3,0,0
Facebook,0,170,1,,660,0.571860817,3218,,0.057471264,0.218049487,0.972539588,304,71,97,0,1,0,pablo.2593,10,4,0.4,1,0
X,1,140,0,383,714,0.535664336,294,194,0.657627119,0.764626032,0.004998454,376,127,,0,1,0,jessica,7,0,0,0,1
Facebook,0,140,0,399,704,0.565957447,,200,0.127959053,0.312134315,0.658238154,158,106,79,,1,0,rahul8715,9,4,0.444444444,0,0
,0,187,0,414,709,0.583098592,4518,210,,0.293625282,0.856511985,273,126,57,1,1,1,bot_p7ox5,9,2,0.222222222,1,0
,1,184,1,391,668,0.58445441,2612,190,0.072713356,0.000923876,0.933957648,114,128,29,,1,0,ali_3450,8,4,0.5,1,0
,1,85,1,387,665,0.581081081,661,200,0.302114804,0.270126188,0.143985593,216,195,66,1,0,1,bot_n2q78,9,3,0.333333333,1,0
Instagram,0,,1,,727,0.576923077,,189,0.059433962,0.217670522,0.698208496,260,184,28,0,0,1,user_342779,11,6,0.545454545,1,1
Instagram,,51,1,,710,0.514767932,3390,185,0.054556178,0.343240967,0.107349216,157,149,41,1,1,0,anastasia.7248,14,4,0.285714286,1,0
,1,110,0,396,692,0.571428571,2107,206,0.09772296,0.147656653,0.352611494,44,93,118,0,0,0,ethan9863,9,4,0.444444444,0,0
Facebook,1,180,1,393,719,0.545833333,,214,0.069820555,0.594648666,0.731926358,,57,61,,0,1,user_252469,11,6,0.545454545,1,0
Instagram,1,108,1,348,,,2841,187,0.065798733,0.238741543,0.345973226,214,,28,1,1,0,suresh,6,0,0,0,0
Facebook,1,85,1,393,703,0.558238636,3497,208,0.05946255,0.831750865,0.313374728,127,166,28,1,,1,acc_tqa39w9s,12,3,0.25,1,1
,0,42,0,339,643,0.526397516,2579,222,0.086046512,0.284557947,0.116054619,253,,103,1,0,0,fatima.746,10,3,0.3,1,0
X,,210,0,394,,0.5317139,2052,209,0.101802241,,0.066438094,37,166,56,1,0,0,daniel_1661,11,4,0.363636364,1,1
Facebook,1,199,1,369,724,0.508965517,2410,198,0.0821236,0.056751362,0.115277991,364,,54,,0,1,user_666561,11,6,0.545454545,1,1
Facebook,1,243,1,390,689,0.565217391,2954,195,0.065989848,0.73990669,0.875474775,209,,115,0,1,0,daniel.5634,11,4,0.363636364,1,0
Instagram,0,199,0,388,686,0.564774381,369,195,,0.508208175,0.011198525,351,139,127,0,0,0,pablo.1729,10,4,0.4,1,0
Facebook,,41,1,,690,0.561505065,539,204,0.377777778,0.113782997,0.69286587,93,151,76,0,0,0,haruto4651,10,4,0.4,0,0
Facebook,,89,1,406,695,0.583333333,2928,167,0.057016046,0.221334783,0.76862423,28,17,68,1,1,0,satish2103,10,4,0.4,0,0
X,0,239,1,384,659,0.581818182,2394,184,0.076826722,0.998719072,0.567888304,,,57,1,0,0,valentina_7615,14,4,0.285714286,1,0
,1,114,1,405,718,0.563282337,731,179,0.244535519,,0.730775361,136,14,,1,,0,leo1164,7,4,0.571428571,0,1
X,0,25,0,382,726,0.525447043,897,191,0.212694878,0.349869486,,22,187,68,1,,1,acc_sgf3pzm6,12,2,0.166666667,1,1
Instagram,1,150,0,427,678,0.628865979,4660,228,0.048916542,0.542554831,,130,143,100,0,0,0,kiran_4060,10,4,0.4,1,0
Facebook,1,42,0,407,673,0.603857567,2369,197,0.083122363,0.416017159,,85,96,35,1,1,1,20ae9oej1c,10,4,0.4,0,0
X,1,76,,426,669,0.635820896,4560,199,0.043630783,0.036389565,0.941331988,183,73,127,1,1,0,sarah_3630,10,4,0.4,1,0
Instagram,1,155,1,,655,0.608231707,2681,192,0.071588367,0.778677009,0.971937993,423,46,,1,1,1,user_905128,11,6,0.545454545,1,0
Facebook,0,136,0,413,706,0.584158416,2381,,0.08186398,0.716986113,,236,151,73,1,,0,priya5572,9,4,0.444444444,0,1
Instagram,0,19,0,379,731,0.517759563,15,213,13.3125,,0.19729884,183,,92,1,1,1,ey298h0tme,10,4,0.4,0,0
Facebook,0,183,0,,746,0.564926372,3129,204,0.065175719,0.845897137,0.447899162,313,18,98,0,1,0,kiran_3319,10,4,0.4,1,1
Instagram,,210,1,403,746,0.539491299,1354,191,,0.534739095,0.49653749,158,90,23,1,0,0,max_6092,8,4,0.5,1,0
Instagram,1,239,0,396,699,0.565714286,3136,189,0.060248645,0.065208439,0.757970052,469,168,86,1,1,0,mateo_2234,10,4,0.4,1,1
X,1,38,,415,722,0.573997234,2278,201,0.088196577,0.25940629,0.667777131,,30,66,1,0,0,kiran_9217,10,4,0.4,1,0
Instagram,,178,1,389,,0.541029207,11,,,0.461772836,0.514814429,41,15,141,0,0,0,pablo,5,0,0,0,0
Facebook,1,11,0,395,724,0.544827586,1657,206,0.12424608,0.103449239,0.680364558,234,150,,1,1,0,carlos7579,10,4,0.4,0,0
Facebook,0,206,0,,,0.588744589,1248,202,0.161729384,,0.024056847,130,77,105,0,1,1,acc_8pht0v12,12,4,0.333333333,1,1
,,222,1,406,,0.58,1661,190,0.114320096,0.120568162,,184,22,118,0,0,0,mateo,5,0,0,0,0
Facebook,0,182,0,416,696,0.596843615,1764,192,0.10878187,0.200508185,0.211632234,13,40,31,1,1,0,rahul.7272,10,4,0.4,1,0
Facebook,1,205,0,409,702,0.581792319,542,,0.307550645,0.893983661,0.65640914,,145,119,1,0,0,suresh2681,10,4,0.4,0,0
Facebook,1,10,1,399,701,0.568376068,1530,209,0.136512084,,0.113973252,253,163,144,1,1,1,bot_77atd,9,2,0.222222222,1,1
Instagram,0,153,1,377,713,0.528011204,1181,198,,0.550253344,0.114460836,,,129,,1,0,ethan1135,9,4,0.444444444,0,1
Instagram,0,41,1,443,686,0.644832606,2689,195,0.072490706,,0.035657644,379,74,77,0,0,0,valentina_4409,14,4,0.285714286,1,1
Facebook,1,154,1,408,668,0.609865471,2618,196,0.074837724,0.797431147,0.91023281,59,196,37,0,0,0,alex_3474,9,4,0.444444444,1,0
X,1,10,1,420,742,0.565275908,2755,231,0.083817126,0.696139496,0.604558758,414,178,54,0,1,1,bot_edsuq,9,0,0,1,0
,1,37,0,415,706,0.58698727,929,200,0.215053763,0.182466545,0.361961936,291,,33,0,0,1,tp1slf3li4,10,3,0.3,0,0
X,1,97,1,431,699,0.615714286,1427,200,0.140056022,0.411671525,0.787777741,159,159,,1,1,0,sarah,5,0,0,0,0
Facebook,0,170,1,401,,0.576978417,3660,192,0.052444687,0.535116519,0.626082201,446,70,129,1,1,1,user_598751,11,6,0.545454545,1,0
Facebook,1,18,1,390,694,0.561151079,2234,,,0.359711992,,25,,69,0,,1,acc_9ynyg0vl,12,2,0.166666667,1,1
Instagram,0,191,0,430,641,0.669781931,3910,191,0.048836615,,0.487042794,64,167,35,0,0,0,noah.8621,9,4,0.444444444,1,0
,1,133,1,414,661,0.625377644,4991,195,0.0390625,0.736113344,0.007926779,385,125,149,0,0,1,6bqoj1lf0b,10,3,0.3,0,0
Instagram,0,173,1,354,740,0.477732794,,196,0.095007271,0.198846405,0.258462506,69,69,68,0,1,0,diego_6695,10,4,0.4,1,1
Facebook,0,115,1,,,,4098,197,0.048060503,0.260485929,0.109076695,381,165,104,1,1,0,pablo9146,9,4,0.444444444,0,0
,1,229,0,410,694,0.589928058,2564,188,0.073294347,,0.662409852,172,181,53,0,0,0,leo.1087,8,4,0.5,1,0
Instagram,0,112,1,393,666,0.589205397,2804,201,0.071657754,0.16177923,0.248620822,461,3,,0,0,0,daniel_2554,11,4,0.363636364,1,1
Instagram,1,169,1,378,648,0.582434515,2294,212,0.092374728,0.849551623,0.450166664,475,,111,0,1,0,nikolai209,10,3,0.3,0,0
Instagram,0,219,1,,732,0.478854025,,209,,0.610616319,0.353430298,224,62,106,0,1,1,user_351678,11,6,0.545454545,1,0
Facebook,1,64,0,393,701,,572,194,0.338568935,0.83474813,0.143198738,152,49,52,1,0,0,layla_6030,10,4,0.4,1,0
Facebook,,98,0,409,,0.561813187,,,0.042797265,0.493729314,0.958370233,39,29,116,0,0,0,anastasia,9,0,0,0,0
,1,231,0,409,718,0.568845619,2401,186,0.07743547,0.51956304,0.933419312,145,15,105,0,1,0,martin,6,0,0,0,0
Instagram,1,71,0,379,715,0.529329609,1712,189,0.11033275,0.61614463,,365,179,,,1,1,acc_5hwt9bgo,12,2,0.166666667,1,1
Facebook,0,186,1,408,679,0.6,383,199,0.518229167,0.370919544,0.827365354,97,3,58,0,0,0,camila.6149,11,4,0.363636364,1,0
Facebook,,51,1,394,726,0.541953232,1084,187,0.17235023,0.496584095,0.488373683,247,25,96,0,1,0,satish,6,0,0,0,0
Instagram,0,117,0,382,633,0.602523659,,184,0.09431061,0.546915129,0.773735885,11,156,85,1,1,0,priya,5,0,0,0,0
X,0,174,0,381,675,0.563609467,2518,212,0.084160381,0.953542436,0.151157131,474,,26,0,1,0,kojo2182,8,4,0.5,0,0
,1,119,1,391,718,0.543810848,4170,209,0.050107888,0.882908132,0.132274138,23,91,71,0,,1,bot_tl008,9,3,0.333333333,1,1
X,0,6,1,383,737,0.51897019,3498,215,0.061446127,0.129245847,0.890757501,224,107,121,0,1,1,bot_29qqv,9,2,0.222222222,1,1
Facebook,1,10,0,,696,0.579626973,3315,,0.056091677,0.041282467,0.897819492,244,151,133,0,0,0,alex_1270,9,4,0.444444444,1,0
X,0,,0,379,736,0.514246947,4931,182,0.036901865,0.680333952,0.465912163,462,50,24,1,,1,gqlxd7107,9,4,0.444444444,0,0
,1,60,0,405,690,,2676,,0.074336944,0.049198667,0.870157798,,41,,1,1,0,oliver1149,10,4,0.4,0,1
Instagram,1,67,0,396,685,0.577259475,3395,211,0.06213192,0.060351065,0.667458952,31,166,136,1,0,1,qdh2phr8gu,10,2,0.2,0,0
Instagram,1,152,,399,,0.572453372,1204,208,,0.159263397,,113,134,,0,0,0,sofia,5,0,0,0,0
Instagram,1,139,0,,707,0.563559322,774,192,0.247741935,0.351707091,0.328954265,208,17,146,,1,0,diego,5,0,0,0,0
,0,153,0,404,683,0.590643275,,217,0.070961413,0.434996112,0.136060651,482,2,112,,0,0,yuki9666,8,4,0.5,0,1
Facebook,0,101,1,376,695,0.540229885,2314,,0.082073434,,0.773948669,302,190,64,,0,1,kgl8jc5x3y,10,3,0.3,0,0
Instagram,1,109,1,399,719,0.554166667,2598,213,0.081954598,0.992288193,0.985250725,428,19,97,1,,0,dmitri6574,10,4,0.4,0,0
Instagram,0,139,1,394,721,0.545706371,1404,193,0.137366548,0.385232755,0.546378327,34,97,,1,1,0,tariq_5509,10,4,0.4,1,1
Facebook,0,170,1,421,746,,4173,200,0.047915668,0.242753097,0.655864414,204,72,33,1,0,0,giulia.943,10,3,0.3,1,0
Instagram,1,50,1,391,717,0.544568245,,188,0.061377734,0.575252409,0.746092568,377,73,140,0,1,1,bot_fjske,9,0,0,1,0
Facebook,0,116,0,409,727,,3326,186,0.055906222,0.215150953,0.224259102,383,,58,1,0,0,martin_272,10,3,0.3,1,0
,0,,0,423,719,0.5875,1404,225,0.160142349,0.940543432,0.336001248,392,69,88,1,0,1,bot_kddkp,9,0,0,1,1
Facebook,0,45,0,,650,0.614439324,,220,0.066225166,0.259254302,0.412321211,265,144,75,0,1,1,user_047276,11,6,0.545454545,1,0
Facebook,,,1,444,705,0.628895184,870,205,0.235361653,0.989934136,0.594588312,64,78,148,1,1,0,yuki_6518,9,4,0.444444444,1,0
Facebook,0,87,0,375,636,,1084,212,0.195391705,0.41866819,0.850492578,442,186,100,,0,1,bot_3x7kc,9,2,0.222222222,1,0
X,1,207,1,338,700,0.482168331,974,185,,,0.254203545,97,181,109,1,1,0,haruto8261,10,4,0.4,0,0
Instagram,0,120,,394,672,0.585438336,,213,,0.648280325,0.470888801,184,140,5,0,,1,ywotv6664,9,4,0.444444444,0,1
X,0,12,0,426,706,0.602545969,,196,0.10864745,0.933494174,0.751533911,,41,108,0,0,0,ayanda,6,0,0,0,0
Instagram,0,88,1,404,707,0.570621469,2965,,0.065407957,0.625426953,0.087385,484,43,10,1,0,1,ah3izoirp4,10,2,0.2,0,0
X,1,124,,382,698,0.546494993,1189,202,0.169747899,0.581217979,0.512893458,472,,79,1,1,1,rgmqo6975,9,4,0.444444444,0,0
Facebook,1,117,0,416,748,0.55540721,3444,,0.05137881,0.652852445,0.144379703,469,66,149,0,0,1,yfiohzq2ag,10,1,0.1,0,0
Instagram,0,,0,426,,0.645454545,3935,200,0.050813008,0.786465532,0.539148897,265,199,138,0,1,1,zusfc2791,9,4,0.444444444,0,0
Instagram,,184,0,383,707,0.540960452,4410,189,0.042847427,0.898841632,,473,19,25,,1,0,priya,5,0,0,0,0
X,0,115,0,407,686,0.592430859,1322,200,0.15117158,0.2668149,0.236947411,402,46,105,0,1,0,diego2074,9,4,0.444444444,0,0
X,1,117,0,413,678,0.608247423,2024,225,0.111111111,,0.849478445,231,23,148,1,0,1,acc_vzzwdmn5,12,1,0.083333333,1,2
Instagram,1,3,1,405,,0.610859729,,196,0.041411367,0.034349696,0.33480411,108,178,14,0,1,0,priya,5,0,0,0,0
X,0,74,1,407,734,0.553741497,4513,213,0.047186531,0.370079203,0.190784864,488,145,102,0,0,0,tariq.9265,10,4,0.4,1,0
X,0,223,1,,689,0.589855072,439,182,0.413636364,0.846185023,,177,22,138,1,1,1,user_484171,11,6,0.545454545,1,0
X,0,48,1,437,739,0.590540541,165,202,1.21686747,0.069857429,0.876075082,248,128,105,1,1,1,bot_sauls,9,0,0,1,0
,0,6,0,366,705,0.518413598,3338,210,0.062893082,0.538520076,0.068933061,323,122,67,,1,1,wrvdoa3t1b,10,2,0.2,0,0
Facebook,1,,0,386,731,0.527322404,3351,,0.053699284,0.694788636,0.327571466,359,114,88,0,,0,sakura_4740,11,4,0.363636364,1,0
X,,121,,388,690,,988,189,0.191102123,,,4,65,,,0,1,user_627085,11,6,0.545454545,1,0
X,1,10,0,402,676,,2530,204,0.080600553,0.583430322,0.357580869,156,132,63,1,1,0,tariq9467,9,4,0.444444444,0,0
Facebook,0,91,1,413,701,0.588319088,4613,194,0.042045947,0.18632001,0.070823995,229,,95,0,1,1,bot_kaosy,9,0,0,1,0
Facebook,0,181,0,418,693,0.602305476,4178,206,0.049294089,0.964536258,0.331998969,115,116,,0,0,0,layla7532,9,4,0.444444444,0,0
Instagram,1,232,0,,691,0.604046243,4215,207,0.049098672,0.09465151,0.820959386,260,34,83,1,1,1,z9ihhqnnn3,10,2,0.2,0,2
Instagram,0,,0,411,688,0.596516691,3846,200,0.051988563,0.768999612,0.968037523,315,,22,0,0,1,acc_1pgr5qzu,12,2,0.166666667,1,1
Facebook,1,,1,410,714,0.573426573,1327,,0.149849398,0.086559224,0.039779197,320,,38,1,1,0,amina_2554,10,4,0.4,1,1
X,1,22,1,424,681,0.62170088,3287,212,0.064476886,0.143419108,0.569283818,126,,68,0,1,1,bot_3uvt4,9,2,0.222222222,1,0
X,,241,1,376,752,0.499335989,28,196,6.75862069,0.898215594,,27,140,20,0,0,0,anna8100,8,4,0.5,0,2
X,1,27,,,680,0.609397944,2025,180,,0.753074659,0.680396529,338,148,119,0,0,1,user_654499,11,6,0.545454545,1,2
X,1,234,0,406,711,0.570224719,4594,220,0.047878128,0.365508271,0.007892226,227,38,85,0,0,1,gpxkx7419,9,4,0.444444444,0,0
Instagram,0,110,0,,720,0.575589459,194,210,1.076923077,0.638724357,0.014741626,128,161,93,1,1,0,riya.8144,9,4,0.444444444,1,1
Facebook,0,56,0,400,709,0.563380282,592,191,0.322091062,0.457247222,0.776879826,28,146,91,0,1,1,user_673106,11,6,0.545454545,1,0
X,,25,0,,700,0.549215407,2490,180,0.072260136,0.066537761,0.074435323,178,,80,1,0,1,acc_w37q18tk,12,4,0.333333333,1,1
Instagram,1,152,1,388,739,0.524324324,1858,,0.116729424,,0.305181674,163,90,84,0,1,0,ashley.7795,11,4,0.363636364,1,1
X,,53,0,389,702,0.553342817,,204,1.789473684,0.763255724,0.958040424,159,113,126,1,1,0,tao.7556,8,4,0.5,1,1
Facebook,1,28,0,407,688,0.590711176,1318,170,,0.882341386,0.985247117,319,138,87,1,1,1,zvhmj1541,9,4,0.444444444,0,0
Instagram,,210,0,,700,0.590584879,1738,218,0.125359402,0.540637347,0.161402862,397,176,93,0,0,1,sbvte9832,9,4,0.444444444,0,0
Facebook,0,96,1,340,675,0.50295858,2062,175,,0.673137951,0.560901921,287,34,127,1,0,1,acc_pbxq7wxp,12,1,0.083333333,1,1
Facebook,0,163,1,418,703,0.59375,1691,193,0.114066194,0.438050418,0.559148828,493,83,41,1,,1,user_788435,11,6,0.545454545,1,1
,1,,1,404,682,0.591508053,3669,217,0.059128065,0.318909259,0.452380691,264,75,98,1,1,0,john.1276,9,4,0.444444444,1,0
Instagram,1,77,0,385,668,0.5754858,1395,227,0.16260745,0.411699995,0.924700158,466,56,133,1,1,1,d9dgpde5f7,10,3,0.3,0,0
Instagram,1,34,1,400,,0.524246396,3169,208,,0.911752357,,394,27,135,,0,0,omar,4,0,0,0,0
Instagram,0,29,0,422,,0.587743733,3560,197,0.055321539,0.164171285,0.764526936,,65,68,1,0,0,yusuf4225,9,4,0.444444444,0,1
Instagram,,91,0,401,710,0.563994374,2237,223,0.099642538,0.248499818,0.269569432,434,,39,0,0,0,alex7749,8,4,0.5,0,1
Instagram,0,16,0,382,697,0.547277937,3884,,0.049163449,0.606190791,0.434319772,387,149,137,1,0,0,olga.7227,9,4,0.444444444,1,1
Instagram,1,,,423,675,0.625739645,3252,,0.058407624,0.116281322,0.487423698,296,,30,1,0,0,max,3,0,0,0,0
X,1,207,,419,697,,3933,204,0.051855618,,0.298912041,24,90,29,1,1,0,pablo_7847,10,4,0.4,1,0
Facebook,0,237,0,420,728,0.576131687,3015,171,0.056697613,0.047236372,,144,136,84,0,,1,qlmtc7046,9,4,0.444444444,0,0
,1,157,0,380,690,0.549927641,3487,209,0.059919725,0.755312293,,174,198,,0,0,0,martin4503,10,4,0.4,0,0
X,0,243,1,411,688,,1129,197,0.174336283,0.373728047,,,163,26,0,0,0,liwei,5,0,0,0,0
X,1,92,1,396,696,,1697,194,0.114252061,0.051165574,0.203653334,313,181,34,1,0,0,tariq,5,0,0,0,0
X,0,172,1,401,703,0.569602273,133,170,1.268656716,0.842927894,0.242261809,108,165,59,0,0,0,carlos,6,0,0,0,0
Facebook,1,,0,,697,0.542979943,,220,0.04713949,0.640460235,0.255460029,128,65,31,0,1,0,riya,4,0,0,0,0
Instagram,0,109,0,419,760,0.550591327,4221,185,0.043818096,0.008858709,0.455716345,1,,89,0,1,0,priya,5,0,0,0,0
,0,,0,401,679,0.589705882,3540,209,0.059022875,0.267532848,0.509573191,9,132,131,1,1,0,lucas.69,8,2,0.25,1,0
Facebook,0,,1,416,667,0.622754491,2989,214,0.071571906,0.352045608,0.308879208,346,80,90,0,1,1,bhdgm3019,9,4,0.444444444,0,0
Facebook,0,178,1,424,721,0.587257618,4303,210,0.048791822,0.322578149,0.90729642,,164,99,0,0,0,jessica62,9,2,0.222222222,0,1
,0,101,1,409,698,,,,0.063429439,0.498342029,0.553139723,410,185,26,1,0,0,carlos,6,0,0,0,0
,0,105,0,403,739,0.544594595,312,,0.686900958,0.526802958,0.787476928,396,62,,1,0,0,maria_7927,10,4,0.4,1,0
Instagram,1,46,0,409,,0.585959885,,183,0.075277664,0.396754018,0.924237832,318,98,,0,1,1,acc_l1ifbxrq,12,1,0.083333333,1,1
X,1,180,1,395,701,0.562678063,1786,224,0.125349748,0.331770339,0.163135115,10,,25,1,1,0,mia6152,7,4,0.571428571,0,0
X,1,63,0,393,678,0.578792342,4392,216,0.049169133,0.504409328,0.427874484,397,71,23,0,1,0,daniel_4099,11,4,0.363636364,1,1
Instagram,0,245,1,364,724,,402,184,0.456575682,0.033615405,0.433210402,95,42,118,1,1,0,luna.1531,9,4,0.444444444,1,0
Instagram,0,,0,,692,0.577200577,1597,193,0.12077597,0.64520176,0.35447225,463,66,43,0,1,0,tariq3217,9,4,0.444444444,0,0
Instagram,1,249,1,392,709,0.552112676,122,178,1.447154472,0.605982517,0.008905867,379,194,141,1,0,0,yuki.402,8,3,0.375,1,0
,0,165,0,405,701,0.576923077,751,198,0.263297872,0.2792198,0.815972108,92,64,140,,1,0,arjun,5,0,0,0,0
Instagram,0,63,,390,699,0.557142857,106,181,1.691588785,0.179515447,,,61,42,1,1,0,ashley,6,0,0,0,0
X,0,86,1,375,701,0.534188034,1060,190,0.179076343,,0.995480598,97,190,42,0,1,0,lucas_1103,10,4,0.4,1,1
Instagram,0,216,1,402,,0.587719298,4168,204,0.048932598,0.587343751,0.772958492,281,157,65,0,0,0,riya,4,0,0,0,0
,,233,1,,735,0.57201087,4664,,0.043086817,0.568900273,0.580010018,452,89,109,0,,1,tegly6105,9,4,0.444444444,0,0
,1,6,1,,707,0.559322034,3239,,0.066358025,0.53331809,0.154606418,466,165,110,,1,1,user_546142,11,6,0.545454545,1,0
X,1,21,1,413,677,0.609144543,1245,188,0.150882825,0.985618268,0.515392971,294,103,,1,0,1,acc_uvj3b6fh,12,2,0.166666667,1,1
X,1,80,0,411,640,0.641185647,76,192,2.493506494,0.531544111,0.261108741,347,50,139,0,0,1,acc_80tyouij,12,2,0.166666667,1,1
,1,,1,431,645,0.667182663,1010,199,0.196834817,0.72179073,0.252322525,,106,109,1,0,0,sakura_2895,11,4,0.363636364,1,0
Instagram,1,240,1,405,690,0.586107091,3283,219,,0.112918272,0.829529249,144,37,59,0,1,0,sofia483,8,3,0.375,0,0
X,0,168,1,390,703,,2276,228,0.100131752,0.298970789,0.380644424,420,66,25,0,1,0,luna.6587,9,4,0.444444444,1,0
Instagram,0,73,0,401,715,0.560055866,3809,191,0.050131234,0.275446615,0.450723803,363,76,56,0,1,0,anna_6639,9,4,0.444444444,1,2
Facebook,0,137,1,381,723,0.526243094,453,193,0.425110132,0.575975506,0.842964738,210,99,139,1,1,1,bot_evsnl,9,0,0,1,0
Facebook,0,184,1,381,738,0.51556157,766,200,0.260756193,0.330813228,0.087790626,154,104,132,0,0,0,ivan7267,8,4,0.5,0,0
Instagram,1,,1,401,733,0.546321526,4583,200,0.043630017,0.641066427,0.594617853,241,47,134,,0,1,bot_69ouv,9,2,0.222222222,1,0
Facebook,1,239,0,405,754,,2716,195,0.071770335,0.690089739,0.578215681,75,139,143,0,0,0,dmitri_716,10,3,0.3,1,0
Instagram,,124,0,371,,0.564687976,1498,184,0.122748499,0.033689837,0.425214569,322,,51,0,0,1,o3jgh3xr54,10,4,0.4,0,0
X,,,1,405,696,0.581061693,3947,210,0.053191489,0.639757712,0.829774641,377,102,80,0,,0,yumi_1116,9,4,0.444444444,1,1
X,1,229,0,404,699,0.577142857,3733,207,0.055436529,,0.942890061,451,71,148,1,0,0,jessica_9952,12,4,0.333333333,1,2
Facebook,,218,1,413,723,0.570441989,4926,204,0.041404506,0.465135302,0.465335862,174,116,26,1,1,0,nikolai,7,0,0,0,0
Instagram,1,51,0,405,684,0.591240876,2839,199,0.070070423,0.726576571,0.456147051,110,110,110,,1,0,leo_1498,8,4,0.5,1,0
,1,160,1,431,711,,490,200,0.407331976,0.703344996,0.50206373,458,,115,0,0,0,ananya4646,10,4,0.4,0,0
Facebook,0,0,0,421,,0.618208517,,,0.086185567,0.299822545,0.723124031,417,,,0,1,0,rahul_2494,10,4,0.4,1,0
X,0,235,1,408,686,0.593886463,,211,0.108931337,0.27236585,0.668060291,17,182,22,0,1,1,bot_m1kn1,9,2,0.222222222,1,0
Facebook,1,180,1,420,692,0.606060606,2750,235,0.085423482,0.440226508,0.222834949,290,133,126,1,1,0,ahmed.5081,10,4,0.4,1,0
X,1,187,0,390,689,0.565217391,3297,198,0.060036386,0.188667083,0.063895349,273,82,,1,0,0,michael_3795,12,4,0.333333333,1,0
Instagram,0,161,1,430,,0.581081081,4571,199,0.043525809,0.974699013,0.94925413,237,127,138,0,1,0,kiran3271,9,4,0.444444444,0,0
X,1,3,1,411,691,0.593930636,3692,232,0.062821554,0.344917071,0.26106976,,107,62,,1,1,user_228899,11,6,0.545454545,1,3
Facebook,,144,1,421,721,0.583102493,1104,194,0.175565611,0.922993274,0.638596685,161,189,84,1,1,0,satish,6,0,0,0,0
Instagram,0,131,1,,693,0.57204611,1600,192,0.119925047,0.908264963,0.828438003,416,176,118,0,0,0,max,3,0,0,0,0
Facebook,1,170,0,386,701,0.54985755,3282,218,0.06640268,0.364848988,0.300276751,383,,9,0,1,0,ashley,6,0,0,0,0
Facebook,0,245,1,,684,0.573722628,,193,0.061037318,0.254084632,0.635433414,199,181,111,0,,0,mina168,7,3,0.428571429,0,0
X,,217,0,420,668,0.627802691,3946,,0.050164682,0.770835635,0.107900241,233,137,128,0,1,1,bfwgpzc0a9,10,2,0.2,0,0
Facebook,0,3,0,,648,0.588597843,,199,0.876651982,0.229377848,0.969931444,382,,,0,0,0,yusuf616,8,3,0.375,0,0
X,1,0,0,410,749,0.546666667,4804,181,0.037669095,0.52124639,0.058158275,,156,54,1,0,0,fatima,6,0,0,0,0
Instagram,0,70,,401,730,0.548563611,1715,196,0.114219114,0.110689374,0.438174674,497,118,97,1,0,1,sqngt4100,9,4,0.444444444,0,1
X,1,221,1,368,,0.496626181,4150,195,0.046976632,0.385932155,0.536819242,,93,85,1,1,0,layla7101,9,4,0.444444444,0,0
Instagram,0,177,1,,,0.588325653,2244,185,0.082405345,0.078154924,0.790481779,42,108,133,1,1,0,riya_7885,9,4,0.444444444,1,1
X,1,200,0,400,685,0.583090379,2893,199,0.068762958,,0.121128517,81,133,104,0,1,0,chen8662,8,4,0.5,0,1
Facebook,1,188,1,415,685,0.604956268,2346,211,0.089902003,,0.440807974,,185,23,1,,1,mtiwa3297,9,4,0.444444444,0,0
X,1,34,0,402,678,,579,,0.379310345,0.991307157,0.29971157,303,77,,,1,0,dmitri8413,10,4,0.4,0,0
X,1,7,1,385,679,0.566176471,1699,226,0.132941176,0.254807597,0.312010716,68,184,102,1,0,1,acc_0n4zomta,12,2,0.166666667,1,1
Instagram,1,151,,406,733,,,200,0.043506635,,0.778787916,198,130,132,,0,0,zuri,4,0,0,0,0
Facebook,1,210,1,412,735,0.559782609,2672,179,0.066965956,0.448046115,0.005460945,405,23,134,1,1,0,layla9281,9,4,0.444444444,0,0
X,1,35,0,362,,0.536296296,4302,185,,0.184153634,,,146,130,1,0,0,amina.906,9,3,0.333333333,1,0
Facebook,1,177,0,439,708,0.619181946,2928,223,0.0761352,0.610069036,0.81039843,426,8,,1,0,1,acc_9384gd91,12,6,0.5,1,1
X,1,243,1,,713,0.542016807,279,210,0.75,0.724704947,0.901362244,460,157,75,0,1,0,michael.8528,12,4,0.333333333,1,0
X,0,122,0,397,716,0.553695955,1469,223,0.15170068,0.147219483,0.626881803,,95,,0,1,1,yezsi5055,9,4,0.444444444,0,1
Facebook,0,42,0,392,697,0.561604585,4773,,0.043150398,,0.333455328,479,76,97,1,0,1,su6k1a8ow5,10,4,0.4,0,0
,1,26,1,430,,0.601398601,941,219,0.232484076,0.700161636,0.427234733,215,81,46,0,0,0,chen_6731,9,4,0.444444444,1,0
,,31,0,447,729,0.612328767,2319,207,0.089224138,0.197342881,0.969736082,123,171,54,1,1,0,tariq.6001,10,4,0.4,1,1
X,1,77,1,441,713,,4537,221,0.048699868,0.648947625,0.881186826,15,,48,1,1,0,mia47,5,2,0.4,0,0
Instagram,1,120,1,349,670,0.520119225,1784,202,0.113165266,,0.463525909,125,85,2,0,1,0,mina.8618,9,4,0.444444444,1,0
Facebook,0,145,1,397,671,0.59077381,1876,225,,0.681137752,0.943063007,13,195,,0,0,1,acc_f447fxxn,12,3,0.25,1,3
X,1,155,0,409,693,0.589337176,4644,188,0.040473628,0.496096852,0.822954875,38,59,34,1,0,1,uuapd1629,9,4,0.444444444,0,1
X,1,156,1,414,674,,3227,,0.065675341,0.048137675,,198,150,,1,1,0,ashley_7396,11,4,0.363636364,1,0
Instagram,0,15,1,396,686,0.576419214,3729,188,0.050402145,,0.682977235,107,60,139,1,1,0,olga,4,0,0,0,0
Facebook,0,98,0,378,722,0.522821577,986,214,0.216818642,0.555599925,0.857654043,267,134,128,1,1,1,bot_bbq2x,9,1,0.111111111,1,1
X,1,46,,361,685,0.526239067,,222,0.078695498,0.724794623,0.891766141,,171,99,1,1,0,satish.772,10,3,0.3,1,1
,0,186,0,407,685,0.593294461,3971,201,0.05060423,0.126071775,0.092016585,352,182,116,1,1,1,acc_dro0d13d,12,3,0.25,1,1
X,0,30,0,,687,0.549418605,2067,198,0.095744681,0.721272473,0.965216977,310,74,22,1,,0,lucas_1861,10,4,0.4,1,0
Facebook,1,3,1,378,706,0.534653465,425,201,0.471830986,,0.333613099,389,38,100,0,,1,user_008317,11,6,0.545454545,1,1
X,0,164,0,384,685,0.559766764,,189,0.089700997,0.799267044,0.43989951,39,121,27,0,1,0,yumi.1705,9,4,0.444444444,1,0
X,0,16,0,427,692,0.616161616,2471,203,0.082119741,0.599165875,0.791903759,346,186,112,0,1,0,alex_3377,9,4,0.444444444,1,2
,1,38,,414,700,0.590584879,3795,183,0.048208641,,0.664896306,268,105,116,0,1,0,haruto6917,10,4,0.4,0,0
,0,47,0,392,,0.568940493,2892,208,0.071897684,0.201916952,0.893059912,68,97,124,0,,0,leo,3,0,0,0,0
Instagram,0,173,1,380,714,0.531468531,1684,,0.118694362,0.815924169,0.400573751,151,132,,0,1,0,hans_9855,9,4,0.444444444,1,1
Instagram,1,217,0,365,691,0.527456647,3174,228,0.071811024,0.560192664,,457,169,55,0,0,1,acc_ns48yppg,12,2,0.166666667,1,2
Facebook,1,175,1,450,737,0.609756098,3148,206,0.065417593,0.987468073,0.03168885,186,91,,1,0,1,acc_xxerotov,12,0,0,1,2
Instagram,1,38,0,377,723,0.520718232,4062,187,0.046025105,0.37348867,0.462725377,429,13,132,,1,0,leo.1218,8,4,0.5,1,0
Instagram,,232,1,429,695,,4052,204,0.050333087,0.685719222,0.72407077,351,154,141,0,1,0,marco1571,9,4,0.444444444,0,0
Facebook,1,,1,406,697,0.581661891,3652,206,0.056392007,0.622820872,0.301178718,456,15,27,1,1,0,john1201,8,4,0.5,0,0
Instagram,1,29,0,415,684,0.605839416,4162,209,0.05020418,0.637581709,,240,129,20,,1,0,chen.7196,9,4,0.444444444,1,0
Instagram,0,157,1,421,685,0.613702624,4911,211,0.042956026,,0.219397768,226,146,75,0,1,0,chris_2961,10,4,0.4,1,0
Facebook,1,21,0,402,728,0.551440329,,188,,0.13910828,,427,150,19,0,0,0,sakura.8953,11,4,0.363636364,1,0
Facebook,1,202,1,415,740,0.560053981,,,0.066079295,0.549644044,,203,168,114,0,0,0,rahul_5258,10,4,0.4,1,0
Facebook,1,65,1,388,730,,1810,215,0.11871894,0.50912967,0.705383055,266,13,95,,,0,sofia4041,9,4,0.444444444,0,0
X,1,107,1,378,686,,437,204,0.465753425,,0.378940012,117,,50,0,1,0,kiran2737,9,4,0.444444444,0,0
X,,11,0,,685,0.559766764,4886,189,0.038674033,0.436150267,0.041596069,316,,101,0,1,0,sofia,5,0,0,0,0
Facebook,,221,1,369,729,0.505479452,235,209,0.88559322,0.518812077,0.853469587,291,7,39,0,1,1,user_774639,11,6,0.545454545,1,1
Facebook,1,35,0,418,707,0.59039548,4771,190,0.039815591,0.320922315,0.487721863,455,26,84,1,1,0,kwame8192,9,4,0.444444444,0,0
Facebook,0,17,1,388,672,0.576523031,2146,192,0.089427108,0.293158832,0.59931897,393,110,80,1,0,1,4yp859qijz,10,4,0.4,0,0
X,1,89,1,388,711,0.54494382,3576,190,0.053117137,0.738272575,,461,39,,,0,0,carlos.599,10,3,0.3,1,1
X,0,180,1,363,724,0.500689655,4857,209,0.04302182,0.066918143,0.655074433,221,155,107,1,0,0,riya,4,0,0,0,0
,0,,1,403,666,0.604197901,3562,,,0.312963079,0.730856871,384,67,1,0,0,1,fbtho1542,9,4,0.444444444,0,0
Instagram,0,0,1,393,658,0.596358118,2475,179,0.072294023,,,62,122,13,1,1,1,acc_hoqbp5s2,12,2,0.166666667,1,1
Facebook,1,126,1,402,690,0.581765557,,178,0.780701754,0.208772968,0.589151531,395,60,13,0,1,1,dopsd6869,9,4,0.444444444,0,0
X,0,185,0,412,724,0.568275862,2611,,0.084226646,0.572272635,,4,165,43,0,1,0,hans.7302,9,4,0.444444444,1,0
X,0,,0,420,718,0.584144645,2276,174,0.076416337,0.302164142,0.24314215,333,127,39,0,0,0,leo1265,7,4,0.571428571,0,0
,0,86,0,429,688,,4802,,0.041640641,0.843301273,0.902903237,291,107,33,1,0,1,acc_kctczyjj,12,0,0,1,2
,1,89,1,429,,0.6,1816,204,0.112272977,0.349989332,0.969924845,144,151,64,1,1,0,ahmed744,8,3,0.375,0,1
Instagram,1,,0,,709,0.557746479,3855,,0.0531639,0.229516562,0.357662755,441,155,,0,,0,lucas_3942,10,4,0.4,1,0
Facebook,1,133,1,438,691,0.632947977,3996,163,0.040780585,0.530103777,0.112310729,149,168,111,1,1,0,olga_7952,9,4,0.444444444,1,0
Instagram,1,69,0,437,670,,1411,181,0.128186969,0.135660513,0.222537327,158,,33,1,1,0,oliver,6,0,0,0,0
Instagram,1,43,0,406,688,0.589259797,4765,203,0.04259337,0.797483967,0.670667346,409,48,86,0,,1,acc_644ekcl8,12,4,0.333333333,1,2
,1,199,1,389,708,0.548660085,3380,225,0.066548358,0.680028251,0.17293337,268,153,79,0,,0,fatima,6,0,0,0,0
Instagram,1,151,1,412,727,0.565934066,1846,,0.110990796,0.770508905,0.780122273,446,2,123,1,0,0,sakura.7614,11,4,0.363636364,1,0
Instagram,,85,0,387,713,,1338,213,0.159073936,0.3988782,0.92303024,450,,61,0,1,0,fatima.5071,11,4,0.363636364,1,0
X,0,18,0,398,676,0.58788774,118,217,1.823529412,0.835003414,0.963651515,490,165,127,1,1,0,max.2612,8,4,0.5,1,0
Instagram,,,0,,708,0.589562764,1869,220,0.117647059,,0.009325506,318,141,69,0,1,0,sofia,5,0,0,0,0
Facebook,0,145,0,,715,0.592178771,2098,,0.090995712,0.094699035,0.958154165,10,128,47,0,1,0,suresh.2154,11,4,0.363636364,1,0
,1,94,1,409,663,0.615963855,1814,213,,0.224029249,0.740194419,68,91,,0,1,0,anna.2252,9,4,0.444444444,1,2
Instagram,,100,0,401,,,1588,,0.118313405,0.711052802,0.084050232,191,122,38,0,0,1,user_448396,11,6,0.545454545,1,1
X,0,29,1,390,702,0.554765292,,222,0.068223725,0.896422299,0.415240469,101,117,69,0,1,0,ananya.3551,11,4,0.363636364,1,1
X,0,248,1,399,706,0.564356436,543,202,0.371323529,0.095185592,0.700045475,451,10,79,0,1,0,carlos,6,0,0,0,0
Instagram,0,169,0,370,664,0.556390977,2375,199,0.083754209,0.864214791,0.956685493,31,167,8,0,,1,acc_edzq3rqh,12,1,0.083333333,1,1
,1,,1,,680,0.587371512,1527,224,0.146596859,0.799069829,0.164141394,201,,28,0,1,1,acc_k1del9dq,12,2,0.166666667,1,1
Facebook,1,201,0,,703,0.542613636,3568,197,0.055197534,0.35656106,0.127733282,265,,117,,1,0,ayanda_1813,11,4,0.363636364,1,0
Instagram,1,228,,367,,,1270,200,0.157356412,0.689276804,0.472347053,,192,61,1,1,0,kwame6889,9,4,0.444444444,0,1
X,0,11,1,404,719,0.561111111,602,201,0.333333333,0.186951344,0.968098894,53,183,141,1,1,0,chen_1113,9,4,0.444444444,1,1
,1,117,0,401,692,0.578643579,3615,200,0.055309735,0.8133933,,438,9,42,1,,1,bot_jh0po,9,1,0.111111111,1,0
Facebook,,93,1,404,701,0.575498575,2150,185,0.086006509,,0.227914741,337,80,87,1,1,1,svjvu2692,9,4,0.444444444,0,0
Facebook,1,154,1,381,680,0.559471366,3302,211,0.06388132,,0.319347148,,70,7,1,1,1,luqcy4352,9,4,0.444444444,0,0
Facebook,1,166,0,401,660,0.606656581,388,205,0.526992288,0.864517316,,238,102,24,1,0,0,mina_6991,9,4,0.444444444,1,1
,1,136,1,398,656,0.605783866,3681,207,0.056219446,0.139234501,0.734841491,438,191,131,1,1,1,roppx1647,9,4,0.444444444,0,1
Facebook,1,245,1,413,631,0.653481013,1603,,0.121571072,0.845785632,,,140,14,1,,0,riya,4,0,0,0,0
,1,148,,383,705,0.542492918,3283,206,0.06272838,0.023886407,,337,21,15,0,1,0,kwame,5,0,0,0,0
Instagram,0,75,0,429,683,,2697,185,0.068569311,0.753200404,0.21509605,290,55,,1,0,0,liwei,5,0,0,0,0
Instagram,1,,1,420,688,0.6095791,4435,205,0.046212804,0.573364077,0.759726859,322,121,126,1,1,1,22bdld9hf4,10,4,0.4,0,1
Instagram,0,28,1,403,704,0.571631206,4152,209,0.050325066,,0.048565232,320,192,10,0,1,0,kwame,5,0,0,0,0
,0,160,1,415,715,,3834,186,0.048500652,0.412344526,0.817832779,272,91,27,,1,1,rvydl7588,9,4,0.444444444,0,1
X,0,,0,391,737,0.529810298,1306,201,0.153787299,0.864441126,0.601556762,41,96,6,0,,0,zuri.3796,9,4,0.444444444,1,0
Instagram,0,189,1,407,698,,717,192,0.267409471,0.313149024,0.956100963,442,140,113,0,,0,dmitri3431,10,4,0.4,0,0
X,0,,1,404,700,0.576319544,3656,184,0.050314465,0.274955285,,197,0,127,1,0,0,dmitri.6060,11,4,0.363636364,1,0
Instagram,1,14,1,375,708,,2992,213,0.071166054,,0.050815109,376,37,37,,0,0,arjun,5,0,0,0,0
Instagram,1,,1,398,712,0.558204769,314,180,0.571428571,0.774363843,0.160521486,120,185,67,0,1,1,bot_12158,9,5,0.555555556,1,0
X,1,179,1,370,709,0.521126761,2281,222,0.097283085,0.495291731,0.484207047,394,152,,1,1,0,ahmed.8483,10,4,0.4,1,0
Facebook,1,230,1,404,695,0.58045977,2623,205,0.078125,0.537085326,,333,41,119,,0,1,acc_qzbktj8n,12,1,0.083333333,1,1
Instagram,0,116,0,,735,0.569293478,,202,0.227221597,0.831655418,0.814445142,496,,34,1,1,1,acc_15sl33pn,12,4,0.333333333,1,2
,1,,0,402,677,0.592920354,4343,207,0.047651934,0.833365552,0.964370026,283,160,133,1,0,1,iuasi8198,9,4,0.444444444,0,0
Instagram,1,181,,,714,0.514685315,2490,240,0.096346849,0.161738105,,294,184,109,0,1,0,kojo.6670,9,4,0.444444444,1,1
X,0,17,1,454,683,0.66374269,1923,209,0.108627859,0.549767673,0.25656352,181,36,115,0,0,0,layla3034,9,4,0.444444444,0,0
Facebook,0,2,0,,682,0.60761347,4030,186,0.046142396,0.126018206,0.02510664,99,184,109,,0,0,john_3330,9,4,0.444444444,1,1
X,1,134,0,390,708,0.550070522,3064,200,,0.868528471,0.222926491,10,97,101,1,1,1,akfza8124,9,4,0.444444444,0,0
X,1,,0,422,652,0.646248086,161,218,1.345679012,0.837005702,0.675273198,370,,98,1,0,1,user_594156,11,6,0.545454545,1,0
,0,209,1,408,719,0.566666667,2188,213,0.097304705,0.849348858,0.926274823,,130,141,,1,0,rahul.953,9,3,0.333333333,1,0
X,1,235,1,365,674,0.540740741,2352,212,0.090097748,0.7048585,0.320903667,,29,146,1,,1,user_300438,11,6,0.545454545,1,1
Facebook,1,165,1,414,681,0.607038123,1484,215,0.144781145,0.466877306,,116,,138,1,0,0,saif2985,8,4,0.5,0,0
Instagram,1,164,1,415,688,0.602322206,3893,202,0.051874679,0.404721226,0.394898248,423,190,70,0,1,0,luna,4,0,0,0,0
Facebook,1,185,0,396,675,0.585798817,,,0.114433583,0.395224564,0.308271249,499,81,87,0,0,0,mina2136,8,4,0.5,0,0
Instagram,,160,0,,669,0.610447761,4221,184,0.043581241,0.066212789,0.508844243,387,22,87,1,0,1,bot_r5isw,9,1,0.111111111,1,0
X,0,107,0,366,695,0.525862069,1909,208,0.108900524,0.948870286,0.442273492,63,199,77,0,1,0,jose978,7,3,0.428571429,0,0
X,0,,0,402,678,0.592047128,1371,,,0.450275657,0.913799869,175,65,10,1,0,1,bot_t0rww,9,1,0.111111111,1,1
Instagram,1,94,,382,714,0.534265734,1978,227,0.114704396,0.930114899,0.468256947,453,188,126,0,0,1,bot_5ep71,9,3,0.333333333,1,0
X,1,121,1,378,,0.532394366,3396,204,0.060052988,0.879257539,0.277335387,485,1,78,0,0,1,v0sab25k1n,10,4,0.4,0,0
Facebook,1,10,0,,686,0.580786026,2455,219,0.089169381,,,82,154,73,0,0,0,yumi.3815,9,4,0.444444444,1,0
Instagram,1,67,0,376,697,0.538681948,4260,208,0.048814832,0.588308885,0.998749512,414,175,16,0,0,0,rahul_9038,10,4,0.4,1,0
X,1,122,0,395,736,0.535956581,4958,,0.041742287,0.101555886,0.648171419,1,62,137,0,1,0,leo,3,0,0,0,0
,0,209,0,417,673,0.618694362,2288,215,0.093927479,,0.250461369,298,4,5,0,1,0,saif.7280,9,4,0.444444444,1,0
Facebook,1,195,0,,680,0.597650514,1237,199,0.160743134,0.603586209,0.238815077,216,128,147,,1,0,noah_2535,9,4,0.444444444,1,0
Facebook,1,112,1,404,691,0.583815029,3175,192,0.060453401,0.013455808,0.057706696,241,149,0,1,0,1,acc_m2qjf2r4,12,3,0.25,1,1
X,0,,1,419,735,0.569293478,1207,195,0.161423841,0.042630914,0.077293039,296,73,63,0,1,0,jose_5523,9,4,0.444444444,1,1
Facebook,1,92,0,405,693,0.583573487,505,225,0.444664032,0.677663382,0.914983095,,108,0,0,0,0,ayanda_9437,11,4,0.363636364,1,0
Instagram,0,215,0,,763,0.554973822,3768,205,0.054391085,0.888202852,0.096487107,367,,100,1,1,0,mina.7317,9,4,0.444444444,1,0
Facebook,0,21,0,414,766,0.539765319,,194,0.041973172,0.855163129,,202,58,0,1,1,0,ivan_4742,9,4,0.444444444,1,0
Instagram,0,193,1,,668,0.585949178,,196,0.139501779,,0.69812178,429,177,108,0,0,0,amina,5,0,0,0,0
Instagram,0,171,1,400,640,0.624024961,1768,225,0.127190503,0.911233453,0.850354783,39,22,,0,1,0,zuri_2704,9,4,0.444444444,1,0
Facebook,0,126,1,,654,0.638167939,3734,179,0.047925033,0.696302201,,314,145,42,1,0,1,xvgfj4829,9,4,0.444444444,0,0
X,1,133,,422,,0.602857143,701,197,0.280626781,0.716325954,0.437778679,44,88,37,0,0,0,hans.3571,9,4,0.444444444,1,0
Facebook,,,1,412,694,0.592805755,3205,205,0.063942608,0.304041201,0.251480195,297,21,,1,0,1,user_358493,11,6,0.545454545,1,0
Instagram,0,24,0,403,690,0.583212735,4146,201,0.048468773,0.715996776,0.25582309,,,,,0,1,bot_lybut,9,0,0,1,0
Instagram,1,246,1,405,674,0.6,,,0.063851014,0.709772278,0.303839307,491,43,81,0,1,0,camila_7565,11,4,0.363636364,1,0
Facebook,1,184,1,422,695,0.606321839,4791,199,0.041527546,0.594665526,0.587116214,404,36,139,0,0,1,hgusnhb5vr,10,1,0.1,0,0
X,0,84,1,,670,,4122,219,0.053116663,0.357288403,0.016577472,130,6,,,0,0,layla7958,9,4,0.444444444,0,0
X,1,54,0,396,701,0.564102564,,223,0.05460333,0.811014438,0.408766286,449,23,8,1,0,1,user_033135,11,6,0.545454545,1,1
Instagram,1,143,0,416,703,,11,189,15.75,0.937517938,,,168,135,1,0,0,sofia.622,9,3,0.333333333,1,1
Instagram,0,94,1,398,,,4904,222,0.045259939,0.869888425,0.967118509,279,69,79,1,1,1,user_573165,11,6,0.545454545,1,0
X,0,141,0,383,719,0.531944444,2059,223,,0.242979194,0.582729159,49,70,61,1,0,1,user_759546,11,6,0.545454545,1,0
Facebook,1,166,0,395,712,0.553997195,3678,233,0.063332427,0.445673829,0.868095469,87,145,22,1,1,1,xwkuh7788,9,4,0.444444444,0,2
Instagram,0,155,0,380,657,0.577507599,,209,,0.342414352,0.195689987,20,71,92,1,1,1,bot_vs5oa,9,1,0.111111111,1,0
Instagram,0,223,0,391,667,0.585329341,973,199,0.204312115,0.70747955,0.810015699,,59,58,0,,0,ahmed.569,9,3,0.333333333,1,0
X,1,219,,376,755,0.497354497,3793,209,0.055086979,,0.414782461,387,179,9,0,1,0,yusuf_9261,10,4,0.4,1,0
Facebook,0,178,0,,778,0.474967908,2455,202,,0.215796132,0.177694689,231,176,139,1,0,0,ananya.5869,11,4,0.363636364,1,0
,0,118,,369,698,0.527896996,842,234,0.277580071,0.947275535,0.761245202,380,194,124,0,,0,jose3616,8,4,0.5,0,0
,0,176,1,,710,0.568213783,4455,186,0.041741472,0.677329133,0.762011098,42,44,115,1,0,1,acc_h7i3t7iy,12,3,0.25,1,1
Facebook,0,8,0,395,672,0.58692422,285,196,0.685314685,,0.995887907,430,136,73,1,1,0,sarah9845,9,4,0.444444444,0,0
Facebook,0,185,0,369,720,0.511789182,2436,200,0.082068117,0.371094611,0.780937262,22,115,40,0,,1,user_770820,11,6,0.545454545,1,1
Instagram,,172,,401,731,0.547814208,2832,,0.073773385,0.104606858,0.145267248,443,153,102,1,1,0,sofia2349,9,4,0.444444444,0,0
X,1,149,1,415,660,0.627836611,4521,177,0.039141973,0.597068985,,215,153,6,0,0,1,ju6iru9nth,10,2,0.2,0,0
X,0,159,1,415,685,0.604956268,1030,184,0.178467507,0.169191523,0.451726917,276,29,93,,0,0,john.6567,9,4,0.444444444,1,0
Facebook,1,196,1,407,675,0.602071006,4452,,0.042443297,0.693089938,0.126652806,193,26,115,1,0,1,acc_zjm3cbir,12,1,0.083333333,1,1
,0,214,0,412,681,0.604105572,2967,194,0.065363881,0.737246743,0.788038974,214,,104,1,1,1,acc_61h9gabr,12,3,0.25,1,1
Instagram,0,196,1,374,722,0.517289073,,181,0.326126126,0.479334818,0.526698538,178,178,,0,0,0,omar.7932,9,4,0.444444444,1,0
X,0,41,1,,,0.57977208,268,182,0.676579926,0.093816771,0.944449569,142,82,44,0,1,0,ayanda.7308,11,4,0.363636364,1,0
Instagram,0,52,0,435,681,0.637829912,1241,222,0.178743961,,0.589308145,313,,37,0,0,1,user_064154,11,6,0.545454545,1,0
Instagram,0,,0,465,709,0.654929577,4160,199,0.047825042,0.372205252,0.522899084,25,69,80,0,,0,ivan.6522,9,4,0.444444444,1,1
Facebook,1,186,0,404,637,0.63322884,2490,201,0.080690486,0.949647471,0.071425153,217,,84,1,0,0,max_3262,8,4,0.5,1,0
Instagram,,73,1,401,690,0.580318379,2589,203,0.078378378,0.513205707,0.149345905,475,137,,0,0,0,olga,4,0,0,0,0
,,38,,405,726,,470,179,,0.072266069,0.849526077,58,117,45,,1,0,marco,5,0,0,0,0
,1,121,1,414,720,0.574202497,3288,197,0.059896625,0.636049083,0.990675978,345,105,122,0,0,0,priya,5,0,0,0,0
Instagram,0,14,0,417,697,0.597421203,3937,,0.05408837,0.779353703,0.415179136,44,,145,,0,0,rahul,5,0,0,0,0
,1,198,0,,,0.557664234,2020,178,0.08807521,0.160502809,0.810086084,449,45,129,1,0,0,olga_8652,9,4,0.444444444,1,0
X,0,156,1,365,676,,2024,219,0.108148148,0.449057364,0.627585766,418,103,,0,1,0,john,4,0,0,0,0
Instagram,1,122,0,389,,,1590,215,0.135135135,,0.959059274,,133,111,1,1,1,bot_iins5,9,1,0.111111111,1,1
Instagram,0,110,0,400,684,0.583941606,4974,204,0.041005025,0.020493615,0.238137235,349,107,131,0,1,0,marco,5,0,0,0,0
X,0,130,0,379,709,0.533802817,2061,194,0.094083414,0.028969796,0.544835743,255,103,95,0,1,1,xn7rfmbj4n,10,2,0.2,0,0
Instagram,1,82,0,396,670,0.590163934,4318,200,0.046307016,0.676912067,0.408795818,109,69,82,0,0,0,luna,4,0,0,0,0
Facebook,1,9,0,404,695,0.58045977,1420,185,0.130190007,0.725126498,0.541715976,,88,,0,,0,kiran6349,9,4,0.444444444,0,0
Facebook,0,91,1,420,703,0.596590909,,214,0.242630385,0.845869437,0.268858083,339,2,116,0,1,0,dmitri,6,0,0,0,0
Instagram,1,28,1,416,688,,839,213,0.253571429,0.399599816,0.497746163,249,177,134,0,0,0,ethan_1219,10,4,0.4,1,0
X,0,206,,415,659,0.628787879,752,189,0.250996016,0.389776665,0.624804147,76,41,8,,1,0,arjun.9757,10,4,0.4,1,0
Instagram,,34,,,663,0.647590361,,221,0.815498155,,0.081215884,282,109,26,0,0,0,yusuf,5,0,0,0,0
,1,5,1,387,,0.54815864,3370,,0.064669238,0.757326955,0.742987255,86,181,148,0,1,0,chen_7570,9,4,0.444444444,1,0
,0,139,1,389,723,0.537292818,4828,220,0.045558087,0.640992197,0.706522963,249,166,34,,1,0,mia.8601,8,4,0.5,1,0
X,1,110,0,400,707,0.564971751,4712,206,0.04370889,0.327323304,0.880457601,207,117,87,0,1,1,bot_hl982,9,3,0.333333333,1,0
Facebook,1,37,0,,696,0.575322812,3504,169,0.048216833,0.346547256,0.425856552,158,,,0,0,0,suresh3391,10,4,0.4,0,1
X,0,76,0,384,670,0.572280179,3961,200,,0.763004936,0.061669133,11,,66,,1,0,riya,4,0,0,0,0
Facebook,1,92,1,401,717,0.558495822,2076,200,0.09629273,0.534646662,0.461461129,224,113,42,1,1,1,acc_rwdcc4gc,12,1,0.083333333,1,2
X,0,146,1,373,665,0.56006006,1313,185,0.140791476,0.097976176,0.137609172,357,29,7,1,0,0,anna,4,0,0,0,1
Instagram,0,66,0,393,706,0.555869873,2285,184,0.080489939,,0.647446814,,107,120,0,0,0,kiran.209,9,3,0.333333333,1,0
Facebook,0,135,0,394,671,0.586309524,384,,0.641558442,0.851190376,0.047131524,383,80,77,0,0,1,acc_399465jq,12,6,0.5,1,2
Facebook,0,7,1,390,721,0.540166205,4181,190,0.045432807,0.998803432,0.373996406,31,183,35,1,1,0,hans.3064,9,4,0.444444444,1,0
Facebook,0,246,1,407,706,0.575671853,4342,204,0.046972139,0.335682906,0.082842898,53,156,126,1,0,1,acc_9cwhz6aj,12,2,0.166666667,1,1
Instagram,1,121,0,413,751,0.549202128,2809,213,0.075800712,0.386701662,0.003366434,449,16,47,0,1,1,acc_6jrog7xz,12,2,0.166666667,1,1
Instagram,0,83,1,397,723,0.548342541,804,,0.233540373,0.154488025,0.960557224,,32,134,1,0,0,mia_7584,8,4,0.5,1,0
Instagram,,174,1,384,703,,4336,228,0.052570902,,0.996127348,368,101,73,0,1,0,haruto5346,10,4,0.4,0,0
Instagram,1,131,1,403,739,0.544594595,1097,208,0.189435337,0.424629846,0.555502952,114,,139,1,1,0,mia.4892,8,4,0.5,1,0
Instagram,1,178,1,427,702,0.607396871,3743,197,0.052617521,0.284389644,0.23895585,470,110,54,,1,0,mia.1676,8,4,0.5,1,0
Facebook,1,,1,406,691,,4484,186,0.041471572,0.701424855,0.911099037,287,9,22,,0,0,john,4,0,0,0,0
Instagram,0,,1,396,710,0.556962025,3720,204,0.054823972,0.537849442,0.923036597,398,102,12,0,,1,lmfwmalej9,10,1,0.1,0,0
Facebook,0,44,1,360,707,0.508474576,4772,212,0.04441651,0.822297128,0.854508891,103,38,52,0,1,0,mia_6279,8,4,0.5,1,0
Instagram,0,135,,,733,0.57493188,2697,193,0.07153447,0.724524918,0.544369985,310,77,62,0,1,0,riya.1273,9,4,0.444444444,1,0
X,1,,0,378,688,0.54862119,4267,179,0.041940019,0.128100612,0.074702161,296,,73,1,0,1,bot_edxil,9,0,0,1,0
Facebook,0,15,1,405,696,0.581061693,809,,0.225925926,0.123388966,0.088438928,126,85,50,0,0,1,bot_le0gg,9,1,0.111111111,1,1
X,1,76,1,417,691,0.602601156,,206,0.095680446,0.895648639,0.896619788,39,,6,,0,0,olga.2394,9,4,0.444444444,1,0
Facebook,0,,1,,730,0.547195622,,222,0.06737481,0.819511239,0.875826847,71,40,118,1,1,0,anastasia.6391,14,4,0.285714286,1,0
X,1,239,0,400,705,0.566572238,1306,191,0.14613619,0.467917323,0.434397249,234,174,49,1,,0,amina8414,9,4,0.444444444,0,0
Instagram,0,8,,430,695,0.617816092,3460,198,,0.130364135,0.328154619,369,86,,,0,0,omar_5873,9,4,0.444444444,1,0
Instagram,0,,,393,771,0.509067358,2420,208,0.085914911,0.898576291,0.64412392,432,198,43,0,1,0,luna.3861,9,4,0.444444444,1,0
Instagram,0,77,0,406,713,0.568627451,4225,,0.044959773,0.230700557,0.806987948,469,87,35,1,0,0,kojo.4766,9,4,0.444444444,1,1
Facebook,,76,1,400,724,,1197,196,,0.035534775,0.731684942,,170,,1,0,1,1de32fu5go,10,4,0.4,0,0
X,1,244,1,403,,0.576537911,,214,0.046837382,,0.615602938,293,36,102,1,0,0,carlos,6,0,0,0,0
Instagram,0,,1,418,661,0.63141994,3525,189,0.053601815,0.808935621,,246,122,124,0,0,0,ali.6447,8,4,0.5,1,1
X,0,70,1,,652,0.633996937,1526,200,0.130975769,0.693481692,0.262504869,311,63,,0,0,0,jose.7244,9,4,0.444444444,1,1
X,0,14,1,381,704,0.540425532,1600,184,0.11492817,0.034030357,0.724067481,,198,93,1,0,0,jessica8419,11,4,0.363636364,0,1
Instagram,1,70,1,414,718,0.575799722,1045,197,,0.528431178,0.802619852,128,187,,1,,1,acc_y18ntay8,12,3,0.25,1,1
Instagram,0,101,1,418,738,,,213,,0.653636155,0.116135188,9,,108,0,1,1,acc_ea4123l7,12,5,0.416666667,1,1
X,0,225,0,397,708,0.559943583,,,0.108614232,,0.187297048,167,118,36,1,1,1,zmo5850ly3,10,5,0.5,0,0
Instagram,0,168,1,396,,0.540245566,1376,214,0.155410312,0.471073885,0.680470262,271,149,,0,0,0,sarah.6807,10,4,0.4,1,0
Instagram,0,21,0,408,684,0.595620438,612,209,0.340946166,0.9533493,0.388986587,215,170,97,1,1,0,oliver6053,10,4,0.4,0,0
Instagram,1,151,1,418,699,0.597142857,3317,191,0.057564798,0.244781061,0.563292867,429,123,45,1,0,0,mina.1706,9,4,0.444444444,1,0
Facebook,1,112,1,409,713,0.572829132,,199,0.124375,,0.614814953,,198,,0,1,0,luna2321,8,4,0.5,0,0
X,0,228,0,386,683,0.564327485,4950,189,0.038174106,0.332766245,0.776203467,239,197,97,,,0,leo3611,7,4,0.571428571,0,1
,0,171,0,387,675,0.572485207,1978,212,0.107124811,0.66180487,0.805716951,13,,71,1,1,1,user_074027,11,6,0.545454545,1,0
Facebook,1,0,1,419,,0.623511905,4398,205,0.0466015,0.737157204,0.280096245,89,45,95,0,0,0,luna8188,8,4,0.5,0,1
X,1,9,0,404,692,0.582972583,639,189,0.2953125,,0.541296729,422,21,51,,1,0,oliver_7653,11,4,0.363636364,1,0
Instagram,0,234,1,434,722,0.600276625,4167,188,0.045105566,,0.123523939,17,34,28,0,0,0,max_7245,8,4,0.5,1,0
X,1,207,1,409,,0.536745407,1923,205,,0.885089455,,339,112,68,0,0,0,tao,3,0,0,0,0
Instagram,1,109,0,381,697,0.545845272,646,201,,0.280833703,0.845447938,168,174,26,0,,0,arjun,5,0,0,0,0
Facebook,0,199,0,386,693,,,,0.044720206,0.209911108,0.299505719,55,32,110,1,0,1,u2kjvqq5xo,10,2,0.2,0,1
Instagram,1,183,0,392,691,0.566473988,1999,162,,,,163,140,137,1,0,1,bot_ba6sc,9,1,0.111111111,1,0
X,1,112,0,457,,0.650071124,90,210,2.307692308,0.211849074,0.070091778,151,,,1,0,1,acc_73v7qeva,12,3,0.25,1,1
X,0,216,1,413,689,0.598550725,3279,213,0.064939024,0.508038493,0.574976442,89,66,94,0,1,0,riya.3364,9,4,0.444444444,1,1
X,0,49,0,382,706,0.540311174,2367,198,0.083614865,0.407029697,0.0914281,,12,15,1,1,0,tao3694,7,4,0.571428571,0,0
Facebook,1,11,0,391,691,,824,209,0.253333333,0.232034263,0.680594845,495,49,89,0,1,0,marco.9843,10,4,0.4,1,0
Facebook,0,88,0,,728,,551,,0.327898551,0.292059633,0.678126401,21,184,107,0,1,0,chris_6529,10,4,0.4,1,0
X,1,208,0,417,712,0.584852735,60,193,3.163934426,,0.613987407,266,27,83,0,1,1,user_208968,11,6,0.545454545,1,0
Instagram,,187,0,416,760,0.546649146,4223,206,0.048768939,0.346160346,0.876560502,296,103,67,,0,0,john.2039,9,4,0.444444444,1,0
Facebook,1,153,1,427,705,0.604815864,4179,205,0.049043062,0.381575784,0.378280693,432,97,58,,0,0,kwame,5,0,0,0,0
X,0,237,1,395,695,0.567528736,1244,,0.168674699,,0.902269583,245,95,30,1,1,0,pablo6980,9,4,0.444444444,0,0
X,1,111,,393,742,0.528936743,3480,201,0.057742028,0.168379913,0.036925369,138,86,65,1,1,0,fatima204,9,3,0.333333333,0,0
,1,77,0,412,670,0.614008942,946,219,0.2312566,0.627618587,0.112756988,51,87,,0,1,1,acc_lboeobwo,12,0,0,1,1
Facebook,,168,1,361,717,0.502785515,1641,,0.119366626,0.678157776,0.412205563,66,192,2,1,0,0,priya.5997,10,4,0.4,1,1
Facebook,0,163,0,417,698,0.596566524,1953,203,0.103889458,0.802087046,0.593993019,,151,106,0,0,0,ivan,4,0,0,0,0
Instagram,0,120,1,387,695,0.556034483,2634,221,,0.847327175,0.032375637,249,194,68,,1,0,kwame.1522,10,4,0.4,1,1
Instagram,1,22,1,371,697,0.531518625,3502,211,0.060234085,0.158665543,,330,124,,1,,0,noah,4,0,0,0,0
X,1,170,0,384,680,0.563876652,890,,0.261503928,0.138260761,0.307398316,391,80,79,1,1,1,bot_ts2m3,9,2,0.222222222,1,0
Facebook,0,133,,377,651,0.578220859,574,204,0.354782609,0.614771013,0.887146808,414,6,,1,0,1,user_849943,11,6,0.545454545,1,1
Instagram,0,238,0,365,708,0.514809591,513,,0.375486381,0.756916551,0.533284592,122,73,75,1,1,1,acc_5xfmjfc7,12,2,0.166666667,1,1
,0,196,0,402,693,0.57925072,4161,202,0.048534358,0.27232643,,201,82,41,1,1,1,odqiy1383,9,4,0.444444444,0,0
,0,,1,402,687,,1965,179,,,0.945621811,5,23,3,0,0,0,ali1398,7,4,0.571428571,0,0
Instagram,0,24,1,435,688,0.631349782,4052,210,0.051813472,0.772239431,,336,136,112,0,1,1,user_934505,11,6,0.545454545,1,0
Instagram,0,17,,392,725,0.539944904,2231,222,0.099462366,0.767503108,0.438273266,485,113,41,0,1,0,rahul,5,0,0,0,0
Instagram,,189,1,376,709,0.529577465,2284,191,0.083588621,0.653820166,0.476879615,198,14,96,1,1,0,martin_7578,11,4,0.363636364,1,0
X,0,140,0,406,685,0.591836735,4985,197,0.03951063,0.078787696,,223,112,125,0,0,1,user_106902,11,6,0.545454545,1,0
Facebook,1,42,1,366,704,0.519148936,612,203,0.331158238,0.05064386,0.200199217,12,183,2,1,0,0,olga,4,0,0,0,0
Instagram,0,77,1,395,,0.553221289,438,211,0.480637813,0.38844531,,,121,80,0,0,1,o9yblkfk2j,10,2,0.2,0,0
X,0,27,0,396,735,0.538043478,1460,179,0.122518823,0.026687426,,450,85,138,1,0,0,rahul_2931,10,4,0.4,1,0
Facebook,1,145,0,402,702,0.571834993,524,177,0.337142857,0.904144332,,410,144,80,1,1,0,yuki8738,8,4,0.5,0,0
X,1,,0,430,658,,3578,217,0.060631461,0.020144665,0.257323799,120,18,104,0,0,1,acc_tul071xy,12,3,0.25,1,1
Facebook,0,,1,383,720,0.531206657,4896,226,0.046150705,0.029612862,0.1307592,44,8,123,1,0,1,hikqb5050,9,4,0.444444444,0,0
X,1,62,,375,713,0.525210084,3399,205,0.060294118,0.165327378,0.219022598,361,63,98,1,,0,arjun.6386,10,4,0.4,1,0
,1,184,0,,695,0.558908046,2262,,0.084401237,0.627015132,0.678972912,,184,5,0,,0,mina_747,8,3,0.375,1,0
Instagram,1,91,1,402,691,0.580924855,1024,222,0.216585366,0.541554141,0.613948057,3,37,31,0,1,0,carlos5901,10,4,0.4,0,0
Facebook,1,178,1,389,711,0.546348315,1580,181,0.114484503,0.659487137,0.688314997,292,135,10,0,0,0,dmitri_8814,11,4,0.363636364,1,1
X,0,55,0,443,658,0.672230653,322,199,0.616099071,0.893555141,0.321958123,276,133,42,0,,0,ethan,5,0,0,0,0
X,1,,,361,703,0.512784091,3127,201,0.064258312,0.454945651,,498,176,38,0,0,1,user_386179,11,6,0.545454545,1,0
Facebook,0,159,0,,669,,2832,175,0.061771973,0.043875976,0.451770357,283,101,,1,0,0,fatima7964,10,4,0.4,0,0
,0,,0,407,724,0.56137931,4276,214,0.050035071,,0.513713032,209,172,12,1,0,1,oqygw7164,9,4,0.444444444,0,0
Instagram,0,136,1,398,716,0.555090656,2428,212,0.087278716,0.811964463,0.948807976,287,,38,0,1,0,oliver_8297,11,4,0.363636364,1,0
Facebook,0,231,1,395,,0.553221289,2981,196,0.0657277,0.04988836,0.979277268,358,92,,1,0,0,carlos,6,0,0,0,0
Facebook,1,223,0,417,,0.60787172,,218,0.057994147,0.242849294,0.661542726,180,33,103,0,0,1,acc_z1krjwu7,12,2,0.166666667,1,1
X,1,211,0,399,723,0.551104972,450,202,0.44789357,0.770596799,0.944813193,252,139,,,1,0,sakura_5115,11,4,0.363636364,1,1
Instagram,,219,0,391,708,,1285,,,0.376155239,0.541507386,416,,112,1,0,0,chen.4664,9,4,0.444444444,1,1
Facebook,0,224,1,392,678,0.577319588,3519,186,0.052840909,,0.307282946,281,95,6,1,1,0,sarah.5433,10,4,0.4,1,1
Instagram,0,67,0,411,710,0.578059072,1661,,0.124548736,0.823175742,,144,5,2,0,,1,user_646875,11,6,0.545454545,1,0
Facebook,0,45,0,405,724,,904,196,0.216574586,0.094619538,0.55894059,439,,85,1,1,1,acc_u0lk9vse,12,2,0.166666667,1,1
Facebook,1,248,1,412,722,,1178,206,,0.677284324,,115,,48,0,1,0,yuki_4353,9,4,0.444444444,1,0
,0,,,426,713,0.596638655,330,211,,0.214984387,0.43961707,348,,57,0,1,0,marco,5,0,0,0,0
Facebook,1,239,0,397,759,0.522368421,637,201,0.315047022,0.062651431,0.883771484,467,135,,0,1,0,dmitri_9963,11,4,0.363636364,1,1
Facebook,0,66,0,437,714,0.611188811,,182,0.096245373,0.662497846,,29,165,114,1,0,1,ugqbt9391,9,4,0.444444444,0,0
X,0,153,1,435,672,0.646359584,1868,195,0.104333868,0.121412253,0.273423647,376,146,21,1,1,1,srrtwgvbxl,10,0,0,0,1
Facebook,0,135,0,386,725,0.531680441,2516,226,,0.747007259,0.007981878,241,182,93,,,0,ahmed_647,9,3,0.333333333,1,0
Facebook,0,5,0,399,717,0.555710306,413,182,0.439613527,0.202705391,0.970569278,4,8,100,0,1,0,ivan.7728,9,4,0.444444444,1,1
Facebook,1,207,1,399,,0.563559322,,194,0.050586701,0.04851202,0.824313283,373,179,70,0,0,0,camila.5781,11,4,0.363636364,1,0
X,1,23,1,384,731,0.524590164,2416,205,0.084815887,0.099297465,0.615559585,,155,113,,,1,skm5gzc5up,10,2,0.2,0,0
Instagram,1,175,1,435,729,0.595890411,2587,216,0.083462133,0.841270249,0.830542254,105,61,12,0,0,1,bot_clb34,9,2,0.222222222,1,0
X,0,230,0,406,,0.570224719,1565,187,,0.370968216,0.81028923,123,175,149,0,1,0,riya.4613,9,4,0.444444444,1,0
X,,,1,400,650,0.614439324,4611,,0.043798786,0.302266641,0.93185078,,113,,0,,0,yumi92,6,2,0.333333333,0,0
Instagram,1,,1,378,730,0.517099863,481,187,0.387966805,0.49119882,0.386067683,498,166,21,1,0,0,luna,4,0,0,0,0
X,1,12,0,375,749,0.5,2276,194,0.085199824,,0.554852242,393,180,,0,0,1,ydeae6724,9,4,0.444444444,0,0
Instagram,0,196,,364,706,0.514851485,3841,198,,0.037102245,0.098628024,325,190,52,1,1,0,marco4730,9,4,0.444444444,0,0
X,0,24,1,410,,0.603829161,3312,211,0.0636885,0.898188513,,137,18,,0,0,1,164w6457o8,10,8,0.8,0,0
Instagram,,147,,415,697,0.594555874,2883,203,0.07038835,0.958481365,0.985127069,105,32,36,,1,0,leo_2545,8,4,0.5,1,0
Facebook,0,117,0,438,721,0.606648199,3744,,0.053137517,0.417306816,0.789084248,212,63,30,1,0,0,olga,4,0,0,0,0
X,0,81,0,403,711,0.566011236,2520,187,0.074176914,0.412628903,,299,25,61,1,1,0,jessica.343,11,3,0.272727273,1,1
X,1,110,1,395,728,0.541838134,4614,220,0.047670639,0.878559921,,55,172,102,1,1,0,camila.5933,11,4,0.363636364,1,1
X,0,81,1,380,713,0.532212885,4401,228,0.051794639,0.429311798,0.435366933,131,0,80,1,0,0,jessica5819,11,4,0.363636364,0,1
X,1,65,0,413,682,0.604685212,655,216,0.329268293,0.856189935,0.293310637,268,193,126,1,0,1,acc_exx0imsk,12,1,0.083333333,1,2
Facebook,0,201,1,428,,0.640718563,1978,,0.098534613,0.028336944,0.527791406,121,162,5,1,1,0,sarah,5,0,0,0,0
X,1,246,,408,668,0.609865471,181,,1.082417582,0.489650609,0.05344507,201,76,104,1,,0,noah,4,0,0,0,0
Facebook,,44,1,398,726,0.547455296,,198,0.047976739,0.952429045,0.991887062,207,102,80,0,,0,tao_8291,8,4,0.5,1,0
Facebook,1,113,0,437,680,,3020,199,0.065872228,0.252804659,,274,95,,0,0,1,zzctu6216,9,4,0.444444444,0,1
Facebook,1,174,0,375,693,0.540345821,765,219,0.285900783,,,453,172,51,0,0,1,user_651234,11,6,0.545454545,1,0
Facebook,1,62,1,444,721,0.614958449,4136,204,0.049311095,0.630122989,0.724271461,,75,12,,0,0,marco.7815,10,4,0.4,1,0
Instagram,1,75,1,,726,0.551581843,2367,,0.088260135,0.926190883,0.289942917,189,32,52,1,0,1,gfiby9166,9,4,0.444444444,0,1
,0,,,397,725,0.546831956,3299,223,0.067575758,0.198742241,0.222052618,,81,147,1,0,0,dmitri,6,0,0,0,0
X,0,204,1,,701,0.595441595,2780,187,0.067241999,,,45,,133,0,0,0,sakura.980,10,3,0.3,1,0
Instagram,1,113,1,424,755,0.560846561,4988,219,0.043896572,0.663003744,0.772126355,311,82,54,1,0,1,user_246610,11,6,0.545454545,1,1
Instagram,0,110,1,395,752,0.524568393,2372,186,0.078381795,0.993047314,,329,158,58,0,1,1,vzvyj8401,9,4,0.444444444,0,0
X,0,248,0,394,718,,3391,,0.058667453,0.736458846,0.067445048,,191,146,1,1,1,user_375768,11,6,0.545454545,1,0
,0,182,1,435,708,0.613540197,1783,189,0.105941704,0.667800541,0.696916545,66,105,,0,0,0,ananya_9914,11,4,0.363636364,1,1
X,,202,1,391,674,0.579259259,4781,197,0.041196152,0.814903172,0.303016457,,,140,,0,0,ananya8554,10,4,0.4,0,1
Instagram,0,146,0,408,,0.567454798,1065,198,0.185741088,0.175140319,0.221330813,338,113,73,0,0,1,bot_n0hpz,9,1,0.111111111,1,0
Instagram,1,34,1,403,709,0.567605634,2457,213,0.086655818,0.945985613,0.734937415,61,142,60,1,1,0,amina.4058,10,4,0.4,1,0
X,,230,1,414,670,0.616989568,1347,210,0.15578635,0.165595509,0.679261323,,45,44,,1,0,amina,5,0,0,0,0
Facebook,,52,0,409,,,2228,234,0.104979812,0.02567037,0.481412675,173,119,134,,0,0,riya_5973,9,4,0.444444444,1,0
X,1,25,0,418,697,0.598853868,1183,220,0.185810811,,0.942655933,133,47,85,0,,0,kwame,5,0,0,0,0
Facebook,0,237,1,405,638,0.633802817,,210,0.050798258,0.184595426,0.679638366,284,67,13,1,0,0,yumi5042,8,4,0.5,0,0
Facebook,,13,1,398,680,0.584434655,,185,0.075356415,0.75875318,0.893419561,274,82,35,,1,1,rflg54qusi,10,2,0.2,0,0
X,1,117,0,334,,0.501501502,539,178,0.32962963,,0.190552942,113,84,7,1,0,0,alex_3393,9,4,0.444444444,1,1
X,0,44,0,362,673,0.537091988,2424,205,0.084536082,0.236699241,0.29664591,107,125,11,1,1,0,anastasia.2036,14,4,0.285714286,1,0
X,0,171,1,400,695,0.574712644,2304,207,0.089804772,0.086720331,0.104520134,142,167,105,0,0,0,omar3758,8,4,0.5,0,0
Instagram,,215,1,370,660,0.559757943,249,202,0.808,0.500820966,0.304579998,56,120,141,1,1,1,fvxp40x0hd,10,3,0.3,0,0
Facebook,0,232,1,389,725,0.535812672,4789,229,0.047807933,0.890218511,0.971778329,293,128,50,,1,0,michael,7,0,0,0,0
Instagram,1,192,0,409,670,0.609538003,1041,247,0.237044146,0.847291101,0.962856246,276,19,4,1,0,0,suresh,6,0,0,0,0
Instagram,1,50,1,392,704,0.556028369,,191,0.137114142,0.117082457,0.760386355,491,149,,1,0,1,user_337886,11,6,0.545454545,1,2
X,0,170,0,386,710,0.542897328,,207,0.095216191,,0.521048263,50,181,103,0,,1,gn73qz4jg9,10,4,0.4,0,0
Instagram,0,118,0,383,717,0.533426184,1336,200,,,0.780779799,422,64,104,,,1,pvjti9168,9,4,0.444444444,0,0
X,1,213,0,418,688,0.606676343,2260,,0.091994693,0.349391177,0.553486951,,142,100,0,0,1,user_501444,11,6,0.545454545,1,1
Facebook,1,150,1,379,,0.547687861,500,195,0.389221557,0.149050243,0.003508505,275,60,127,,0,0,mina,4,0,0,0,0
X,0,183,1,422,706,0.59688826,811,185,0.227832512,0.377802966,0.501547074,233,78,96,1,0,1,l8bjr96h5s,10,4,0.4,0,0
,,245,1,390,711,0.547752809,,194,0.038908945,0.635641106,0.598923446,241,13,48,0,,0,ayanda.2692,11,4,0.363636364,1,0
Instagram,1,18,0,373,690,0.539797395,3714,211,,0.50607826,0.265748358,257,,144,1,1,1,user_580525,11,6,0.545454545,1,0
X,1,81,1,364,730,0.497948016,3705,,0.052347545,0.827539485,0.203293564,236,121,94,1,0,1,dcmzw2593,9,4,0.444444444,0,0
X,0,,0,395,741,0.532345013,1211,,0.174917492,0.641300811,0.273809095,,48,34,,0,1,user_727431,11,6,0.545454545,1,0
Instagram,1,182,0,352,718,,3746,188,0.050173472,,0.62362775,366,133,12,1,1,1,w6igh786i5,10,5,0.5,0,0
Facebook,0,219,0,416,700,0.593437946,1987,184,,0.557438032,0.146064115,347,168,,0,0,0,ashley,6,0,0,0,0
Facebook,,91,0,413,744,0.554362416,,188,0.125920965,,0.720328301,247,158,37,0,0,0,arjun,5,0,0,0,0
X,0,,0,396,680,0.581497797,,198,0.046348315,0.580790561,0.422674821,131,115,,1,0,1,user_270205,11,6,0.545454545,1,0
Facebook,1,186,0,445,677,0.656342183,3049,219,0.071803279,0.38966383,0.353347859,262,,133,0,0,1,user_232195,11,6,0.545454545,1,0
,0,,1,399,707,0.563559322,4920,198,0.040235724,0.098398492,0.807231292,258,191,62,1,0,0,zuri5340,8,4,0.5,0,0
X,0,146,0,408,624,0.6528,2935,197,0.067098093,0.307463953,0.506063249,280,,,1,0,0,lucas.4532,10,4,0.4,1,0
Instagram,,27,1,408,673,0.605341246,4365,202,0.046266606,0.898086993,0.378400561,367,,,0,0,0,yuki.9804,9,4,0.444444444,1,0
Instagram,1,122,0,415,710,0.583684951,1818,183,0.100604728,0.586037947,0.878154716,,,78,,1,1,bgdfs2993,9,4,0.444444444,0,1
Facebook,1,179,1,398,677,0.587020649,,185,0.042814163,0.903264849,0.368251632,,182,117,0,,1,vabuh4kroo,10,1,0.1,0,1
X,1,125,1,397,713,0.556022409,1276,193,0.151135474,0.410803987,0.859000283,214,116,58,1,,0,ali,3,0,0,0,0
X,0,176,1,399,765,0.520887728,3023,167,,0.978908599,0.504198698,214,121,,0,0,0,zuri_4706,9,4,0.444444444,1,0
Facebook,1,,1,387,659,0.586363636,2878,209,0.072594651,0.360019053,0.208007097,496,176,134,0,,1,1pc39jid6k,10,4,0.4,0,0
Instagram,0,153,0,391,734,,4015,,0.053037849,0.756804615,0.612818188,,167,46,0,0,1,bot_s8n7h,9,2,0.222222222,1,0
Instagram,1,98,0,365,690,0.528219971,4088,204,0.049889949,,0.285323526,487,14,88,0,1,0,maria7518,9,4,0.444444444,0,0
Instagram,0,97,0,388,685,,1148,199,0.173194082,0.105990548,0.147155132,319,197,86,,1,0,max,3,0,0,0,0
Instagram,0,126,0,404,699,0.577142857,238,199,0.832635983,0.833056597,0.086529371,17,192,74,0,0,0,sakura,6,0,0,0,0
,0,226,1,380,699,0.542857143,2123,197,0.092749529,0.762581527,0.241697336,471,6,135,1,1,0,omar7274,8,4,0.5,0,0
X,1,167,1,366,726,0.50343879,,187,,0.820629034,0.736554642,346,189,35,,1,0,olga_4354,9,4,0.444444444,1,0
Facebook,1,,1,399,,,1546,191,0.123464771,0.299694532,0.837999222,492,,38,1,0,1,uzgzm9840,9,4,0.444444444,0,0
Facebook,1,37,0,409,676,0.604135894,3984,213,0.053450439,0.703661626,0.861720846,1,179,64,1,0,1,acc_4pjhrvfm,12,1,0.083333333,1,1
X,0,76,1,400,697,0.573065903,4364,236,0.054066438,0.219922848,0.270148274,0,178,43,,0,0,anastasia,9,0,0,0,0
X,,125,0,401,697,0.574498567,,224,,,0.660972933,303,3,76,,0,1,8v8ogi266c,10,5,0.5,0,1
Instagram,1,86,1,413,695,,1624,209,0.128615385,0.866488776,0.23035406,463,0,79,0,0,0,yuki_8307,9,4,0.444444444,1,0
Instagram,1,53,,404,671,,3122,187,0.059878322,0.523525487,0.622762114,446,104,140,0,0,0,yuki1694,8,4,0.5,0,0
Facebook,1,149,1,411,690,0.594790159,3727,209,0.056062232,0.983653337,0.887210993,362,65,36,1,0,0,mina.7686,9,4,0.444444444,1,0
X,0,15,1,407,659,,,213,0.054573405,,0.040893683,215,,13,0,0,0,zuri863,7,3,0.428571429,0,0
Facebook,0,27,1,400,684,,723,215,0.296961326,0.956873007,0.985225668,163,80,121,0,0,1,jdztt8934,9,4,0.444444444,0,1
X,0,239,0,,692,0.594516595,1096,185,0.16864175,0.615057263,0.827087877,190,137,,,0,1,hyszy7031,9,4,0.444444444,0,0
Instagram,,162,1,,751,0.53856383,3828,196,0.0511883,0.512205072,0.761662116,74,194,139,1,0,0,sofia,5,0,0,0,0
Facebook,0,187,0,377,,0.529494382,4286,212,0.049451831,,0.691362894,25,67,54,1,1,0,martin608,9,3,0.333333333,0,0
Facebook,1,172,0,412,700,0.587731812,996,,0.194583751,0.825276341,,261,101,21,1,1,1,user_989781,11,6,0.545454545,1,0
X,0,45,0,387,674,0.573333333,4662,191,0.040960755,0.828794746,0.994595356,281,192,83,1,1,0,olga.4588,9,4,0.444444444,1,1
Instagram,0,71,,431,729,0.590410959,993,212,0.213279678,0.416929532,0.770191297,220,,146,0,0,0,rahul_3246,10,4,0.4,1,0
Facebook,,235,0,360,,0.509193777,2784,206,0.073967684,0.727293142,0.351600785,,,89,1,0,1,lvlkn2632,9,4,0.444444444,0,0
Instagram,0,182,,373,,0.543731778,156,180,1.146496815,0.447237936,0.613921853,121,38,14,1,1,0,ethan,5,0,0,0,0
Facebook,0,,,408,733,,1896,209,0.110173959,,0.336923016,128,137,29,0,1,0,chris_6816,10,4,0.4,1,0
,1,213,0,418,,0.605797101,1777,220,0.123734533,0.994190157,0.970065443,264,171,28,1,1,0,suresh.6332,11,4,0.363636364,1,1
X,0,84,1,393,649,0.604615385,4769,186,0.038993711,0.262496314,0.900139733,282,159,116,1,1,1,acc_dasmgq9f,12,1,0.083333333,1,1
Facebook,0,25,1,395,692,0.56998557,2117,200,0.094428706,0.634052457,0.567620227,70,171,107,0,1,0,ahmed.75,8,2,0.25,1,0
Facebook,,231,0,414,709,0.583098592,2421,234,,0.379877965,0.781273754,372,62,114,1,1,0,leo9354,7,4,0.571428571,0,0
Instagram,1,84,0,427,,0.620639535,55,208,,0.548371564,0.909686943,373,60,15,,0,1,kfffn3762,9,4,0.444444444,0,1
Instagram,1,152,0,375,658,0.569044006,85,217,2.523255814,0.87414728,0.243600264,258,64,81,1,1,0,arjun_4130,10,4,0.4,1,0
Facebook,,232,1,425,700,0.606276748,2889,188,,0.347575869,0.579481857,444,168,27,1,1,1,user_560204,11,6,0.545454545,1,0
,0,64,1,387,692,,4688,194,0.041373427,0.072388302,0.481716319,,80,61,0,,0,yumi_9329,9,4,0.444444444,1,0
Instagram,1,133,0,391,679,0.575,2780,200,0.071916577,0.798937185,,129,11,55,0,,1,acc_sfm6jus5,12,2,0.166666667,1,1
Instagram,0,150,0,384,684,,2670,203,0.076001498,0.555024855,0.379082521,379,123,74,1,1,0,leo_994,7,3,0.428571429,1,1
Instagram,0,114,1,430,704,0.609929078,3837,206,,0.449400947,0.70897964,329,1,16,0,0,0,pablo,5,0,0,0,0
Facebook,1,63,1,380,693,0.547550432,1009,217,0.214851485,0.183333047,0.402993089,80,72,20,0,1,0,tariq_4601,10,4,0.4,1,0
Facebook,0,86,0,,740,0.510121457,,218,0.092138631,0.092852732,0.111074865,,75,114,1,1,0,satish_3840,11,4,0.363636364,1,0
Facebook,0,,0,402,674,0.595555556,3687,,0.049078091,0.27873556,0.107121432,414,187,,1,0,1,bot_3p7zo,9,2,0.222222222,1,0
,0,106,0,,700,0.569186876,,,0.046907335,0.718904263,0.119056325,64,24,67,0,,1,46usnl0vqz,10,3,0.3,0,0
,1,150,0,379,700,,2200,228,0.103589278,0.411770929,0.032519876,377,117,,0,0,0,oliver.1504,11,4,0.363636364,1,0
X,0,95,,409,705,0.579320113,1360,200,0.146950771,0.570227587,0.532973172,145,188,81,1,1,0,camila,6,0,0,0,0
Facebook,0,157,1,411,701,0.585470085,910,,0.225027442,,0.671902682,133,107,127,0,1,1,bot_gg6oz,9,1,0.111111111,1,1
,1,,0,390,739,0.527027027,3440,191,0.05550712,0.123243044,0.126728402,101,98,116,0,0,1,acc_puidscx9,12,1,0.083333333,1,1
Instagram,0,234,0,395,697,0.565902579,2914,209,0.071698113,,0.611858,,21,95,1,1,0,lucas,5,0,0,0,0
Instagram,0,145,0,,701,0.584045584,4696,214,,0.673284451,0.597740078,41,,73,1,1,0,lucas.1656,10,4,0.4,1,0
Instagram,1,86,1,,711,0.549157303,1007,232,0.23015873,0.264454522,0.147094051,366,148,107,1,0,0,alex.2848,9,4,0.444444444,1,0
Facebook,0,206,0,373,702,0.530583215,,179,,0.966926586,0.4040826,195,54,137,1,0,1,acc_qlz5hcef,12,1,0.083333333,1,1
Instagram,0,224,0,414,711,0.581460674,,201,0.175545852,0.30845581,0.75513571,359,39,59,0,1,0,mateo_8295,10,4,0.4,1,0
X,0,148,0,404,672,0.600297177,,,0.039318182,0.363618039,0.016756026,259,178,25,1,1,0,tao2891,7,4,0.571428571,0,0
Facebook,0,56,1,372,687,0.540697674,3221,203,0.063004345,0.469489831,0.146947884,98,149,105,0,0,0,mia2543,7,4,0.571428571,0,0
X,0,102,0,414,647,0.638888889,1225,223,0.181892333,0.319140749,0.995828374,387,,24,,0,1,bot_j3cba,9,1,0.111111111,1,0
Instagram,1,,1,373,688,,3879,198,0.051030928,0.817443222,0.733544897,,120,1,,0,0,jessica.7820,12,4,0.333333333,1,1
Instagram,,90,0,408,,0.608955224,4496,195,0.043362241,0.87620681,,296,3,,0,0,0,arjun_5481,10,4,0.4,1,0
Instagram,1,44,0,391,699,0.558571429,68,195,2.826086957,0.011036079,0.629801412,426,25,83,1,0,0,haruto_6922,11,4,0.363636364,1,1
,1,171,0,378,752,0.501992032,4250,200,0.047047753,0.654661629,0.846220971,222,111,2,1,1,0,amina7982,9,4,0.444444444,0,0
X,0,209,1,394,693,0.567723343,1015,170,0.167322835,0.68608828,0.842304586,244,112,31,0,0,0,satish8773,10,4,0.4,0,1
Facebook,0,87,,,691,0.595375723,182,215,1.174863388,0.961424877,0.324701435,182,187,0,0,1,0,giulia.3818,11,4,0.363636364,1,0
Facebook,,114,0,387,684,0.564963504,4621,217,0.046949373,,0.491291423,402,22,23,,1,0,tao_3284,8,4,0.5,1,0
Instagram,0,46,1,422,673,0.62611276,4116,216,0.052465387,0.195279968,0.638055096,148,168,49,1,1,0,maria.1591,10,4,0.4,1,0
Facebook,0,167,1,391,729,0.535616438,4947,205,,0.52058107,0.071896917,441,,43,1,1,0,rahul_6476,10,4,0.4,1,0
Facebook,1,178,1,,640,0.569422777,2946,173,0.058703767,0.447555685,0.945796599,413,7,,1,0,1,acc_u96nfgvu,12,2,0.166666667,1,1
Instagram,1,169,0,396,682,0.579795022,,,0.087906751,0.791731466,,115,115,37,0,1,1,bot_7wdfu,9,1,0.111111111,1,0
,0,134,1,384,689,0.556521739,2748,201,0.073117497,0.903975441,0.370862327,390,50,111,1,1,0,ethan,5,0,0,0,0
Instagram,0,49,0,,717,0.516713092,1881,213,0.113177471,0.086708028,0.907100361,452,188,51,1,0,1,acc_hja93cai,12,2,0.166666667,1,1
Instagram,,175,1,384,709,0.54084507,3603,204,0.056603774,0.846579479,0.118286649,319,0,34,0,1,0,kwame.2132,10,4,0.4,1,0
Instagram,1,83,1,430,680,0.631424376,655,199,0.303353659,0.908970878,0.039260797,257,119,16,,0,0,emily,5,0,0,0,0
Instagram,0,90,1,394,672,,3687,216,0.05856833,0.924135878,0.685002412,370,29,57,1,0,0,daniel2965,10,4,0.4,0,0
Facebook,0,133,0,432,705,0.611898017,2289,187,0.081659389,0.764309859,0.385002968,450,16,47,1,,0,carlos8848,10,4,0.4,0,1
,0,90,0,397,659,0.601515152,2200,217,0.098591549,0.742082561,0.764475809,383,150,,1,1,1,bot_blyhd,9,0,0,1,0
Instagram,1,136,0,,706,0.550212164,2832,179,0.063183904,,0.068544612,78,101,47,0,1,1,user_431967,11,6,0.545454545,1,0
Facebook,,,0,386,705,0.54674221,3409,204,0.059824047,,0.383757144,230,121,43,1,1,1,acc_s34wsnxk,12,2,0.166666667,1,1
Facebook,1,108,0,450,696,0.645624103,2236,,0.093428699,,,356,151,32,1,1,0,priya6328,9,4,0.444444444,0,0
X,,56,0,381,700,,2512,193,0.076800637,0.041121897,0.739606533,118,85,86,,1,0,fatima,6,0,0,0,0
Facebook,1,30,,387,690,0.560057887,722,211,0.291839557,0.41297931,0.22717011,73,68,82,1,,0,carlos_1303,11,4,0.363636364,1,0
Facebook,1,,0,427,,,3249,216,0.066461538,0.732852633,0.457945335,8,88,129,1,0,0,priya5907,9,4,0.444444444,0,0
X,1,89,0,,682,0.528550512,1201,203,0.168885191,0.441955202,0.818877551,278,179,137,,1,0,ivan_3533,9,4,0.444444444,1,1
Facebook,1,39,,406,699,0.58,4977,218,0.043792688,0.758011089,0.915390535,269,,82,0,1,0,rahul,5,0,0,0,0
Facebook,0,111,1,,722,0.550484094,2463,187,0.075892857,,0.722605794,53,57,135,,1,0,tariq6428,9,4,0.444444444,0,0
Facebook,0,44,0,,731,0.579234973,4674,197,0.042139037,0.299427148,0.429228412,379,149,,0,1,0,suresh461,9,3,0.333333333,0,0
Facebook,0,76,0,421,674,0.623703704,310,,0.713826367,0.202912344,0.571985875,44,58,108,0,0,1,acc_j6f6tgng,12,2,0.166666667,1,1
X,1,176,0,410,696,0.588235294,1026,151,0.147030185,,0.689689947,224,171,91,,1,1,user_029626,11,6,0.545454545,1,0
Facebook,,,0,,723,0.513812155,4413,,0.046443135,0.035803452,,15,36,62,0,1,1,njhqdr02w7,10,3,0.3,0,0
Facebook,1,147,1,382,682,0.559297218,1533,192,0.125162973,0.422543905,0.888573985,211,161,76,0,1,0,lucas_9431,10,4,0.4,1,0
X,1,100,1,,683,0.573099415,3644,193,0.052949246,0.068620097,0.930969491,199,99,36,0,,0,kojo_4177,9,4,0.444444444,1,1
Instagram,1,245,0,383,714,0.535664336,,185,0.501355014,0.877004708,0.810711099,240,112,11,0,,0,tariq.2758,10,4,0.4,1,0
X,0,,1,396,713,0.554621849,4651,188,0.040412726,0.575481032,0.146797936,101,184,73,1,0,1,acc_4rq2n3oi,12,3,0.25,1,1
Instagram,1,91,,357,726,0.491059147,2653,219,0.082516956,0.646042963,0.747639533,481,184,114,0,0,0,max.976,7,3,0.428571429,1,0
,1,144,0,418,731,0.571038251,1250,196,,0.28886399,,94,167,80,1,,0,sofia_8242,10,4,0.4,1,0
X,0,27,0,425,712,0.596072931,2984,202,0.067671692,,0.877871428,364,19,,0,1,1,ztnmw5979,9,4,0.444444444,0,0
Facebook,0,168,0,398,718,0.553546592,,,0.041948875,0.707905249,0.924816895,184,16,79,1,,0,satish.7571,11,4,0.363636364,1,0
Instagram,1,,0,392,710,0.551336146,3029,199,0.065676568,0.671565483,0.509159814,135,179,,0,0,0,alex_4256,9,4,0.444444444,1,0
Facebook,1,24,1,406,696,0.582496413,3135,220,0.070153061,,0.655092695,24,3,118,0,,0,satish.273,10,3,0.3,1,0
Instagram,0,57,0,403,704,0.571631206,4096,183,0.044666829,,0.009552777,,190,9,,1,0,omar6283,8,4,0.5,0,0
X,0,,1,395,691,0.570809249,940,,,0.946575786,0.572783568,317,49,41,1,1,0,ahmed.2717,10,4,0.4,1,0
X,0,40,0,442,691,0.638728324,4110,,,0.304177426,0.473198381,332,81,,0,,0,john_8132,9,4,0.444444444,1,0
Instagram,1,,1,,703,0.549715909,4238,189,0.044585987,0.02583151,0.962306045,,49,16,,0,0,amina_2323,10,4,0.4,1,0
Facebook,0,74,,418,698,0.597997139,4024,210,0.052173913,0.063782051,0.901709299,49,15,104,,0,0,omar,4,0,0,0,0
Facebook,0,248,0,366,698,0.52360515,3692,228,0.061738424,0.775494797,0.797603929,168,71,56,1,,1,acc_5va4g2rc,12,3,0.25,1,1
Facebook,0,37,1,,750,0.533954727,590,198,0.335025381,0.757155685,0.056994185,289,60,85,0,1,0,diego7153,9,4,0.444444444,0,0
Facebook,1,133,1,447,714,0.625174825,1783,208,0.116591928,0.381827269,0.402028842,99,,131,0,0,0,sofia_183,9,3,0.333333333,1,0
X,0,172,1,,,0.538361508,4569,219,0.047921225,0.153200776,0.696042222,369,145,68,0,0,0,yuki3252,8,4,0.5,0,0
X,0,74,,384,702,0.546230441,1208,191,0.157981803,0.498105217,0.029660744,80,49,,0,1,1,olfdi9123,9,4,0.444444444,0,0
X,0,141,1,399,700,0.569186876,4413,162,0.036701405,,,,79,,0,0,0,liwei,5,0,0,0,0
X,0,65,1,387,730,0.529411765,4541,218,0.047996477,0.373968348,0.88750719,,29,49,1,1,0,suresh,6,0,0,0,0
X,0,167,1,399,701,0.568376068,2344,207,0.088272921,0.260985354,0.129780767,76,48,125,0,0,1,bot_k6xyd,9,1,0.111111111,1,0
Facebook,1,2,1,,,0.555555556,847,217,0.255896226,0.062857913,,74,,66,0,,1,acc_nmmbw9na,12,1,0.083333333,1,2
Facebook,1,246,,389,665,,2425,218,0.089859852,0.791159277,0.580585756,,148,87,0,1,0,rahul,5,0,0,0,0
Facebook,1,116,1,,715,0.583798883,4681,226,0.04826997,0.618220825,0.946464615,169,149,,1,,1,y0ou94su4f,10,4,0.4,0,0
Facebook,0,,1,,711,0.549157303,799,189,0.23625,0.834635124,0.83462474,310,174,,0,1,0,emily.5268,10,4,0.4,1,0
X,1,224,,,707,0.622881356,471,201,0.425847458,0.503201977,0.974772505,347,24,104,0,1,0,yusuf.7945,10,4,0.4,1,0
X,1,151,1,376,691,0.543352601,3910,204,0.052160573,0.984986639,0.753523154,442,55,114,0,0,0,diego_9244,10,4,0.4,1,1
X,1,18,0,370,,0.514603616,4828,206,0.042658936,0.962524909,0.437369774,178,191,,,,0,sakura_3323,11,4,0.363636364,1,1
Instagram,0,145,0,,675,0.593195266,2095,207,0.098759542,0.271783487,,87,155,25,1,1,1,user_377836,11,6,0.545454545,1,1
Facebook,0,191,1,358,653,0.547400612,,200,0.066755674,0.386976924,0.426633278,436,160,127,1,1,0,yusuf7477,9,4,0.444444444,0,1
Facebook,1,240,0,431,678,0.634756996,,237,0.075694666,0.752709413,0.350094616,464,193,0,0,0,0,yusuf.6371,10,4,0.4,1,0
X,1,115,0,398,682,0.58272328,,207,0.157414449,0.776603462,0.448195918,264,3,93,1,1,1,acc_25ygasbl,12,2,0.166666667,1,1
,0,124,1,394,717,0.548746518,2879,196,0.068055556,0.910699136,0.813973954,493,11,114,1,0,1,gm6eywmuwn,10,1,0.1,0,0
Facebook,,,,404,673,0.599406528,3516,209,0.059425647,0.652633834,0.91769355,221,144,,1,1,0,mina.9474,9,4,0.444444444,1,0
X,1,236,1,378,689,0.547826087,,222,0.211630124,0.475120977,0.35768211,484,35,11,0,1,0,jose_7243,9,4,0.444444444,1,0
Instagram,0,34,1,406,684,0.59270073,1088,198,0.181818182,0.37765155,0.462247457,2,15,,1,1,0,camila,6,0,0,0,0
,1,,1,371,701,0.528490028,3682,183,,0.419178551,0.898327323,117,150,15,,1,1,bot_cvsv2,9,1,0.111111111,1,0
Instagram,0,0,1,392,719,0.544444444,283,215,0.757042254,0.850405151,0.047043665,135,199,66,0,,1,bot_upfg2,9,1,0.111111111,1,0
X,1,227,0,386,714,0.53986014,3649,190,0.052054795,0.980008844,0.783868694,465,120,98,1,1,1,acc_becf7mc5,12,2,0.166666667,1,1
Facebook,1,152,1,403,710,0.566807314,1399,196,,0.051909185,0.454217758,186,136,58,1,0,0,martin_3578,11,4,0.363636364,1,0
X,0,,0,392,713,0.549019608,2734,204,0.074588665,,0.376518351,29,77,37,,0,0,tariq,5,0,0,0,0
X,1,176,1,378,,,4068,225,0.055296142,0.520053972,0.446921292,66,54,143,0,0,0,olga.7139,9,4,0.444444444,1,0
Facebook,1,125,,394,696,0.56527977,,203,0.086053412,0.376142275,0.418690676,310,72,138,1,,0,ashley9656,10,4,0.4,0,0
Instagram,1,234,0,,690,0.602026049,2936,225,0.076608784,0.851576443,,417,63,27,0,0,0,kiran.8101,10,4,0.4,1,0
Instagram,0,225,1,404,680,0.593245228,3819,194,0.05078534,0.575743017,0.927947522,378,174,90,1,1,1,kkwbbdwuz1,10,1,0.1,0,2
X,0,88,1,423,,0.588317107,3239,164,0.050617284,0.313116062,0.491455825,,89,110,1,,0,luna8886,8,4,0.5,0,1
Instagram,0,,0,409,716,0.570432357,1773,196,0.11048478,0.444104038,0.832733786,411,194,,1,,0,arjun,5,0,0,0,0
X,1,225,1,408,713,0.571428571,4078,206,0.050502574,0.356803557,0.731944536,,137,76,0,0,1,1e2wla9x2n,10,4,0.4,0,0
X,,220,0,407,701,0.57977208,4103,,0.049707602,0.430085608,0.330680786,,88,79,1,0,0,ali_6649,8,4,0.5,1,1
Facebook,1,146,1,394,,0.554929577,788,184,0.233206591,0.07126579,0.587313815,157,,129,0,0,1,acc_of5et7an,12,2,0.166666667,1,1
Facebook,1,150,1,395,703,0.561079545,3225,211,0.065406076,0.111915816,0.666815675,70,29,147,1,0,0,carlos_6724,11,4,0.363636364,1,0
Facebook,0,210,0,396,689,0.573913043,43,218,4.954545455,0.623691683,0.023499372,317,138,,0,1,0,arjun.7131,10,4,0.4,1,0
X,0,24,1,416,644,0.64496124,4297,159,0.036993951,,0.395955551,109,50,37,1,,0,chen.7160,9,4,0.444444444,1,0
,1,15,0,362,690,0.523878437,2943,168,0.057065217,0.636620415,0.992638176,284,146,30,,1,0,fatima609,9,3,0.333333333,0,0
Instagram,,181,0,428,737,,4644,200,0.043057051,0.763075397,0.637256427,370,140,79,1,0,1,bot_yvtvh,9,0,0,1,0
Instagram,0,242,0,389,707,0.549435028,4322,190,0.04395096,0.943534021,0.334244069,257,184,95,1,1,0,ali,3,0,0,0,0
X,0,,1,365,698,0.522174535,3906,194,0.049654466,0.860618307,0.250024039,89,,16,1,1,0,ali2131,7,4,0.571428571,0,0
X,0,128,,,689,0.556521739,4729,191,0.04038055,0.418509579,0.209481602,360,,106,1,0,0,mateo.3273,10,4,0.4,1,0
,1,41,0,396,703,0.5625,3411,196,0.057444314,0.217543137,,56,77,23,,,0,rahul,5,0,0,0,0
,,146,1,402,712,0.563814867,1359,182,0.133823529,0.311852212,0.193265691,440,165,117,1,0,1,xklle8289,9,4,0.444444444,0,1
X,1,224,1,423,695,0.607758621,1205,,0.161691542,0.587741488,0.135186182,297,26,135,,0,0,olga.3141,9,4,0.444444444,1,0
Instagram,,161,,396,734,0.53877551,,209,0.057958957,,0.364063284,498,,86,0,1,1,wectp5924,9,4,0.444444444,0,0
Instagram,1,79,0,361,716,0.50348675,2994,222,0.074123539,0.701724124,0.606999693,48,137,148,0,0,1,acc_fzz6oh4r,12,2,0.166666667,1,2
Facebook,0,235,,402,712,0.563814867,2242,198,0.088274632,0.543013105,,184,117,18,1,,0,jessica_8169,12,4,0.333333333,1,1
X,0,103,0,,705,,538,163,0.302411874,0.60187836,0.044343274,198,180,,0,0,1,acc_vim0kbjc,12,1,0.083333333,1,1
X,1,182,,396,682,0.579795022,4012,199,0.049588836,0.528261214,0.034632818,17,154,70,0,0,0,sofia.3360,10,4,0.4,1,1
Instagram,1,145,1,,734,0.541496599,3869,208,0.05374677,0.971627511,0.267384252,197,6,111,1,0,0,anna.2513,9,4,0.444444444,1,1
,0,33,0,413,732,0.563437926,4577,190,0.04150284,0.816091452,0.190132291,488,114,,0,0,0,jose_6883,9,4,0.444444444,1,1
,0,88,1,414,744,0.555704698,4526,212,0.04683013,,0.53925536,231,91,45,1,1,1,user_349471,11,6,0.545454545,1,0
Facebook,0,124,0,397,701,0.565527066,3584,210,0.058577406,0.517328987,0.455720187,26,89,135,0,0,1,bot_r083g,9,3,0.333333333,1,0
Instagram,0,44,1,412,687,0.598837209,1351,213,,0.331809458,0.324766614,117,,76,0,0,0,max1625,7,4,0.571428571,0,0
X,1,133,0,388,727,0.532967033,,191,0.201902748,0.019514094,0.833542834,53,12,2,0,,1,user_442036,11,6,0.545454545,1,1
Facebook,,20,1,414,699,0.591428571,3857,206,0.053395542,,0.504946993,488,71,76,1,0,0,ivan1244,8,4,0.5,0,1
Instagram,,121,1,416,661,0.628398792,1824,203,0.111232877,0.030237925,,,90,117,1,,0,mia.775,7,3,0.428571429,1,1
Instagram,0,69,,411,706,0.581329562,2626,226,0.086029692,0.980476767,0.295764354,224,187,57,1,1,0,kiran4032,9,4,0.444444444,0,0
Facebook,0,95,0,408,678,0.600883652,,211,0.054102564,0.114482338,0.973339266,478,141,20,1,1,1,bot_xbebw,9,0,0,1,0
Facebook,0,104,0,398,705,0.563739377,3488,211,0.060475781,0.142118853,0.976977321,161,104,64,1,0,0,max.7402,8,4,0.5,1,0
Instagram,1,47,0,427,717,0.594707521,4207,195,0.046340304,0.484149987,0.254671636,149,43,65,1,1,0,priya,5,0,0,0,0
X,,234,1,391,657,0.594224924,4308,216,0.05012764,0.481401167,,215,197,41,0,0,0,sakura9617,10,4,0.4,0,0
,0,38,0,404,645,0.625386997,851,198,0.232394366,,0.495688146,,83,42,0,1,0,ethan7549,9,4,0.444444444,0,0
Facebook,1,30,0,421,705,0.59631728,2926,212,0.072429108,0.073532732,0.481464918,419,,25,1,1,0,fatima,6,0,0,0,0
Instagram,1,233,0,,717,0.530640669,996,193,0.193580742,0.957239165,0.410137687,347,22,135,0,0,0,riya_898,8,3,0.375,1,0
,0,9,0,401,665,,,202,0.042410246,0.216390238,0.529357227,339,11,81,1,1,1,xxnlv2194,9,4,0.444444444,0,1
Facebook,0,29,0,390,722,0.539419087,350,192,0.547008547,0.970153809,0.232195379,316,151,145,1,0,0,michael,7,0,0,0,0
X,1,248,0,399,678,0.587628866,1538,187,0.121507472,0.541324099,0.114929342,337,50,103,0,1,0,pablo,5,0,0,0,0
Facebook,,,0,411,717,0.572423398,,199,0.06680094,0.652012746,0.570461458,,107,129,0,0,0,carlos_5370,11,4,0.363636364,1,0
Facebook,1,,0,397,668,0.593423019,2729,218,0.07985348,0.315728773,0.932597997,351,149,83,1,,1,acc_tp4xaw8n,12,2,0.166666667,1,1
X,0,,0,423,666,0.634182909,,194,0.044618215,0.611823951,0.137749277,160,61,,1,,1,user_602777,11,6,0.545454545,1,1
Facebook,0,87,0,400,705,0.566572238,2367,215,,0.71082978,0.704814724,73,25,2,,1,0,sofia,5,0,0,0,0
,1,243,1,412,664,0.619548872,2237,229,0.102323503,0.010370167,0.437896687,392,57,103,0,0,1,ubj9b5hvrd,10,2,0.2,0,0
,0,124,,398,,0.548209366,3876,207,0.053391798,0.034228425,,374,,107,0,1,0,carlos_5772,11,4,0.363636364,1,1
Facebook,0,72,0,414,655,0.631097561,3095,,0.061046512,0.986477012,0.853109218,24,142,33,1,,0,layla,5,0,0,0,0
Facebook,1,,1,403,738,0.545331529,3602,216,,,0.456491695,396,,125,1,1,0,hans4251,8,4,0.5,0,0
Instagram,1,14,1,397,699,0.567142857,4175,193,0.046216475,,0.583312014,302,,112,1,0,0,maria.9726,10,4,0.4,1,0
X,0,,0,423,709,0.595774648,4642,172,0.037045014,0.729897617,0.443056287,241,110,109,1,0,0,sofia_6507,10,4,0.4,1,0
,0,190,0,424,,0.636636637,924,199,0.215135135,0.372968308,0.081249582,377,129,69,,1,1,acc_uiu63skr,12,2,0.166666667,1,1
,1,167,0,376,715,0.525139665,,216,0.348387097,0.150842005,0.594904687,172,158,137,0,0,1,bot_s11cj,9,2,0.222222222,1,1
Instagram,0,8,1,421,709,0.592957746,4401,230,0.052248978,0.978151733,0.418840975,388,23,87,1,0,1,ehwh21ifyq,10,2,0.2,0,0
X,0,108,0,374,719,,3263,,,0.584496257,0.086756606,286,34,,1,,0,chen.73,7,2,0.285714286,1,0
Instagram,1,136,1,429,685,0.625364431,3304,206,0.062329803,0.192356623,0.595811734,158,46,134,1,1,0,rahul,5,0,0,0,0
X,1,153,0,,,0.560283688,2602,213,0.081828659,0.68165298,0.009870932,,30,44,0,0,1,bfugt5149,9,4,0.444444444,0,0
Facebook,0,131,1,366,704,0.519148936,,177,,0.09204851,0.208520388,217,88,,1,1,0,luna,4,0,0,0,0
Facebook,0,208,1,405,681,0.593841642,,191,0.112352941,0.86803728,0.781069537,454,199,82,0,0,0,carlos4100,10,4,0.4,0,1
X,,15,0,381,681,0.558651026,2231,204,,0.090137347,0.037927425,424,75,38,,0,0,hans_2029,9,4,0.444444444,1,0
Facebook,,142,0,409,718,0.568845619,1869,,0.1,0.236194358,0.646682098,114,117,144,1,1,1,bot_8xrih,9,1,0.111111111,1,0
Facebook,0,98,1,426,671,,2655,181,0.06814759,0.091430805,,429,129,,0,1,0,emily,5,0,0,0,0
Facebook,0,,1,361,664,,83,,2.571428571,0.103787217,0.171192458,240,103,,0,,0,tao_9552,8,4,0.5,1,1
Facebook,1,51,0,406,702,0.577524893,93,199,2.117021277,0.523834154,0.41711186,307,58,36,1,0,1,bot_cn30p,9,2,0.222222222,1,0
X,,68,0,358,,0.51884058,3157,188,,0.686989803,,211,,66,0,1,0,ashley,6,0,0,0,0
Instagram,,246,1,390,673,0.578635015,3049,204,0.066885246,0.788481783,,362,62,23,0,0,0,luna,4,0,0,0,0
Instagram,1,4,0,411,675,0.607988166,1468,212,0.144315861,0.69505529,0.620377686,85,144,,0,1,0,ali,3,0,0,0,0
Facebook,1,19,1,421,699,0.601428571,2025,182,0.089832182,0.363489812,,132,53,48,1,0,0,chen,4,0,0,0,0
Instagram,0,78,0,393,708,0.554301834,4870,207,,0.557287787,0.148504129,267,124,148,1,0,1,bot_s53pg,9,2,0.222222222,1,0
Instagram,1,145,,393,657,0.597264438,3818,216,0.056559309,0.927664074,,276,148,144,1,1,0,kiran_3382,10,4,0.4,1,1
Facebook,1,110,0,374,696,,2699,197,0.072962963,0.387576616,0.744443156,264,21,108,1,0,0,ethan1701,9,4,0.444444444,0,0
Facebook,0,1,1,403,691,0.582369942,,197,0.248423707,0.252404369,0.23862395,92,124,101,0,0,1,acc_jnah19jq,12,2,0.166666667,1,1
Instagram,1,92,0,386,,0.568483063,476,173,,0.519319356,0.847450313,90,,148,1,0,1,bot_svodi,9,0,0,1,0
X,0,12,,365,690,,,196,0.388118812,0.297335212,0.743027244,144,115,67,,1,1,bot_0mzn4,9,2,0.222222222,1,0
Facebook,,3,0,375,,0.550660793,231,190,0.818965517,0.261817052,,359,182,43,1,0,0,mia4824,7,4,0.571428571,0,0
X,1,169,1,393,729,0.538356164,1587,213,0.134130982,0.778803301,0.201211117,151,28,123,1,1,0,binta.3114,10,4,0.4,1,1
Instagram,1,108,1,371,737,0.502710027,1775,180,0.101351351,0.890835857,0.291992657,,148,27,0,,1,3hw7gu92wx,10,4,0.4,0,0
Facebook,1,73,0,395,649,0.607692308,,186,0.060155239,0.502316683,0.594482249,135,1,,1,0,1,acc_zd82xdyf,12,2,0.166666667,1,1
X,0,188,1,,700,0.570613409,2257,201,,0.779782882,0.809827,252,41,126,1,,0,mateo1694,9,4,0.444444444,0,0
Facebook,1,94,1,353,706,0.499292786,3971,198,0.049848943,0.187089426,0.060333255,427,,43,1,0,0,mia.9733,8,4,0.5,1,1
Instagram,0,104,1,384,,0.537815126,4227,188,0.044465468,0.547643013,0.249608952,317,37,49,0,0,0,yumi.8604,9,4,0.444444444,1,0
X,1,7,1,396,687,0.575581395,,185,0.03822314,0.636199943,0.376209762,28,130,112,1,0,1,wtegj8588,9,4,0.444444444,0,1
Instagram,1,66,,413,718,,384,186,0.483116883,0.490664168,,82,152,87,0,1,0,kwame,5,0,0,0,0
Instagram,1,239,0,416,703,,3164,199,0.062875197,0.116880216,0.545292098,329,76,137,0,1,0,luna_1898,9,4,0.444444444,1,0
Facebook,0,190,0,392,744,0.526174497,2410,194,0.080464538,,0.478002479,407,189,,1,1,0,oliver6956,10,4,0.4,0,0
X,1,109,1,398,639,0.621875,761,202,0.265091864,0.839078177,,33,142,48,1,0,1,vkwdu2437,9,4,0.444444444,0,0
Instagram,1,8,1,400,718,0.556328234,3953,221,0.055892767,0.635226255,0.516886887,315,197,71,1,1,1,acc_x4vtc4up,12,2,0.166666667,1,1
Instagram,,,0,395,710,0.555555556,943,193,0.204449153,,0.355821564,103,104,1,1,0,0,sofia_9249,10,4,0.4,1,0
X,0,116,0,392,658,0.594840668,2696,221,0.0819429,0.07455244,0.343194067,414,9,43,0,0,1,user_937592,11,6,0.545454545,1,0
Instagram,1,10,1,426,708,0.600846262,1297,190,,0.301603908,0.265395525,493,119,34,0,,1,lddrf7523,9,4,0.444444444,0,1
Instagram,,98,0,,700,0.54636234,2403,205,0.085274542,,0.540437934,370,126,115,1,1,0,michael_3709,12,4,0.333333333,1,0
X,1,,0,391,677,0.576696165,2148,207,0.096323872,0.83921901,0.444115394,387,113,,1,1,0,satish1915,10,4,0.4,0,0
X,0,41,1,414,687,0.601744186,,227,0.138330286,0.70306044,0.196324784,232,68,56,1,1,0,sofia,5,0,0,0,0
X,0,140,0,356,741,0.479784367,4397,183,0.041609823,,0.012966261,236,108,90,0,0,1,bot_2c023,9,4,0.444444444,1,0
X,0,163,1,413,713,0.578431373,609,203,0.332786885,0.889632503,0.150929541,222,43,22,1,1,0,riya4497,8,4,0.5,0,1
Facebook,0,119,0,407,643,0.631987578,882,182,0.206115515,0.1100935,0.042834601,392,168,,1,1,0,ali8055,7,4,0.571428571,0,1
X,,140,1,,737,0.56097561,2251,191,0.084813499,0.71445975,0.431598834,,,70,1,,1,bot_2gch6,9,2,0.222222222,1,0
Facebook,0,11,1,396,736,0.537313433,3093,215,0.069489334,0.146632207,0.225096854,332,106,16,0,1,0,valentina_4500,14,4,0.285714286,1,1
Facebook,0,36,1,389,653,0.594801223,2160,190,0.087922258,0.060925427,0.420455333,376,164,126,0,1,1,acc_k3gqvvhn,12,1,0.083333333,1,2
Facebook,0,73,1,,712,0.579242637,2429,240,0.098765432,,0.329449873,239,166,16,1,1,0,jessica5252,11,4,0.363636364,0,1
Instagram,1,247,1,389,683,0.56871345,4851,219,0.045136026,0.950940091,0.538014811,217,118,47,0,1,0,kojo.1793,9,4,0.444444444,1,0
,1,72,0,410,696,0.588235294,,,0.076923077,0.440433385,0.723866829,181,108,56,1,1,1,aozrc5819,9,4,0.444444444,0,0
Facebook,0,51,0,420,661,0.634441088,4892,198,0.040465972,0.048995696,0.479313938,256,,102,1,1,1,aodqs7818,9,4,0.444444444,0,0
,0,198,0,411,703,0.583806818,,204,0.102204409,0.583634648,0.061968061,231,7,43,0,0,0,sofia6814,9,4,0.444444444,0,0
Instagram,1,129,1,381,710,0.535864979,1324,202,,0.199714066,0.017510481,188,42,121,1,0,1,locjd3379,9,4,0.444444444,0,1
Instagram,1,245,,411,725,0.566115702,4318,165,0.038203288,0.00683641,0.213231166,328,137,52,0,0,1,bot_ui499,9,3,0.333333333,1,1
X,1,55,,379,676,0.559822747,1012,198,0.195459033,0.758385794,0.424967511,414,40,32,0,1,0,valentina_9739,14,4,0.285714286,1,0
Instagram,1,59,1,,715,0.596368715,4039,207,0.051237624,0.154863079,0.044905029,343,,55,1,1,1,acc_qvdkrib9,12,1,0.083333333,1,1
Instagram,1,22,0,386,702,0.549075391,689,197,0.285507246,0.942486472,0.327733805,254,131,27,1,0,0,amina.3073,10,4,0.4,1,0
Facebook,1,102,1,409,652,0.626339969,4069,,0.04963145,0.592799869,0.887025708,44,23,62,,0,0,binta.1452,10,4,0.4,1,0
Instagram,,39,0,427,643,0.663043478,4214,234,0.055516014,0.086995823,0.090019022,496,,6,1,1,0,chen1483,8,4,0.5,0,0
X,1,63,,346,687,0.502906977,4270,209,0.048934676,0.217824429,0.94851651,315,137,,1,1,1,user_775209,11,6,0.545454545,1,1
,0,230,1,387,703,0.549715909,1243,179,0.143890675,0.610844637,0.856671776,,45,129,0,1,1,bot_0fzan,9,1,0.111111111,1,0
X,0,84,0,361,698,0.516452074,3448,199,0.057697883,0.338112728,0.831781156,200,197,131,0,1,0,giulia.6977,11,4,0.363636364,1,1
,0,150,1,378,762,0.495412844,2045,230,0.112414467,0.532143051,0.863658511,,120,,0,1,0,ashley_2401,11,4,0.363636364,1,0
Instagram,0,156,0,,753,,441,204,0.461538462,0.799512047,,342,43,,0,1,0,yumi_166,8,3,0.375,1,1
Instagram,0,205,1,,701,,1225,194,0.158238173,0.792601508,0.151168094,,99,48,,,0,satish_1132,11,4,0.363636364,1,1
Instagram,0,217,0,404,651,0.619631902,2463,204,0.082792208,0.697986804,0.134372427,118,32,28,,0,1,acc_3qaeo8hv,12,2,0.166666667,1,1
X,1,178,1,417,719,0.579166667,4179,188,0.044976077,0.886054306,0.111241811,297,,81,0,1,1,bot_xd84k,9,2,0.222222222,1,0
X,1,196,0,410,705,0.580736544,2753,230,0.083514887,0.199360692,0.32771122,468,35,54,1,0,0,mina_31,7,2,0.285714286,1,0
Facebook,0,,0,429,691,0.619942197,1753,198,0.112884835,0.177241489,0.830216883,154,152,,1,0,1,user_878723,11,6,0.545454545,1,0
X,,222,1,351,732,0.478854025,4443,216,,,0.251962144,185,12,5,0,1,0,max2646,7,4,0.571428571,0,0
Instagram,1,88,0,404,679,0.594117647,4630,216,,0.320889346,,196,166,111,0,0,1,lnhmj7879,9,4,0.444444444,0,0
Facebook,1,,1,403,763,0.527486911,3003,220,0.073235686,0.512182413,0.675888757,336,165,104,,,1,bot_di31s,9,2,0.222222222,1,0
Facebook,1,177,1,387,726,,4547,184,0.040457344,,0.096925102,481,157,39,1,1,0,oliver6780,10,4,0.4,0,0
Facebook,,19,,357,688,0.518142235,3217,192,0.059664388,0.395932359,0.360279992,200,13,11,1,0,0,arjun.1792,10,4,0.4,1,0
,1,,0,411,716,0.573221757,3360,217,0.064564118,0.1301623,0.295426307,417,49,63,1,0,1,acc_55v9rxba,12,3,0.25,1,2
X,0,,0,407,705,0.576487252,3943,196,0.04969574,0.679457202,0.847300864,265,67,45,0,0,0,daniel294,9,3,0.333333333,0,0
,,208,0,,733,0.502724796,3297,195,0.059126743,0.817159387,0.514501278,378,0,13,1,1,0,ayanda,6,0,0,0,0
Facebook,1,236,0,392,709,0.552112676,4310,194,,0.012797284,0.646473564,235,188,,1,,0,leo.9299,8,4,0.5,1,1
Instagram,1,129,1,422,705,0.597733711,4015,230,0.057270916,0.562552116,0.129034338,193,2,36,0,1,0,chen_4420,9,4,0.444444444,1,1
Instagram,0,152,0,378,689,0.547826087,900,185,0.205327414,,0.928918261,366,,109,1,1,0,jessica.3396,12,4,0.333333333,1,2
X,1,12,,414,697,0.593123209,1190,196,0.16456759,0.259596007,0.322452154,24,188,61,1,0,1,acc_ioc3135v,12,4,0.333333333,1,1
,1,,0,418,700,0.596291013,653,190,0.290519878,0.161028567,0.706838838,258,,66,0,,1,jxg8g5c1y2,10,4,0.4,0,0
,0,102,,380,,0.535211268,,213,,0.188037311,0.95462618,,131,79,1,0,0,kwame_1157,10,4,0.4,1,1
Instagram,1,219,0,415,671,0.617559524,576,180,0.311958406,0.724973184,0.508648862,70,,75,0,1,1,kgyt9nvpfm,10,1,0.1,0,0
Instagram,0,105,1,,708,,333,211,0.631736527,0.536195134,0.507535259,27,13,13,0,1,0,ali_9671,8,4,0.5,1,0
X,0,118,0,388,710,,4308,,0.04919935,0.981154381,0.117249424,392,88,97,1,0,1,bot_jwh7k,9,1,0.111111111,1,0
Instagram,1,69,1,376,,0.574045802,,211,0.727586207,0.243230798,0.390275556,10,102,132,1,1,1,user_020908,11,6,0.545454545,1,0
Instagram,0,,,,744,0.543624161,2214,189,0.085327314,0.956904177,0.852464939,348,124,75,0,,0,arjun.4687,10,4,0.4,1,0
Instagram,0,185,1,387,710,0.544303797,,197,0.090574713,0.515109559,0.135106507,,66,25,1,0,1,xjwtho6lfs,10,1,0.1,0,0
X,1,98,0,369,688,,3834,194,0.050586701,0.146026378,0.917504131,379,6,80,1,0,0,yuki6809,8,4,0.5,0,0
Facebook,1,81,1,373,642,0.580093313,1056,227,0.214758751,0.148179043,,207,7,107,0,,0,ivan_5109,9,4,0.444444444,1,0
Facebook,1,74,0,,700,0.539229672,4370,213,0.048730268,0.60856799,,422,43,,0,1,1,oxxgwai1sm,10,1,0.1,0,1
Instagram,0,117,1,410,685,0.597667638,,224,0.16892911,0.831422747,,92,,62,0,0,0,riya1357,8,4,0.5,0,0
Facebook,0,83,0,422,751,,3596,211,0.058659994,0.747711525,0.150496608,140,134,10,0,1,0,camila_9289,11,4,0.363636364,1,0
X,1,191,1,,702,0.53485064,3828,188,0.049098981,0.655627343,0.217483293,354,47,32,,0,0,oliver.5362,11,4,0.363636364,1,0
X,0,68,0,416,746,0.556894244,2663,197,0.073948949,0.172108062,0.286408427,10,61,40,0,0,1,ophuz7224,9,4,0.444444444,0,1
Facebook,,210,0,395,683,,2324,204,0.087741935,0.108340006,0.384846118,290,24,39,1,0,0,liwei.115,9,3,0.333333333,1,1
,,213,0,366,,0.52360515,1883,,0.101380042,0.000248024,,,117,3,1,,0,anastasia,9,0,0,0,0
,0,58,1,403,705,0.57082153,3064,,,0.101793861,0.367569025,,195,10,,0,1,user_746475,11,6,0.545454545,1,0
Facebook,,187,,409,663,,1154,213,0.184415584,0.766366607,0.52383524,262,191,7,0,0,1,acc_f77dgikz,12,2,0.166666667,1,2
Instagram,0,210,,368,697,0.52722063,3371,212,0.0628707,0.895248416,0.162026161,,112,148,0,0,0,pablo566,8,3,0.375,0,1
Instagram,0,,1,377,689,0.546376812,97,192,1.959183673,0.240350459,0.735973201,69,,126,,0,0,liwei,5,0,0,0,0
X,1,110,1,407,664,0.612030075,277,183,0.658273381,,0.560280849,184,121,126,,1,0,yumi,4,0,0,0,0
,0,61,1,411,708,0.579689704,2848,219,0.076869077,,0.439907458,370,3,4,1,0,0,liwei,5,0,0,0,0
X,1,143,1,,669,,332,,0.648648649,,0.947186466,123,144,31,0,0,0,ivan.2243,9,4,0.444444444,1,1
X,0,127,1,447,703,0.634943182,2253,186,0.082519965,0.224158094,0.890650844,418,,88,1,0,1,acc_07dhflr7,12,3,0.25,1,1
Facebook,,215,1,367,703,,4199,200,0.047619048,0.051729909,0.659511272,221,117,57,0,1,1,iaukm5491,9,4,0.444444444,0,0
X,0,104,1,424,718,0.589707928,3052,181,0.059285948,0.194061268,0.921812406,10,44,71,1,1,0,tao3039,7,4,0.571428571,0,0
Facebook,1,67,0,422,748,0.563417891,3697,174,0.047052461,,0.564781795,165,88,25,1,,0,jessica,7,0,0,0,1
,0,14,,435,693,0.626801153,2408,196,0.081361561,0.405469715,0.826937152,90,185,28,0,0,1,user_848242,11,6,0.545454545,1,0
Facebook,1,216,1,,692,0.565656566,3203,225,0.070224719,0.309466414,0.409460164,,2,81,0,,0,michael.7557,12,4,0.333333333,1,1
Instagram,0,235,0,422,717,0.587743733,2087,211,0.10105364,0.514725286,0.086744191,340,,6,0,0,1,vngro3471,9,4,0.444444444,0,0
Facebook,0,182,0,376,,0.52294854,307,209,,0.377998232,0.99414859,461,144,105,1,1,0,mateo,5,0,0,0,0
Facebook,1,,,408,765,0.532637076,884,229,,0.970364646,0.165631521,304,117,20,0,0,0,amina.4932,10,4,0.4,1,0
,1,,1,378,687,,4290,215,0.050104871,0.807350454,0.251510039,290,21,,0,1,1,vjydf4553,9,4,0.444444444,0,1
Facebook,1,13,1,395,639,0.6171875,,178,0.049568365,0.930977346,,156,38,9,,0,0,binta9784,9,4,0.444444444,0,0
Instagram,1,176,1,400,709,0.563380282,3642,186,,0.557426946,,87,,61,1,,1,goyob2617,9,4,0.444444444,0,0
Instagram,1,210,1,399,698,0.570815451,4345,215,0.049470778,0.678339629,0.289280134,,106,135,0,1,0,satish_123,10,3,0.3,1,0
X,0,101,1,,,0.53625171,2163,200,0.092421442,0.166676375,0.601102249,424,99,113,0,1,0,arjun_911,9,3,0.333333333,1,1
Instagram,0,99,0,398,724,0.548965517,3148,,0.069863449,0.752785757,0.996460014,364,,3,0,1,1,user_198046,11,6,0.545454545,1,0
Facebook,1,6,1,439,691,0.634393064,2784,191,0.068581688,0.235971111,0.052509055,479,,139,0,1,0,yusuf,5,0,0,0,0
Instagram,0,29,0,412,714,0.576223776,3142,188,0.059815463,,0.778443113,133,117,99,0,1,1,ss1js9ohc6,10,3,0.3,0,1
X,,210,1,384,689,0.556521739,4604,199,0.043213898,0.041859349,0.127991924,,28,,0,0,0,sofia.7866,10,4,0.4,1,1
Facebook,,48,0,417,678,0.614138439,155,221,1.416666667,0.47223025,0.019835025,83,70,110,0,,0,anna.990,8,3,0.375,1,2
X,1,216,1,385,714,0.538461538,3631,185,0.050936123,,0.63857682,211,168,30,1,1,1,acc_ownc76pa,12,2,0.166666667,1,1
Facebook,0,143,1,406,726,0.558459422,461,197,0.426406926,0.986727173,0.873315229,217,184,107,1,0,0,riya.3708,9,4,0.444444444,1,0
Instagram,0,110,1,370,700,,1397,222,0.158798283,0.249834302,,340,155,25,1,1,0,mateo,5,0,0,0,0
X,0,245,1,417,706,0.589816124,791,188,0.237373737,0.86654328,0.341613785,236,76,108,,0,0,kwame.3752,10,4,0.4,1,0
X,1,231,,392,702,0.557610242,3710,,0.055241175,0.316438769,0.168750204,150,148,133,0,1,0,michael.2753,12,4,0.333333333,1,0
Facebook,0,178,1,393,698,0.56223176,,207,0.110754414,0.749126852,0.906507569,173,131,,0,1,0,diego,5,0,0,0,0
X,0,71,0,417,714,,,182,0.107692308,0.65984131,0.270360432,139,125,16,1,1,1,acc_flz8rfx9,12,2,0.166666667,1,1
,1,209,,393,691,0.567919075,577,187,0.323529412,0.561783555,0.444712891,54,98,147,1,0,1,acc_ki5dhipy,12,1,0.083333333,1,1
Facebook,1,219,,406,680,0.596182085,3765,171,0.045406267,0.416824943,,140,115,109,,1,1,user_200345,11,6,0.545454545,1,1
Facebook,0,79,1,420,652,0.643185299,2544,209,0.082121807,0.671105013,0.552869204,73,14,73,0,1,1,gmjd8a3iw0,10,3,0.3,0,0
,0,243,0,400,711,0.561797753,362,204,0.561983471,,0.932849801,134,180,95,1,,1,kpkjal2vxm,10,1,0.1,0,0
Instagram,1,82,0,415,,,457,192,0.419213974,0.548100234,0.926450415,484,89,1,1,1,1,acc_fwhmgqxh,12,0,0,1,1
Facebook,1,41,0,449,685,0.65451895,3250,,0.062749923,0.589801737,0.46160102,395,173,36,1,1,0,layla_4829,10,4,0.4,1,0
X,1,16,0,386,707,0.54519774,4225,,0.047799337,0.26735522,0.582382613,316,134,,1,1,1,epmrh4709,9,4,0.444444444,0,0
,,,0,361,698,0.516452074,3562,184,0.051641875,0.339736477,0.230314274,408,145,146,0,0,1,user_796727,11,6,0.545454545,1,0
,,172,0,376,722,0.520055325,3111,193,0.062017995,0.018050064,0.990535819,129,,40,0,1,0,olga,4,0,0,0,0
Instagram,1,204,1,377,725,0.519283747,3530,211,0.059756443,0.852158993,0.27831666,231,148,143,0,1,0,omar_4869,9,4,0.444444444,1,0
Facebook,1,6,0,392,,0.589473684,4908,229,0.046649012,0.755983144,0.783306988,25,,114,1,1,0,maria1290,9,4,0.444444444,0,0
Instagram,0,154,,389,756,0.513870542,4969,,0.03943662,0.183530453,0.31296906,487,135,63,0,1,0,maria9985,9,4,0.444444444,0,1
Instagram,,9,1,441,710,,350,202,0.575498575,0.36204845,0.313042262,434,186,4,1,0,1,bot_5e4fe,9,2,0.222222222,1,0
X,1,33,0,390,666,0.584707646,,169,0.062731997,0.421069483,0.103862927,68,19,145,0,1,0,ayanda,6,0,0,0,0
X,0,35,0,,,0.608630952,4548,192,0.042207078,0.334378692,0.559895811,61,81,71,1,1,0,mateo_2838,10,4,0.4,1,0
Facebook,1,152,1,408,659,0.618181818,4084,207,,0.798242807,0.244832338,199,116,140,1,0,1,hxxfq8025,9,4,0.444444444,0,1
Instagram,1,5,0,422,,0.60982659,109,202,1.836363636,0.725420706,0.148394758,489,66,104,,1,0,suresh5806,10,4,0.4,0,0
Instagram,,151,0,409,678,0.602356406,1232,220,0.178426602,0.76715873,0.226666695,,,73,0,0,0,alex941,7,3,0.428571429,0,0
Instagram,1,145,0,359,686,0.522561863,577,193,0.333910035,0.904130051,0.251093157,456,61,35,,0,0,marco_4015,10,4,0.4,1,0
Facebook,0,214,0,393,713,0.550420168,241,217,0.896694215,0.595151256,0.504083456,166,17,,1,0,1,bot_fyhvp,9,0,0,1,0
Facebook,0,133,0,401,640,0.625585023,2639,210,0.079545455,0.614534329,0.385923037,467,90,92,1,0,1,ppbis6599,9,4,0.444444444,0,2
Facebook,,28,0,414,702,0.588904694,2042,195,0.095447871,0.72193412,0.075490281,115,109,108,1,1,0,yuki_8418,9,4,0.444444444,1,0
Facebook,0,125,0,383,681,0.561583578,371,209,0.561827957,0.681232595,0.536028583,370,55,22,0,1,1,mjmgp1500,9,4,0.444444444,0,1
Facebook,1,152,1,372,716,0.518828452,2153,208,,0.869813018,0.787747452,138,,112,1,1,0,luna.2858,9,4,0.444444444,1,0
X,0,182,0,393,705,0.556657224,98,187,1.888888889,0.770198206,,231,149,10,0,1,1,user_276910,11,6,0.545454545,1,0
Instagram,0,80,1,421,667,,4192,203,,,0.974540252,447,7,132,1,0,1,cgsact0zql,10,1,0.1,0,0
Instagram,1,173,1,,685,,1949,180,0.092307692,0.928358615,,213,138,,0,1,1,acc_pyny715o,12,3,0.25,1,1
Instagram,0,151,1,357,689,,1496,202,,0.68309929,0.821152337,207,106,12,1,,0,lucas5444,9,4,0.444444444,0,1
Instagram,0,74,,428,,0.61230329,2094,245,0.116945107,0.127145926,0.50569267,489,11,85,0,1,1,zswfd6470,9,4,0.444444444,0,0
Instagram,0,25,0,391,,0.566666667,2938,222,0.075535897,0.771973736,0.521595178,101,175,34,,1,1,tjaar8926,9,4,0.444444444,0,1
Instagram,,126,1,399,680,0.585903084,2079,196,0.094230769,0.35841253,0.519099935,297,102,82,1,0,0,binta.3349,10,4,0.4,1,1
Instagram,1,114,1,382,,0.541843972,2456,222,,0.805977912,0.325318828,9,62,28,1,1,1,acc_ex0vzfmz,12,1,0.083333333,1,1
Instagram,0,,,404,698,,3447,,0.059164733,0.955405943,,472,,82,1,1,0,amina.237,9,3,0.333333333,1,0
,1,225,1,406,716,0.566248257,1406,216,0.153518124,0.255242036,0.631844507,122,,79,1,0,1,bot_ikzqj,9,0,0,1,0
Instagram,1,27,1,,682,0.559297218,4812,214,,0.857411046,0.044765085,274,129,94,0,1,0,oliver5868,10,4,0.4,0,0
X,,130,,406,628,0.645468998,2692,198,0.073523951,0.77356137,0.588786045,,135,143,1,1,1,csenn4072,9,4,0.444444444,0,1
Facebook,,74,0,393,,0.54281768,2746,200,0.072806698,0.6711849,0.724590718,466,19,2,0,1,0,lucas.9308,10,4,0.4,1,0
Instagram,0,165,1,,675,0.652366864,973,202,0.207392197,0.384920545,0.356326293,258,7,121,1,0,0,sakura,6,0,0,0,0
,0,,0,415,727,0.570054945,2749,185,0.067272727,0.109862095,0.217356939,208,190,123,1,1,0,priya_8434,10,4,0.4,1,0
Facebook,,77,0,392,,0.569767442,1513,,0.141347424,0.483896828,0.213386913,397,67,22,,0,0,ayanda_892,10,3,0.3,1,0
Facebook,1,178,1,397,705,0.562322946,2924,204,0.06974359,0.10566663,,265,,136,1,0,0,ashley.6364,11,4,0.363636364,1,0
X,1,89,1,396,740,,809,218,0.269135802,0.500147227,0.089719319,261,159,32,1,1,0,priya_6886,10,4,0.4,1,1
Facebook,0,175,1,413,719,0.573611111,4695,181,,0.820293271,0.166687868,286,140,91,,1,0,sofia7117,9,4,0.444444444,0,1
Facebook,1,20,0,390,709,0.549295775,4231,196,0.0463138,0.997638134,0.019172905,30,85,23,1,0,0,ayanda,6,0,0,0,0
Facebook,0,,1,380,697,0.544412607,328,,0.662613982,0.198008711,0.266235408,175,25,106,1,1,0,luna3341,8,4,0.5,0,1
,0,183,0,377,727,0.517857143,4295,214,0.04981378,0.207858042,0.306401829,8,80,49,1,1,1,sfnvjlno5u,10,1,0.1,0,0
Instagram,0,102,0,410,716,0.571827057,683,178,0.260233918,0.810883332,0.995221253,203,156,51,0,0,0,rahul,5,0,0,0,0
X,0,221,0,426,706,,,190,0.057005701,0.469058632,0.991687738,107,119,37,,1,1,bot_97unb,9,2,0.222222222,1,0
,0,58,1,383,665,0.575075075,124,177,1.416,0.915804596,,123,17,43,1,1,1,acc_8xa257nl,12,4,0.333333333,1,1
Instagram,1,71,,398,661,0.601208459,754,212,0.280794702,0.768996238,0.213032158,237,68,88,0,0,1,user_731830,11,6,0.545454545,1,0
X,1,178,1,374,651,0.573619632,1607,206,0.128109453,0.736427765,0.491906371,409,139,125,1,,0,michael.8821,12,4,0.333333333,1,1
Instagram,0,19,1,407,695,,3579,207,0.057821229,0.101953709,0.148784334,129,129,55,,1,1,zqsbt5469,9,4,0.444444444,0,0
Facebook,1,111,1,,705,0.556657224,4667,179,0.038346187,0.035875565,0.504039408,233,169,44,,1,0,saif_8327,9,4,0.444444444,1,0
Facebook,0,223,1,404,638,0.632237872,1469,221,,0.31676282,0.399389705,3,134,128,0,0,0,liwei569,8,3,0.375,0,0
X,0,213,1,393,647,0.606481481,2846,206,0.072356867,0.217298361,0.324622891,479,46,,0,1,0,sakura1569,10,4,0.4,0,0
Instagram,0,,0,401,699,0.572857143,2939,196,0.066666667,0.712308886,0.822605171,219,122,115,1,0,1,user_217415,11,6,0.545454545,1,0
Instagram,1,70,0,396,723,0.546961326,1927,213,0.110477178,,0.8281177,261,53,63,1,1,0,arjun.1618,10,4,0.4,1,0
X,0,,0,,708,0.607898449,,199,0.081926719,0.523146375,0.987889467,29,14,135,1,1,0,emily.8954,10,4,0.4,1,0
Instagram,0,108,0,404,694,0.581294964,165,193,1.162650602,0.813741483,0.223088114,438,185,135,0,0,1,ytdkb3759,9,4,0.444444444,0,0
Facebook,1,128,0,406,691,0.586705202,1510,219,0.144937128,0.478504682,0.888277497,411,160,28,,1,1,user_760565,11,6,0.545454545,1,0
X,1,156,1,394,681,0.57771261,,201,,,0.53784593,316,194,12,1,0,0,martin2982,10,4,0.4,0,0
X,1,190,1,428,714,0.598601399,4093,187,0.0456766,0.842320266,0.591459431,,190,128,1,1,0,mateo.2850,10,4,0.4,1,0
Instagram,0,199,0,402,678,0.592047128,2811,195,0.069345661,0.431335809,0.896293214,182,175,28,1,1,1,user_737588,11,6,0.545454545,1,1
X,0,55,0,380,714,0.531468531,1201,195,0.162229617,,0.942630796,365,65,36,1,0,0,chen.6541,9,4,0.444444444,1,0
Instagram,1,245,,417,714,0.583216783,3282,194,0.059092294,,0.726811258,291,80,0,0,0,0,omar3782,8,4,0.5,0,0
,0,195,1,428,703,0.607954545,619,222,,,,457,192,107,0,0,0,satish.6574,11,4,0.363636364,1,0
Instagram,1,34,,400,660,0.605143722,2713,192,0.070744289,0.511796804,0.48966799,201,35,68,0,0,1,pedmd1241,9,4,0.444444444,0,0
Instagram,1,122,,401,687,0.582848837,,224,0.04519774,0.258049517,,388,16,116,0,1,1,acc_0ibbfkrs,12,1,0.083333333,1,2
Instagram,,130,0,374,697,0.535816619,3724,202,0.054228188,0.223690068,0.828640039,156,1,110,1,0,1,user_518526,11,6,0.545454545,1,0
X,0,,0,411,691,0.593930636,,173,0.102488152,,0.657947705,99,32,62,0,,1,bot_45zsl,9,2,0.222222222,1,0
Facebook,1,236,,414,719,0.575,1607,,0.111940299,0.166228739,0.365447617,,92,21,1,0,0,daniel.4301,11,4,0.363636364,1,0
Facebook,,103,0,407,711,0.571629213,4733,211,0.044571187,0.666023679,0.417880451,121,123,,0,0,0,sakura_5644,11,4,0.363636364,1,1
X,1,6,1,,706,,3933,193,0.049059481,,0.050437702,405,133,10,,1,0,binta.3011,10,4,0.4,1,1
X,1,26,0,367,693,0.528818444,3893,226,0.058038007,0.632395616,0.92426786,314,,28,0,0,0,ayanda1055,10,4,0.4,0,1
Facebook,0,0,0,403,,0.555096419,3804,209,0.054927727,,0.088119013,109,99,105,1,0,0,jessica7368,11,4,0.363636364,0,1
Facebook,1,,0,430,,0.600558659,4311,192,,0.246529014,0.579930791,166,87,2,0,1,1,bot_q2l2p,9,2,0.222222222,1,0
Facebook,1,207,1,421,692,0.607503608,1354,,0.151291513,0.787390259,0.871651881,129,10,2,0,1,0,tao_9855,8,4,0.5,1,1
,1,229,1,413,705,0.584985836,,199,0.046922896,,0.42086525,269,4,73,0,0,1,bexmz9640,9,4,0.444444444,0,0
Facebook,0,198,0,,712,0.5371669,619,197,0.317741935,0.875179849,0.800125488,,29,13,0,,0,ayanda_900,10,3,0.3,1,1
Instagram,0,,1,363,,0.50698324,354,190,0.535211268,0.403505718,0.80381608,175,137,80,0,,0,arjun7972,9,4,0.444444444,0,0
X,1,86,1,398,674,0.58962963,281,194,,0.547327832,0.059846039,63,90,64,,0,0,pablo,5,0,0,0,0
Instagram,0,40,1,389,695,0.558908046,3378,194,0.057413436,0.738777706,0.412143726,130,90,142,1,0,0,haruto.6448,11,4,0.363636364,1,1
Facebook,0,122,1,,690,0.554269175,4933,174,0.035265505,0.974154969,0.691025487,327,151,116,1,0,1,0v3n4udd9c,10,4,0.4,0,1
Facebook,,74,,401,712,0.562412342,3551,220,0.061936937,0.989631813,0.422353509,187,186,129,1,0,0,dmitri_1008,11,4,0.363636364,1,1
Facebook,1,41,0,351,701,0.5,1960,195,0.099439062,0.999175412,,,121,81,1,0,0,mateo58,7,2,0.285714286,0,0
Instagram,1,116,0,397,645,0.614551084,390,205,0.524296675,0.890526483,0.594457905,451,,,0,1,0,ashley.332,10,3,0.3,1,1
Instagram,0,160,0,413,716,,3868,212,0.054794521,0.639650819,0.151229377,276,194,93,1,0,0,chen.7351,9,4,0.444444444,1,0
Facebook,1,177,,377,677,0.556047198,4361,203,0.046538285,0.006970951,0.411981206,349,60,66,1,1,0,fatima_8664,11,4,0.363636364,1,1
Instagram,,,1,388,694,,2054,,0.101216545,0.699543763,0.028463222,146,101,2,1,1,1,za1p2hju95,10,4,0.4,0,0
,0,227,1,400,727,0.549450549,,193,1.142011834,0.238599516,0.149626083,334,25,3,0,1,1,bot_ea666,9,3,0.333333333,1,1
Facebook,0,,1,390,708,0.550070522,4946,188,0.03800283,,0.512254063,,108,,0,,0,valentina,9,0,0,0,0
Instagram,1,232,0,398,694,0.572661871,2167,162,,,,313,111,91,0,1,1,pdyi76npvd,10,2,0.2,0,0
,0,,0,424,705,0.600566572,4270,192,0.044954343,0.756010927,0.146234407,41,38,71,1,0,0,john_6531,9,4,0.444444444,1,0
X,,126,0,,739,0.578378378,3007,201,0.066821809,0.65943312,0.75561927,349,2,103,,0,0,sofia,5,0,0,0,0
X,1,208,0,400,751,0.531914894,187,184,0.978723404,,0.372987888,393,37,15,,,0,dmitri_7768,11,4,0.363636364,1,1
X,0,226,0,371,631,0.587025316,4047,200,0.049407115,0.511004124,,406,41,30,0,1,0,amina,5,0,0,0,0
Facebook,1,175,0,411,688,0.596516691,2941,231,0.078518015,0.934947627,0.387662723,,47,86,1,1,0,satish.1920,11,4,0.363636364,1,0
,1,132,1,417,693,0.600864553,1298,171,,0.729610966,0.149810976,139,12,129,1,1,0,yusuf.8939,10,4,0.4,1,0
Facebook,0,47,1,,698,0.532188841,2646,193,0.072912731,0.504684233,,8,,,0,0,0,ayanda_3738,11,4,0.363636364,1,0
X,0,223,0,375,721,0.519390582,1217,190,0.155993432,,0.5678008,78,87,90,,1,0,michael,7,0,0,0,0
X,0,2,1,415,677,0.612094395,4628,,0.041045582,,0.386688168,412,55,53,1,1,0,haruto_9333,11,4,0.363636364,1,1
Instagram,,115,0,409,685,0.596209913,3000,198,0.065978007,0.393782522,0.355957163,,186,149,0,0,1,user_265185,11,6,0.545454545,1,0
Instagram,,174,,376,698,0.537911302,1206,222,0.183927092,0.101843715,0.150768974,147,62,72,0,0,0,saif_9691,9,4,0.444444444,1,0
,0,189,1,375,690,0.542691751,228,,0.794759825,0.325826242,0.340834627,192,79,127,0,0,0,hans,4,0,0,0,0
X,0,98,0,377,727,0.517857143,2614,179,0.068451243,0.415200215,0.029344141,258,42,98,,,0,jose,4,0,0,0,0
X,0,115,0,411,,,4710,183,0.038845256,0.27296387,0.502401914,135,74,75,0,0,0,suresh,6,0,0,0,0
X,1,13,0,375,693,0.540345821,2137,195,0.091206735,0.528972405,,38,56,148,,1,0,nikolai_3014,12,4,0.333333333,1,0
Instagram,1,190,1,389,,0.571218796,3732,217,0.05813019,0.304857875,0.795330796,319,148,85,1,0,0,kwame_6722,10,4,0.4,1,1
X,0,111,1,372,729,0.509589041,250,208,,0.103179585,0.028521197,286,181,,0,1,0,binta7069,9,4,0.444444444,0,0
Instagram,1,,1,416,670,0.619970194,,187,0.082233949,,0.881260326,366,180,140,,1,0,chris7559,9,4,0.444444444,0,1
X,0,158,1,413,719,0.573611111,,175,0.059281843,0.918156083,,455,172,44,1,1,0,ivan,4,0,0,0,0
,0,94,0,415,694,0.597122302,,189,0.062582781,0.629595629,,462,163,86,0,1,0,binta_3174,10,4,0.4,1,0
,,,,377,721,0.522160665,4769,181,0.037945493,0.314308713,0.752411955,378,62,118,0,,0,camila.6562,11,4,0.363636364,1,0
Instagram,1,123,1,,659,0.593939394,2216,200,0.090211998,0.366917913,0.32287355,149,125,16,1,1,0,yuki.6827,9,4,0.444444444,1,0
Instagram,0,23,1,,721,0.573407202,2158,203,0.094025012,0.493383171,,351,,,1,,0,carlos_143,10,3,0.3,1,0
Facebook,0,115,0,359,668,0.536621824,1797,186,,0.673130034,0.161318407,4,0,134,1,0,1,acc_pj7x9pdf,12,2,0.166666667,1,1
X,1,150,1,412,732,0.56207367,3245,181,,0.58217989,0.486621907,235,,131,0,,0,yusuf_9042,10,4,0.4,1,0
Facebook,0,81,,390,,0.561151079,297,209,0.701342282,0.932698125,0.093394,235,194,30,0,,0,ali,3,0,0,0,0
Facebook,1,49,0,370,657,,1928,192,0.099533437,0.625748827,0.785613129,313,118,93,1,1,0,max.5811,8,4,0.5,1,1
Instagram,0,245,0,390,685,0.56851312,2257,198,0.08768822,0.91079198,0.470674577,456,160,94,0,1,1,acc_nmk9vlu3,12,2,0.166666667,1,1
Instagram,0,205,0,422,678,0.621502209,1458,205,0.140507197,,0.446976417,104,31,131,1,0,0,tariq.4695,10,4,0.4,1,0
Facebook,,241,0,437,658,,3547,209,0.058906426,0.890559472,0.001853956,206,185,81,0,0,0,noah5360,8,4,0.5,0,0
X,1,78,1,435,701,0.61965812,3128,192,0.061361457,0.721458588,0.81786386,238,125,83,0,0,0,anna,4,0,0,0,1
Instagram,1,78,0,406,695,0.583333333,2309,214,0.092640693,0.172193454,0.492837059,,,39,0,1,0,yumi1074,8,4,0.5,0,0
X,1,,1,417,696,0.598278336,3665,189,0.051554828,,0.43989452,316,60,103,1,1,0,ananya758,9,3,0.333333333,0,0
X,1,26,,400,736,0.542740841,1590,201,0.126335638,0.542809999,0.761384885,51,111,,,0,0,jose.1828,9,4,0.444444444,1,0
Facebook,,14,1,393,652,0.601837672,96,210,2.164948454,,,107,144,46,0,1,1,user_583758,11,6,0.545454545,1,0
Facebook,1,49,1,406,,0.570224719,,196,0.049822064,0.785368269,0.366680456,356,68,49,0,1,0,rahul.710,9,3,0.333333333,1,0
Facebook,0,35,,396,725,,1360,,0.157237325,0.791173866,0.575733958,32,28,,0,0,1,user_416983,11,6,0.545454545,1,0
Facebook,0,246,0,371,712,0.520336606,1740,223,0.128087306,0.300948989,0.460577563,21,62,37,,,1,user_744916,11,6,0.545454545,1,1
,0,7,1,433,771,0.560880829,,208,0.054794521,0.069817005,,306,133,136,,1,0,chen.6745,9,4,0.444444444,1,0
Instagram,1,78,1,415,706,0.58698727,1353,203,0.149926145,0.988847459,0.299276508,10,104,,0,0,0,oliver,6,0,0,0,0
Facebook,1,130,1,388,720,0.53814147,4925,197,0.03999188,0.250728879,0.300200558,126,186,,0,,0,mia9494,7,4,0.571428571,0,0
Instagram,1,189,0,407,695,0.584770115,1543,,0.122409326,0.067558651,0.991970803,441,114,115,1,,0,satish8083,10,4,0.4,0,0
Facebook,0,46,1,421,,0.593794076,2668,189,,0.329964959,0.326197119,49,20,24,,0,0,mia.7111,8,4,0.5,1,1
X,1,204,1,424,675,0.627218935,831,181,0.217548077,0.969003262,0.205182063,197,172,112,0,0,1,bot_30gwp,9,2,0.222222222,1,0
,1,104,0,399,692,0.575757576,1606,217,0.135034225,0.792927613,0.822637153,16,172,35,0,1,1,iaj1c9oxkt,10,2,0.2,0,0
X,0,97,1,422,,0.600284495,4646,191,0.041101786,0.48033308,0.421171255,429,86,110,0,1,0,binta_6890,10,4,0.4,1,0
Facebook,1,215,1,384,675,0.568047337,,209,0.076027646,0.305330422,0.443863694,43,34,77,1,,0,yumi,4,0,0,0,0
X,0,231,,375,733,0.510899183,,207,0.054302204,0.423306099,,184,51,,0,0,1,bot_0z8zd,9,2,0.222222222,1,0
Instagram,0,95,1,390,677,0.575221239,4659,218,0.046781116,0.017365608,0.595689197,388,45,27,,0,1,bot_7s3x8,9,3,0.333333333,1,0
X,1,188,1,418,664,0.628571429,,197,0.883408072,0.718370481,0.5905556,38,193,44,0,1,1,hofpfmwfeo,10,0,0,0,0
X,1,159,1,423,676,0.624815362,3952,,0.054389072,,0.034499722,441,56,104,0,1,0,yusuf_9488,10,4,0.4,1,1
X,1,,1,406,,0.586705202,531,199,0.37406015,0.519037577,0.818842433,495,41,47,1,0,0,lucas.2299,10,4,0.4,1,2
,0,115,1,394,706,,4127,188,0.045542636,0.565845053,0.194852819,136,,135,,0,0,oliver.3805,11,4,0.363636364,1,0
Facebook,0,240,0,373,714,0.521678322,1382,182,0.131597975,0.001689774,0.292342128,476,97,141,,1,0,chen2581,8,4,0.5,0,0
Instagram,,12,0,397,700,0.566333809,4118,185,0.044913814,0.979878626,0.17342952,278,15,14,1,1,0,valentina9906,13,4,0.307692308,0,1
Facebook,1,0,0,382,710,0.537271449,754,210,0.278145695,0.302139038,0.767076658,430,132,127,0,1,0,ayanda,6,0,0,0,0
Facebook,1,33,1,411,,0.576437588,,156,0.0361865,0.077224251,0.583657993,163,0,62,1,0,1,bot_welx6,9,1,0.111111111,1,0
X,1,189,1,,669,0.565671642,4808,186,0.03867748,0.854388558,0.755296153,,149,58,0,1,0,sofia,5,0,0,0,0
Facebook,1,78,1,407,681,0.596774194,1189,189,0.158823529,0.151952604,0.653398405,339,47,2,1,1,0,satish_3532,11,4,0.363636364,1,0
Instagram,0,235,0,372,721,0.515235457,409,203,0.495121951,0.024955136,0.104158634,22,121,38,,0,0,max5066,7,4,0.571428571,0,1
Instagram,,77,,413,680,,2486,211,0.084841174,0.49469068,0.301499776,439,25,,1,,0,luna5463,8,4,0.5,0,0
Facebook,0,120,1,398,740,,797,225,0.281954887,0.129916986,0.50726516,198,33,100,1,0,0,omar,4,0,0,0,0
X,0,92,1,403,662,0.607843137,861,197,0.228538283,0.982423066,0.304945031,173,113,126,0,1,0,chris.179,9,3,0.333333333,1,0
,1,97,0,411,696,0.589670014,4172,215,0.051521687,0.010410987,0.207303904,57,57,19,0,0,1,94px1o58m1,10,6,0.6,0,0
Instagram,1,,,398,,0.552777778,366,193,0.525885559,0.051197344,0.869811969,419,134,146,1,0,0,olga_1086,9,4,0.444444444,1,0
X,1,,1,425,723,0.587016575,1515,184,0.121372032,0.833283966,0.747783675,195,24,140,1,0,0,jessica_6680,12,4,0.333333333,1,2
Facebook,0,198,1,385,,0.560407569,4937,,0.040097205,0.239751696,0.345220061,87,184,90,1,0,0,leo.9541,8,4,0.5,1,0
Facebook,0,220,1,,687,0.569767442,2935,,,0.911596753,0.765012363,443,139,,0,0,1,bot_lel2d,9,1,0.111111111,1,0
Instagram,1,246,0,390,683,0.570175439,1584,204,0.128706625,0.311137053,0.627538618,141,158,65,1,1,1,user_299047,11,6,0.545454545,1,1
,1,158,0,352,690,0.509406657,499,178,0.356,0.069782651,0.003785734,280,,130,0,0,1,acc_8ue8eeu8,12,3,0.25,1,2
Instagram,0,191,,391,,0.551480959,3242,220,0.067838421,0.010591799,0.380262026,,85,,0,1,0,sofia_1063,10,4,0.4,1,0
Facebook,1,152,,421,676,0.621861152,1370,222,,0.282567277,0.290487499,206,161,129,1,0,0,jose,4,0,0,0,0
Instagram,0,37,0,365,681,0.535190616,1252,191,0.152434158,,0.217908622,,117,36,1,1,0,sofia7234,9,4,0.444444444,0,0
X,0,13,1,402,660,0.60816944,699,219,0.312857143,0.001016111,0.251589394,301,80,131,0,1,0,michael6236,11,4,0.363636364,0,0
Facebook,0,135,,,664,0.578947368,2728,203,0.074386222,0.581107203,0.942364847,396,74,77,1,,1,acc_xpmex5kq,12,1,0.083333333,1,1
Facebook,1,90,0,436,711,0.612359551,2251,201,0.089253996,0.333661559,0.486317068,317,92,44,1,0,0,yumi1267,8,4,0.5,0,0
Instagram,1,53,1,338,,0.509036145,2494,213,0.085370741,0.390153529,0.847708718,274,33,80,0,1,1,x85147jeqb,10,5,0.5,0,0
Instagram,0,129,0,382,657,0.580547112,,223,1.676691729,0.261410948,0.214217152,395,114,83,1,1,1,4kjzku660b,10,4,0.4,0,1
Facebook,1,208,1,423,743,,91,,2.315217391,0.529045205,0.1744038,367,,,1,0,0,ivan4639,8,4,0.5,0,0
Instagram,0,100,1,407,718,0.566063978,3895,176,0.045174538,0.230122622,0.888789588,345,185,92,0,1,1,user_011466,11,6,0.545454545,1,2
Facebook,0,205,0,400,737,0.54200542,3198,205,0.064082526,0.134822086,0.495704686,47,112,105,1,1,0,nikolai_7401,12,4,0.333333333,1,0
X,0,88,1,397,669,0.592537313,472,193,0.408033827,0.890647082,0.895152125,160,111,101,,0,0,satish,6,0,0,0,0
Instagram,0,55,1,434,682,0.635431918,1266,,0.16890292,0.390554983,0.063028853,462,,91,0,0,0,jessica_5837,12,4,0.333333333,1,1
Facebook,,93,1,400,665,0.600600601,4598,206,,0.07693035,0.916435522,164,25,136,1,0,0,saif_2042,9,4,0.444444444,1,0
X,0,92,1,,708,0.533145275,2809,200,0.071174377,0.230322755,0.415445316,389,125,95,0,0,0,amina.917,9,3,0.333333333,1,0
X,0,83,1,355,718,0.493741307,4483,184,0.04103479,0.309942948,0.155370487,378,,79,1,1,0,noah,4,0,0,0,0
,1,,1,388,746,0.519410977,,209,0.187780773,0.769646309,0.683382689,216,,47,0,1,0,chris8494,9,4,0.444444444,0,0
Instagram,0,188,1,,723,0.575966851,598,189,0.315525876,0.022255495,,116,31,30,0,0,0,yuki_310,8,3,0.375,1,0
Facebook,0,,1,383,680,0.562408223,908,202,0.222222222,0.478249488,0.047374728,,196,0,1,1,0,nikolai.8950,12,4,0.333333333,1,0
X,1,21,0,405,698,0.579399142,2915,207,,0.407692485,0.987195974,426,70,125,0,1,0,kwame_5093,10,4,0.4,1,0
Facebook,,34,0,396,684,0.57810219,3217,181,0.056246116,0.968400402,0.697026887,250,22,138,1,,0,hans,4,0,0,0,0
Instagram,,228,1,428,,0.645550528,1355,193,0.142330383,0.180075012,,355,192,129,0,1,0,saif454,7,3,0.428571429,0,0
X,,15,1,,,0.583094556,3947,208,0.052684904,0.627870746,0.151293796,433,166,,1,,1,ex4ndthgqp,10,1,0.1,0,0
Facebook,,,0,412,,0.564383562,3236,208,0.064257028,,0.392531415,243,194,0,0,0,1,acc_17qie8s7,12,4,0.333333333,1,1
Instagram,1,121,,,698,0.579399142,,208,0.076866223,0.548422054,0.220565661,429,,69,0,1,1,acc_v14ve5sg,12,3,0.25,1,1
,0,127,0,,674,0.614814815,2390,212,0.08866583,0.555063233,0.494153224,246,194,65,1,0,1,user_848699,11,6,0.545454545,1,1
Instagram,,112,0,,,0.536551724,4076,,0.048319843,0.07534673,0.781892708,72,62,1,1,,0,anastasia_9352,14,4,0.285714286,1,0
X,0,170,0,381,724,0.525517241,,225,0.061610077,,,283,69,68,0,1,1,taimq0vast,10,1,0.1,0,0
,0,16,1,419,674,0.620740741,,187,0.402150538,0.461156108,0.435934905,482,53,12,0,0,0,kwame_4916,10,4,0.4,1,0
Instagram,0,79,1,398,696,0.571018651,3939,,0.056598985,0.319136674,0.118943925,194,26,146,,1,0,alex,4,0,0,0,0
X,1,185,1,370,,0.525568182,,,0.175977654,0.277158554,0.957156922,266,92,82,0,,1,genit4749,9,4,0.444444444,0,0
,1,246,0,428,616,0.693679092,474,215,0.452631579,0.224297974,0.270370525,,78,46,0,0,0,valentina1759,13,4,0.307692308,0,0
Instagram,1,129,,376,656,0.572298326,4984,191,,0.005941072,0.277834546,86,35,128,0,0,1,user_337959,11,6,0.545454545,1,1
Facebook,0,131,0,405,696,0.581061693,939,199,0.211702128,0.001816284,0.645502222,245,132,,0,1,1,bot_9ykw4,9,2,0.222222222,1,0
Instagram,,84,1,372,700,0.530670471,1311,208,,0.589787211,0.770509622,,194,112,0,1,1,bot_jcy5n,9,1,0.111111111,1,0
X,0,166,0,411,754,0.544370861,2341,175,0.074722459,0.291463911,0.984152765,356,178,31,1,0,1,9k3ho15mxs,10,4,0.4,0,0
X,1,,0,,732,0.547066849,3521,195,,0.167888656,0.969164261,35,31,95,1,0,0,binta_5101,10,4,0.4,1,0
X,1,93,1,396,696,0.568149211,4057,213,0.052488911,0.684735206,0.913760524,235,148,10,1,0,0,ashley_1924,11,4,0.363636364,1,0
X,0,133,0,385,658,0.584218513,1087,178,0.163602941,0.528904569,0.435313567,,16,147,1,1,0,marco,5,0,0,0,0
Facebook,1,80,0,358,713,0.50140056,4664,,0.037942122,0.914958277,0.16666966,459,153,7,0,0,0,maria,5,0,0,0,0
Instagram,0,230,1,407,658,0.617602428,,189,0.053525913,0.831016937,0.584471203,99,21,,0,,0,ashley,6,0,0,0,0
Facebook,1,216,1,385,686,0.560407569,,225,0.045262523,0.726729191,0.017256506,226,40,5,1,0,1,ngvtx4993,9,4,0.444444444,0,1
Instagram,,,0,400,727,0.549450549,260,193,0.739463602,0.126581957,0.196248839,118,58,1,0,1,1,acc_13rxa903,12,5,0.416666667,1,1
Instagram,1,68,1,385,672,0.572065379,1657,202,0.121833534,0.666088739,0.002529397,353,74,72,0,1,0,hans_8100,9,4,0.444444444,1,1
Instagram,0,147,0,383,697,0.548710602,2956,200,,0.693926443,,195,121,2,,1,0,satish,6,0,0,0,0
Facebook,1,,1,447,703,0.634943182,4280,,0.044849334,0.76333259,0.474757123,,9,65,,1,0,carlos.7868,11,4,0.363636364,1,0
Instagram,,15,0,397,715,,3120,202,0.064722845,0.263132724,,,86,25,1,,0,ali.4084,8,4,0.5,1,0
Facebook,0,50,,,724,0.565517241,592,219,0.3693086,0.640297504,0.369296565,313,4,93,0,1,1,acc_23swqyik,12,2,0.166666667,1,1
X,1,104,0,412,678,0.606774669,1433,189,0.131799163,0.618278458,0.830952864,27,54,101,0,0,0,ananya4904,10,4,0.4,0,0
X,0,,1,427,696,,,178,0.071514665,0.38531005,0.674996305,,25,135,1,0,0,sofia4385,9,4,0.444444444,0,0
Instagram,0,231,1,429,670,0.639344262,,,0.847826087,0.66350698,0.936431763,321,3,74,,0,0,sofia,5,0,0,0,0
Facebook,0,200,1,386,687,0.561046512,2780,184,0.066163251,0.086695561,0.445341091,426,106,88,1,,0,daniel.7895,11,4,0.363636364,1,0
X,0,196,1,402,712,0.563814867,1369,198,0.144525547,0.643505021,0.272229675,4,26,115,,1,0,sarah_1729,10,4,0.4,1,0
Facebook,0,169,1,348,641,0.542056075,1625,199,0.122386224,0.606015584,0.122684538,475,125,29,0,1,0,jessica9442,11,4,0.363636364,0,2
Facebook,1,,1,444,732,0.605729877,3980,182,0.045717156,0.210624407,0.672027396,140,185,,1,0,0,alex.56,7,2,0.285714286,1,0
Instagram,0,65,1,428,682,0.626647145,740,201,0.271255061,,0.841741088,227,2,132,0,1,0,riya,4,0,0,0,0
X,0,8,0,409,715,0.57122905,3175,,0.061397985,0.874414,,8,49,19,1,0,0,riya.1601,9,4,0.444444444,1,0
Instagram,0,106,0,417,708,0.588152327,2648,190,0.071725179,0.210483947,0.878752745,358,124,51,0,0,1,bot_gms0q,9,1,0.111111111,1,0
Instagram,0,99,1,472,718,0.656467316,2071,178,0.085907336,0.075961084,0.526276202,477,25,20,,0,0,saif_929,8,3,0.375,1,0
X,1,85,1,,725,0.516528926,,236,,0.603575464,0.144080632,56,145,130,1,1,0,liwei1073,9,4,0.444444444,0,0
X,,63,0,393,,0.567099567,4994,254,0.050850851,0.479917527,0.642863325,282,,40,0,,0,carlos3241,10,4,0.4,0,0
Facebook,1,213,0,389,709,0.547887324,2035,219,0.107563851,0.427594229,0.520052742,444,116,123,1,0,1,bot_0in5u,9,2,0.222222222,1,0
X,0,21,1,386,694,,4381,228,0.052031036,0.76100833,,460,44,107,1,1,0,yumi,4,0,0,0,0
Facebook,,161,0,359,688,0.521044993,1186,206,0.173546757,0.96966264,0.399243205,489,140,51,1,0,1,acc_qo36pi2b,12,3,0.25,1,1
Facebook,0,182,,415,670,0.618479881,590,189,0.319796954,0.477663719,0.784787993,358,5,1,0,,0,layla1036,9,4,0.444444444,0,0
Facebook,0,156,1,384,690,0.555716353,4218,201,0.047641621,0.006155079,0.555423753,177,162,,1,0,0,suresh,6,0,0,0,0
,1,165,1,368,675,0.544378698,,197,,0.596267135,0.282041126,475,52,40,0,1,0,noah6341,8,4,0.5,0,0
Instagram,,109,1,412,685,0.60058309,3421,198,0.0578609,0.653965872,0.928641763,81,195,,,1,0,rahul.4094,10,4,0.4,1,0
Facebook,1,96,0,428,,0.667706708,2559,236,,0.828018306,0.237779038,417,169,6,0,,1,user_653701,11,6,0.545454545,1,0
Instagram,0,,1,388,705,0.549575071,2,220,73.33333333,0.199406981,0.252736007,84,3,,1,1,0,mina,4,0,0,0,0
Instagram,1,70,1,407,682,0.595900439,892,187,0.209406495,0.524327634,0.354639346,64,59,8,1,0,0,sarah_6027,10,4,0.4,1,0
X,0,192,0,,665,0.633633634,4895,,0.035539216,,0.894537861,428,172,,0,1,0,yumi_1911,9,4,0.444444444,1,1
Instagram,0,,1,391,700,0.557774608,4725,185,0.039145154,0.664440461,0.507625395,342,71,,0,1,0,layla,5,0,0,0,0
Instagram,1,,,441,687,0.640988372,4557,,0.043001316,0.063943064,0.682179059,289,74,127,0,0,0,michael,7,0,0,0,0
X,0,,0,388,680,0.569750367,3000,197,0.065644785,,0.976264173,355,65,18,1,0,0,sarah,5,0,0,0,0
Facebook,0,215,,400,712,0.561009818,3554,211,0.059353024,0.511157404,0.783296297,,21,131,0,1,1,uccpo5591,9,4,0.444444444,0,2
Instagram,0,131,0,388,709,0.546478873,3658,198,0.054113146,0.877045445,0.172600119,135,,12,,0,0,max.6708,8,4,0.5,1,0
X,0,3,0,408,664,0.613533835,972,200,0.205549846,0.340237132,0.788353929,249,50,10,0,0,0,max2435,7,4,0.571428571,0,0
Instagram,0,124,0,372,654,0.567938931,4150,211,0.050831125,0.653522215,0.748337149,497,,1,0,1,1,ixfly3498,9,4,0.444444444,0,0
Instagram,0,81,,392,708,0.552891396,3743,219,0.05849359,0.956725149,0.232616994,93,163,139,1,1,0,alex.1916,9,4,0.444444444,1,0
Facebook,1,26,1,,659,0.659090909,4205,188,0.04469805,0.943379191,0.325349831,47,92,125,0,0,1,bot_rqx6j,9,1,0.111111111,1,0
Instagram,1,170,1,421,739,0.568918919,280,202,0.71886121,0.944102755,0.71012824,419,,55,0,0,0,saif1822,8,4,0.5,0,1
X,1,,0,401,752,0.532536521,1699,205,0.120588235,0.042946841,0.238393094,99,,87,1,1,1,mrjhi7322,9,4,0.444444444,0,1
Instagram,,31,,398,724,0.548965517,2888,216,0.074766355,0.403016001,0.208186869,337,43,51,1,,0,marco_3667,10,4,0.4,1,1
Facebook,1,160,0,411,737,0.556910569,,210,0.072765073,0.060781257,0.703472772,193,106,,1,,1,acc_q0oj9uwb,12,2,0.166666667,1,1
Facebook,0,27,1,391,690,0.565846599,3286,196,0.059628841,0.309477013,0.880595493,116,149,131,0,0,1,bot_ddqys,9,0,0,1,1
X,0,,0,397,727,0.54532967,,214,0.059759844,0.174578095,0.075016683,266,93,104,0,0,0,john,4,0,0,0,0
Facebook,0,104,1,411,689,0.595652174,2252,190,0.084332002,0.620137424,0.445907735,307,7,,0,0,1,acc_zt2auwp2,12,2,0.166666667,1,1
Instagram,0,182,,385,728,0.528120713,4641,206,0.044377424,0.780746151,,163,109,51,0,1,0,rahul,5,0,0,0,0
Facebook,1,227,1,415,657,0.630699088,2357,211,0.089482612,0.513346965,,478,17,33,0,1,0,oliver8194,10,4,0.4,0,0
X,0,187,0,395,691,0.570809249,4624,214,0.04627027,0.795473073,0.996195912,,,21,1,1,0,ananya_5695,11,4,0.363636364,1,0
Facebook,1,69,1,,675,0.591715976,1932,181,0.093636834,0.012813297,0.68269196,23,117,140,0,1,0,haruto_6594,11,4,0.363636364,1,0
Facebook,0,,0,382,677,,,203,,0.820476365,0.620154113,493,71,62,0,1,0,noah.4056,9,4,0.444444444,1,0
,1,207,1,413,,0.560379919,1009,226,0.223762376,0.178360225,0.989734152,404,93,14,0,0,0,ahmed4137,9,4,0.444444444,0,0
X,1,33,1,411,728,0.563786008,4713,218,0.046245227,0.460935901,0.06066814,95,37,37,0,0,0,olga.5684,9,4,0.444444444,1,0
Facebook,1,86,1,,712,0.553997195,2079,198,0.095192308,0.442585616,0.074436896,496,156,104,0,0,1,acc_dhf5amrr,12,1,0.083333333,1,2
Facebook,1,113,,396,715,0.553072626,4196,196,0.046700024,0.873155529,0.560682526,253,80,54,0,0,1,9nnhdrc426,10,4,0.4,0,1
Instagram,1,105,0,358,671,,2715,186,,0.965979147,0.358664614,413,106,116,1,0,0,arjun5708,9,4,0.444444444,0,0
X,,215,0,405,728,0.555555556,,203,,0.255120967,0.096697514,120,129,119,1,0,0,carlos.6221,11,4,0.363636364,1,1
Facebook,,55,0,,734,0.631292517,4591,169,0.036803136,0.067413173,0.306448896,71,,65,,1,0,mina.5877,9,4,0.444444444,1,1
X,1,112,0,430,690,0.622286541,3690,175,0.047412625,0.650521782,0.674354487,352,41,65,1,1,0,michael8981,11,4,0.363636364,0,0
Facebook,0,12,1,385,688,0.558780842,,205,0.275908479,0.502840587,0.880614964,,117,71,1,1,0,dmitri_1536,11,4,0.363636364,1,0
Facebook,1,,,396,719,0.55,734,205,0.278911565,0.565705142,0.094324477,63,20,74,1,,0,anna.8358,9,4,0.444444444,1,1
Facebook,0,17,1,394,,,1807,190,0.105088496,0.046270213,0.540145062,242,129,,,0,0,maria.7187,10,4,0.4,1,0
,1,181,1,408,726,0.561210454,2379,,0.076470588,,0.296115565,126,4,8,0,0,1,bot_n8a7x,9,2,0.222222222,1,0
Instagram,1,204,0,409,702,0.581792319,3266,205,0.062748699,,0.667326163,372,,149,1,0,0,valentina_3900,14,4,0.285714286,1,1
Instagram,0,112,1,395,701,,1754,185,0.105413105,0.334936781,0.549451494,38,23,88,,1,0,kojo.5468,9,4,0.444444444,1,0
X,1,228,0,402,707,0.56779661,1025,210,0.204678363,0.228353713,0.926711006,384,135,30,0,,0,sofia_7756,10,4,0.4,1,1
X,1,170,0,,715,0.558659218,1483,196,0.132075472,0.945944561,0.037683887,352,157,20,0,1,0,jose,4,0,0,0,0
Instagram,1,38,0,411,,0.597383721,2566,192,0.074795481,0.168721817,0.470037275,425,177,37,1,0,0,rahul_5785,10,4,0.4,1,0
,0,188,1,392,731,,3555,211,0.059336333,0.732319004,0.192759555,76,149,51,1,0,0,maria5359,9,4,0.444444444,0,0
Facebook,,,0,408,717,,1780,197,0.110612016,0.245747294,0.536781709,469,58,146,1,1,0,binta.3410,10,4,0.4,1,0
,0,208,0,386,721,0.534626039,3717,180,0.048413125,0.424919619,0.853579344,4,151,137,0,1,0,zuri,4,0,0,0,0
Facebook,1,78,0,425,681,0.623167155,4819,190,0.039419087,0.996061877,0.911316528,139,25,75,1,1,1,kythi7288,9,4,0.444444444,0,1
Instagram,1,145,1,373,715,0.520949721,,199,0.093956563,,0.398231663,,60,82,1,1,1,xymut1303,9,4,0.444444444,0,0
X,0,150,0,,710,0.575246132,,213,,0.881359231,0.811780523,,135,78,1,1,0,omar4142,8,4,0.5,0,0
Instagram,1,181,1,425,,0.626843658,2540,194,0.076347895,0.946049896,0.280508075,258,11,37,,,0,max6880,7,4,0.571428571,0,1
X,1,242,1,,684,0.57810219,2966,193,0.065048871,0.698227295,0.006304946,,13,61,,,0,liwei,5,0,0,0,0
Facebook,0,29,0,394,698,0.563662375,,207,0.074945692,0.00996219,0.855239058,434,,71,1,1,0,giulia_7529,11,4,0.363636364,1,0
Instagram,,249,1,430,749,0.573333333,2455,205,0.083469055,0.820798584,0.119412242,419,182,,0,0,0,yumi,4,0,0,0,0
X,0,,,,,0.611832612,3755,190,0.050585729,,0.017611123,366,98,127,0,0,0,jessica_3409,12,4,0.333333333,1,1
X,0,57,0,383,,0.530470914,1946,180,0.092449923,0.980934157,0.353797663,236,188,,1,1,0,sofia664,8,3,0.375,0,1
Facebook,0,,0,393,716,0.548117155,3369,211,0.062611276,0.839315748,0.37937999,74,61,62,1,0,0,anastasia8341,13,4,0.307692308,0,0
Instagram,1,66,0,393,730,0.537619699,2630,179,0.068034968,0.445586967,,473,30,112,0,1,0,rahul.3297,10,4,0.4,1,0
Instagram,0,70,1,361,756,0.476882431,529,204,0.38490566,0.688649677,0.814182646,385,26,,,1,1,2fwfss6z6c,10,3,0.3,0,1
Instagram,0,,0,,701,0.592592593,4233,207,0.048889939,,0.40559273,,0,21,0,1,1,acc_stq9q04q,12,3,0.25,1,1
Facebook,1,145,1,414,,0.583921016,1472,199,0.135098439,0.35301835,0.489923614,40,,,0,1,1,muawd9843,9,4,0.444444444,0,0
Instagram,0,105,1,375,680,0.550660793,2036,154,0.075601375,0.626426493,,,141,86,0,0,0,oliver_2964,11,4,0.363636364,1,0
Facebook,1,6,1,416,703,0.590909091,4035,181,0.044846383,0.76983244,0.511506752,491,73,129,1,0,1,user_098349,11,6,0.545454545,1,0
Facebook,1,,1,393,692,0.567099567,1368,197,,0.635900787,0.766731391,99,177,96,1,1,0,anastasia.4347,14,4,0.285714286,1,0
Facebook,1,,1,395,703,0.561079545,1720,182,0.105752469,0.826578368,0.906182716,319,41,139,,0,1,user_303992,11,6,0.545454545,1,1
,1,213,0,,,0.496644295,1042,204,0.195589645,0.176374975,0.970529601,57,198,72,0,1,0,marco,5,0,0,0,0
Instagram,0,249,,405,697,0.580229226,3488,195,0.05588994,,0.426723925,,39,42,0,1,1,acc_kkpg7jqn,12,1,0.083333333,1,2
Instagram,0,192,1,391,740,0.527665317,560,195,,0.312585813,0.990033859,137,13,87,0,1,0,john,4,0,0,0,0
Facebook,0,67,1,381,679,0.560294118,1565,202,0.12899106,0.19412714,0.294955712,10,99,96,0,1,1,bot_3ujd4,9,2,0.222222222,1,0
Facebook,0,237,0,374,672,0.555720654,3225,193,,0.443174327,0.006975935,390,90,39,1,1,1,user_067554,11,6,0.545454545,1,1
Instagram,0,,0,438,706,0.619519095,1801,218,0.120976693,0.947872873,0.767617044,332,138,149,1,0,0,zuri_2800,9,4,0.444444444,1,1
Facebook,1,51,1,436,678,0.642120766,3271,202,0.061735941,0.538008292,0.178435649,488,190,18,0,0,0,diego,5,0,0,0,0
Instagram,0,113,1,390,718,0.542420028,1812,,0.107004964,0.286404877,0.052454838,363,105,19,0,0,1,user_088953,11,6,0.545454545,1,1
X,0,106,0,412,722,0.569847856,3082,207,0.067142394,0.354060618,0.924008923,188,48,118,1,,0,max,3,0,0,0,0
Facebook,0,28,0,436,702,0.620199147,4263,199,0.046669794,0.613075712,0.79181083,449,164,72,1,1,1,lkxrz27yp6,10,3,0.3,0,0
,1,148,1,412,708,0.581100141,,190,1.283783784,0.352746742,0.102664802,93,105,81,1,0,0,tao.5113,8,4,0.5,1,1
Facebook,1,217,0,379,712,0.531556802,,202,0.052741514,0.538346723,0.776910152,341,137,104,0,0,0,priya.1718,10,4,0.4,1,0
Instagram,0,77,0,400,697,0.573065903,4541,174,0.038309115,0.274159893,0.843999697,180,181,,1,1,0,omar.691,8,3,0.375,1,0
Instagram,,,1,,684,0.55620438,2118,209,0.09863143,0.345931271,0.905301665,320,6,81,,1,0,camila199,9,3,0.333333333,0,1
Facebook,0,,1,395,665,0.593093093,2664,200,0.075046904,0.705727859,0.543694067,,80,39,1,1,1,inh4b5s4kb,10,3,0.3,0,0
X,0,,,376,702,0.53485064,319,,0.6375,0.584618352,0.703412071,390,139,99,1,1,0,olga.1391,9,4,0.444444444,1,0
Instagram,1,,0,410,691,0.592485549,3970,229,0.057668094,0.093486863,0.762239279,320,100,26,1,0,0,ethan.5627,10,4,0.4,1,0
Instagram,1,178,1,372,630,0.589540412,4132,192,0.046455359,0.973182519,,57,54,140,0,0,0,luna,4,0,0,0,0
,0,183,0,407,686,0.592430859,255,214,0.8359375,0.049336923,0.64683362,24,163,46,0,1,0,yumi,4,0,0,0,0
,0,178,1,430,731,0.587431694,1337,191,0.142750374,,0.547559253,303,6,111,1,0,1,acc_5dsi33du,12,3,0.25,1,2
X,1,197,,354,711,0.497191011,335,192,0.571428571,0.701386049,0.479195454,259,151,118,0,0,1,17fwugdygk,10,2,0.2,0,0
,,127,0,362,,0.496570645,3092,,0.058842548,0.708018139,0.99612502,477,,58,1,1,0,kojo.8771,9,4,0.444444444,1,1
X,1,19,0,395,700,0.563480742,4394,173,0.039362912,,0.33756078,391,125,76,0,0,1,user_663397,11,6,0.545454545,1,2
Facebook,0,,1,378,710,0.53164557,1045,221,0.211281071,,0.08826877,496,192,125,1,,1,ycezvmk5vd,10,1,0.1,0,0
Facebook,1,,1,391,674,0.579259259,4574,194,0.042404372,0.033260015,0.765036965,212,28,6,0,0,0,saif_5672,9,4,0.444444444,1,0
X,0,165,0,396,707,0.559322034,1792,205,,0.960769994,0.213824378,114,25,49,,1,1,odouw8263,9,4,0.444444444,0,0
Facebook,0,71,1,439,694,0.631654676,,206,0.081713606,0.696142594,0.53269336,451,73,103,,1,0,camila_956,10,3,0.3,1,0
,1,64,0,369,678,0.543446244,962,200,0.20768432,0.186578101,,187,192,65,1,,0,liwei,5,0,0,0,0
,0,181,0,,710,0.562587904,3750,179,0.047720608,0.158104788,,259,44,130,,1,1,2i7iutj4g8,10,4,0.4,0,0
,0,240,1,382,690,0.552821997,4566,175,0.038318371,0.569662303,0.944007404,135,16,105,1,1,0,fatima_3786,11,4,0.363636364,1,0
,1,112,0,435,703,0.617897727,2815,186,0.066051136,0.633518726,0.722704713,489,163,6,,1,1,acc_y554rysq,12,3,0.25,1,2
Facebook,0,23,0,371,677,0.54719764,,213,,0.83123763,,89,62,7,1,1,1,user_105510,11,6,0.545454545,1,1
Instagram,0,127,0,418,,0.626686657,1989,,0.096984925,0.903321149,0.971138045,220,150,31,1,0,0,zuri,4,0,0,0,0
Facebook,0,174,1,375,718,0.521557719,2840,202,0.071101725,0.392533444,0.307086931,,92,18,0,1,1,qoo0ptp5uy,10,2,0.2,0,1
X,1,198,0,404,,0.594117647,3866,180,0.046547711,0.844084842,0.436614986,146,65,117,1,0,0,riya_9268,9,4,0.444444444,1,0
Instagram,1,82,1,409,703,0.580965909,2434,199,0.081724846,0.542380035,0.49811702,384,91,139,0,0,0,max,3,0,0,0,0
Facebook,1,213,1,371,693,0.534582133,2990,179,,0.470582141,0.990718743,100,116,56,0,0,0,michael.3110,12,4,0.333333333,1,1
Facebook,0,62,1,435,719,0.604166667,3949,,0.044810127,0.698970646,0.068891401,417,41,137,0,1,1,user_842871,11,6,0.545454545,1,0
Facebook,0,184,0,406,719,0.563888889,4542,,0.034998899,0.103194961,0.696728294,476,70,90,0,0,0,priya9316,9,4,0.444444444,0,0
Instagram,0,182,0,398,643,0.618012422,1961,207,,0.265386506,0.361930876,218,74,20,1,1,0,sarah_6176,10,4,0.4,1,0
X,0,59,1,391,720,,4195,212,0.050524309,,,367,70,147,0,1,1,gt7fr1gf7b,10,3,0.3,0,0
Facebook,1,98,1,400,672,0.59435364,,,0.324695122,0.504078838,,44,42,120,1,1,1,acc_6q86lpki,12,3,0.25,1,1
Facebook,0,61,0,,686,0.585152838,1079,192,0.177777778,0.908043436,0.589858319,62,54,,1,0,1,bot_3ljwf,9,1,0.111111111,1,0
Facebook,,29,1,392,688,0.568940493,3075,,0.065344603,0.088703734,0.753518008,349,,146,0,1,0,ananya.7950,11,4,0.363636364,1,0
Facebook,0,220,1,386,,0.526603001,1356,211,0.155490052,0.313412811,0.240385436,389,78,,1,0,0,omar,4,0,0,0,0
Facebook,1,21,0,,,0.552054795,1459,212,,0.355549893,0.761540923,,158,70,0,1,0,giulia,6,0,0,0,0
X,0,202,1,376,694,0.541007194,,163,0.049634592,,0.82847544,376,82,63,1,1,1,mkdft2150,9,4,0.444444444,0,0
,0,211,0,422,,0.649230769,4913,204,0.041514042,,0.430829397,358,183,138,1,0,0,ahmed7267,9,4,0.444444444,0,0
Facebook,0,125,0,437,691,0.63150289,4757,225,0.047288777,0.310662714,0.571956473,65,120,32,1,1,0,luna_7485,9,4,0.444444444,1,0
Instagram,,156,1,384,694,0.552517986,4696,226,0.048115819,0.518682453,0.971872535,118,175,24,0,,1,bot_x0t8e,9,2,0.222222222,1,0
X,0,242,0,393,683,0.574561404,920,193,0.209554832,0.536071324,,233,179,25,0,0,0,tariq,5,0,0,0,0
Instagram,1,,0,,701,0.552706553,1747,210,0.1201373,,0.444850061,461,71,,0,0,1,kprzv4554,9,4,0.444444444,0,1
X,0,41,0,386,724,0.532413793,1759,207,0.117613636,0.517868994,0.664573859,7,0,10,1,0,1,user_454148,11,6,0.545454545,1,0
Facebook,0,97,1,433,,0.622126437,1832,187,0.102018549,0.605737401,0.784231477,194,,29,0,0,1,kijaf8226,9,4,0.444444444,0,1
X,0,192,1,411,684,,1172,191,,0.753328051,0.024328821,226,92,,1,0,0,yumi33,6,2,0.333333333,0,1
Facebook,0,30,1,373,730,0.510259918,3279,212,,0.101132005,0.588365987,26,41,96,1,,0,jessica,7,0,0,0,1
X,0,157,0,387,694,,360,176,0.487534626,0.963472124,0.984528613,289,73,137,1,1,1,acc_lvurbsuf,12,0,0,1,1
Facebook,0,,0,401,657,0.609422492,3811,197,0.051678909,0.846304176,0.94718065,27,,24,1,,1,f55ntx39jl,10,4,0.4,0,1
Facebook,0,145,1,371,,0.48687664,1441,,0.131067961,0.388772614,0.832440395,158,113,95,0,0,1,hutxu4176,9,4,0.444444444,0,0
Facebook,0,246,1,451,721,0.62465374,2920,,0.068469702,,0.106214093,144,30,56,0,1,0,kiran,5,0,0,0,0
Facebook,0,121,0,,647,0.598765432,,178,0.103428239,0.762325104,,466,95,122,1,,1,sneig5937,9,4,0.444444444,0,0
Instagram,0,16,1,374,699,0.534285714,3254,230,,0.850246449,0.609538153,233,,33,1,1,1,user_147757,11,6,0.545454545,1,1
Facebook,1,37,1,408,693,0.587896254,556,193,0.346499102,0.188316825,0.222908249,107,23,85,1,,1,jvelk2084,9,4,0.444444444,0,0
Instagram,1,141,1,403,,0.580691643,1234,223,0.180566802,0.703702753,,378,170,53,0,1,1,mxana6431,9,4,0.444444444,0,0
Instagram,1,214,1,419,668,0.626307922,3921,200,0.050994391,,0.856523562,438,197,50,1,1,1,user_825346,11,6,0.545454545,1,0
Facebook,1,216,1,362,714,0.506293706,4040,185,0.045780747,0.115579124,0.112327761,,,5,0,0,0,ahmed_7026,10,4,0.4,1,0
Instagram,0,,0,414,701,0.58974359,2298,205,0.089169204,,0.916438143,264,42,53,0,0,0,mia_3912,8,4,0.5,1,0
X,1,109,1,384,701,0.547008547,1536,194,0.126219909,0.813003004,0.920204281,477,50,16,0,1,0,zuri,4,0,0,0,0
Facebook,1,183,,379,710,0.533052039,,208,0.051231527,0.592436452,0.013464406,312,173,,1,1,0,saif_548,8,3,0.375,1,0
Instagram,0,,0,401,670,0.597615499,,197,0.059624697,0.581685974,0.900319122,300,74,136,,0,0,binta_8516,10,4,0.4,1,0
Facebook,,194,0,,681,0.605571848,910,197,0.216245884,0.749511428,0.946817918,389,98,,0,0,0,michael6906,11,4,0.363636364,0,0
Facebook,1,55,0,422,690,0.610709117,1962,182,0.092715232,0.906084822,,397,0,19,0,1,0,kwame.146,9,3,0.333333333,1,0
Facebook,0,118,,434,708,0.61212976,12,186,14.30769231,0.421115171,0.294166324,414,123,90,0,1,0,valentina,9,0,0,0,0
Instagram,0,146,1,,702,0.597439545,980,213,0.217125382,0.114821119,0.373107507,437,116,5,0,1,0,saif.5849,9,4,0.444444444,1,0
X,0,56,1,380,697,0.544412607,273,223,0.813868613,0.838999384,,10,86,118,1,0,1,tnfvn9303,9,4,0.444444444,0,0
,1,171,1,402,,0.595555556,4584,193,0.042093784,0.341644146,,324,194,78,1,0,1,bot_n3bly,9,1,0.111111111,1,0
Instagram,1,,1,379,687,0.550872093,1998,186,0.093046523,,,94,128,54,0,0,0,saif,4,0,0,0,0
,0,34,0,,685,0.586005831,4634,213,0.045954693,0.6146164,0.95657881,129,117,47,1,0,1,nrhyub3a84,10,3,0.3,0,0
Instagram,,113,,425,680,0.624082232,1689,207,0.122485207,0.578083925,0.994992625,102,62,,0,0,0,emily,5,0,0,0,0
Instagram,1,124,1,396,691,0.572254335,1596,193,,0.474246207,0.316818871,272,,148,1,1,0,ali.8684,8,4,0.5,1,0
Instagram,,128,1,395,703,,3243,199,0.06134402,0.859797244,0.508800753,485,189,5,1,1,0,luna,4,0,0,0,0
Facebook,1,51,1,408,680,0.599118943,4684,184,0.03927428,0.272225835,0.55770584,109,188,29,0,,0,dmitri_4074,11,4,0.363636364,1,0
Instagram,0,84,,400,705,0.566572238,1716,,0.100174723,0.013235265,,291,167,35,0,,1,lovso3360,9,4,0.444444444,0,1
Facebook,,220,0,426,680,0.625550661,,206,0.047465438,0.323468719,0.374208994,,94,109,1,1,1,acc_l5xfr2up,12,2,0.166666667,1,1
Instagram,1,197,1,407,651,0.624233129,1202,189,0.157107232,0.00970596,0.165993502,190,,120,1,1,0,jessica_8117,12,4,0.333333333,1,2
X,0,164,0,388,697,0.555873926,2846,201,,0.543591211,0.054560542,298,34,2,1,1,0,jessica9667,11,4,0.363636364,0,2
Instagram,0,64,0,,711,0.561797753,,214,0.829457364,0.378248293,0.106348666,92,91,89,,1,0,amina,5,0,0,0,0
Instagram,0,178,0,379,732,0.517053206,310,183,0.588424437,0.813942741,,288,84,,0,,0,leo_3916,8,4,0.5,1,0
X,1,128,0,,761,0.514435696,2564,212,0.082651072,0.797585352,0.280375007,205,,114,1,1,0,yusuf2843,9,4,0.444444444,0,0
Facebook,0,218,1,390,,0.549295775,3418,205,0.059959052,0.434638493,0.076822983,357,138,,0,0,0,ethan662,8,3,0.375,0,1
Facebook,0,20,1,414,709,0.583098592,1089,204,0.187155963,0.216485274,0.6235297,28,190,117,1,0,1,user_553094,11,6,0.545454545,1,1
Instagram,0,180,1,401,,0.606656581,4732,215,0.045425734,,0.075307151,406,196,87,0,1,1,yw0krv65be,10,3,0.3,0,0
,0,15,1,433,,0.601388889,4893,191,0.03902738,0.641317733,0.07005294,186,55,3,0,1,0,binta.6134,10,4,0.4,1,0
Facebook,0,235,,411,715,0.574022346,1177,168,0.142614601,0.190205982,,336,,50,0,,1,user_303510,11,6,0.545454545,1,0
Instagram,0,122,0,402,,0.580924855,3098,195,0.062923524,0.773046616,,176,50,23,1,1,0,tariq.3889,10,4,0.4,1,1
X,1,60,0,424,718,0.589707928,,223,,0.33056021,0.041477287,,,45,1,0,0,kwame5222,9,4,0.444444444,0,1
Facebook,1,53,1,447,726,0.614855571,1725,172,0.099652375,0.932176995,0.460477834,330,41,115,1,1,0,binta.6869,10,4,0.4,1,0
Facebook,0,167,0,419,684,0.611678832,2629,201,0.076425856,0.51187053,0.435768308,155,,26,0,0,0,jessica,7,0,0,0,1
X,1,25,0,389,702,0.553342817,,192,0.045977011,0.847126534,0.54668913,,52,94,0,,1,s7gec3ni6z,10,3,0.3,0,0
X,1,79,0,376,699,0.537142857,3300,200,0.060587701,0.61589258,0.73784471,,90,110,1,1,0,hans6206,8,4,0.5,0,0
X,0,219,0,424,701,0.603988604,1351,198,0.146449704,0.554601844,0.282800048,108,148,,1,0,0,jessica4046,11,4,0.363636364,0,1
X,1,64,1,376,,,,211,0.339774557,0.682130133,0.432780284,359,29,115,,0,0,kojo.7813,9,4,0.444444444,1,0
Instagram,1,99,0,378,,0.550218341,2549,236,0.09254902,0.811491124,0.792742684,71,122,19,0,0,0,marco.365,9,3,0.333333333,1,0
X,1,73,0,433,700,0.617689016,1379,207,0.15,0.644507504,,488,128,79,0,1,1,jj3rr72wdr,10,3,0.3,0,2
Facebook,1,191,1,409,,,,215,0.052955665,0.797240687,0.891322973,220,23,94,0,0,0,chen3221,8,4,0.5,0,1
Facebook,,,1,351,708,,978,204,0.208375894,0.190465164,,280,124,145,,1,0,ivan_5669,9,4,0.444444444,1,1
Instagram,1,16,1,,693,0.567723343,1538,201,,0.27751654,0.520865797,,133,135,0,0,0,leo3985,7,4,0.571428571,0,0
Facebook,1,120,0,,653,,3773,210,0.055643879,0.229722822,,376,5,13,1,0,0,tao.3727,8,4,0.5,1,0
,1,186,0,352,665,,3579,196,0.054748603,0.798303188,,213,126,145,0,1,0,haruto1550,10,4,0.4,0,1
X,0,22,0,395,676,0.583456425,2534,,0.065088757,0.086128559,0.839939507,456,116,64,,0,1,acc_lshoj9pb,12,1,0.083333333,1,1
Facebook,,134,0,406,711,0.570224719,,206,0.43006263,0.795863197,0.311532529,74,196,19,0,1,0,riya_2659,9,4,0.444444444,1,0
Instagram,1,171,,413,704,0.585815603,3655,183,0.050054705,0.3890423,0.162849689,417,189,69,,0,1,acc_nc1eo6co,12,2,0.166666667,1,1
X,1,180,,408,671,0.607142857,1895,180,,0.079507162,0.378974561,474,34,44,1,0,1,acc_h1o4vxbb,12,2,0.166666667,1,2
,0,70,0,,678,0.627393225,2381,212,0.08900084,0.424426262,0.288406383,241,127,0,0,1,1,aqskd1318,9,4,0.444444444,0,0
,1,107,1,419,709,0.590140845,1633,183,0.111995104,0.300502301,0.950780725,149,78,146,1,0,0,sarah_1269,10,4,0.4,1,0
X,1,78,1,,688,0.647314949,2041,207,,0.591952183,0.265915679,322,34,38,1,1,0,jose4675,8,4,0.5,0,0
X,0,161,,400,727,,1566,198,,0.472526633,0.181206682,,47,118,1,,0,chris_7617,10,4,0.4,1,0
,,45,0,390,664,0.586466165,4126,190,0.046038284,0.296777391,0.899479063,,113,55,0,1,1,bot_rgkzp,9,0,0,1,0
X,0,236,0,416,711,,4823,220,0.045605307,0.862265944,0.086478604,103,104,143,1,0,0,diego_9485,10,4,0.4,1,0
Instagram,1,195,0,414,717,0.576601671,4269,199,0.046604215,0.406821425,0.260266051,118,71,6,1,1,0,ethan.9931,10,4,0.4,1,1
Instagram,1,205,0,389,695,0.558908046,2840,185,0.065117916,0.470689992,0.439111194,199,42,19,0,1,0,haruto6955,10,4,0.4,0,1
Facebook,0,77,0,430,721,0.595567867,468,216,0.460554371,0.846628525,0.595107378,69,34,83,,1,0,dmitri.5088,11,4,0.363636364,1,1
Facebook,0,15,1,421,683,0.615497076,3548,223,0.062834601,0.089056608,0.327672896,56,132,78,1,0,0,giulia7846,10,4,0.4,0,0
X,1,70,1,382,680,,1976,181,0.091552858,0.389893142,0.496233997,408,30,109,0,1,0,marco_2565,10,4,0.4,1,0
X,0,95,,393,686,0.572052402,3389,208,0.061356932,0.402856687,0.198831186,65,105,0,1,0,1,zusvrtk1jq,10,1,0.1,0,0
Instagram,1,146,0,399,677,0.588495575,4221,219,0.051871151,0.495825655,0.57427412,399,158,144,0,1,0,liwei_2896,10,4,0.4,1,0
,1,1,0,394,,0.585438336,2744,191,0.069581056,0.106120592,0.407816808,57,100,,1,1,0,maria3005,9,4,0.444444444,0,1
Instagram,0,9,0,364,721,0.504155125,2575,188,0.072981366,0.102660121,0.849259687,116,7,26,0,,0,mia5039,7,4,0.571428571,0,0
Instagram,,177,0,367,703,0.521306818,1420,197,0.138634764,,0.415734133,424,5,118,1,0,0,fatima.6271,11,4,0.363636364,1,0
X,1,124,1,405,715,0.565642458,,185,0.098456626,0.033029008,0.443815418,306,86,122,1,1,0,saif_2708,9,4,0.444444444,1,0
Instagram,0,80,1,400,687,0.581395349,1027,,0.185797665,0.254984359,0.592174989,,180,23,0,0,1,acc_lg58a5mk,12,3,0.25,1,1
,0,228,1,404,747,0.540106952,4632,,0.040362616,0.201176754,0.123170004,78,79,51,1,1,0,dmitri9310,10,4,0.4,0,0
X,0,139,0,423,695,0.607758621,601,202,0.335548173,0.489386261,0.156795177,311,43,50,1,1,1,acc_z0nxui44,12,3,0.25,1,2
,0,69,0,419,656,0.637747336,,209,0.058152476,0.011159557,0.790237747,353,,56,1,1,0,ivan3852,8,4,0.5,0,0
X,1,149,1,380,674,0.562962963,988,191,0.193124368,0.67573345,0.273418779,46,135,54,0,0,0,zuri,4,0,0,0,0
,1,31,1,381,693,0.548991354,606,208,0.342668863,0.855587307,0.684696929,373,63,52,0,,1,h5qz5tfxjz,10,2,0.2,0,0
X,1,104,0,338,716,0.471408647,,187,0.068024736,0.706741518,0.09742697,170,131,88,0,0,0,jessica2892,11,4,0.363636364,0,1
Facebook,1,83,1,365,705,,139,,1.357142857,0.818078169,0.82184666,83,31,18,,1,0,ivan,4,0,0,0,0
Instagram,,128,1,,710,0.592123769,2058,215,0.104419621,0.643316404,0.988228111,107,52,108,0,0,0,omar_5682,9,4,0.444444444,1,0
X,0,181,0,414,719,0.575,3587,187,,0.507367034,0.373690945,286,,140,1,0,0,michael8840,11,4,0.363636364,0,1
,1,,,389,,,4226,210,0.049680625,0.219021597,0.505530102,270,194,28,0,1,1,acc_53ul5iq2,12,4,0.333333333,1,1
X,,244,1,359,,0.508498584,,196,0.043574922,0.279626348,,175,,133,0,1,0,fatima.8112,11,4,0.363636364,1,1
Facebook,0,,,414,730,,1245,188,0.150882825,0.317708004,0.894187749,317,,,0,,1,acc_3pj7fjrb,12,2,0.166666667,1,1
Facebook,1,197,0,391,711,0.549157303,642,214,0.33281493,0.038017669,0.009934038,475,187,128,0,0,1,6vciygfjo2,10,2,0.2,0,0
X,1,210,1,450,739,0.608108108,437,193,0.440639269,0.913088771,0.653459321,69,76,73,1,0,0,sarah_6075,10,4,0.4,1,0
Instagram,0,145,1,417,668,0.623318386,1424,206,0.144561404,0.900302703,0.652368273,386,160,98,0,1,1,acc_wlwksc3a,12,1,0.083333333,1,1
Instagram,1,133,1,390,709,0.549295775,1137,212,0.18629174,0.10777785,0.382385008,165,21,5,1,0,0,kojo,4,0,0,0,0
,0,44,0,412,746,0.551539491,3722,214,0.057480526,,,342,126,147,0,1,1,user_303012,11,6,0.545454545,1,0
Instagram,0,,0,417,679,0.613235294,3290,186,0.056517776,0.467641294,0.239682681,57,30,75,1,1,0,omar5961,8,4,0.5,0,0
Facebook,1,22,1,387,720,0.536754508,58,,3.305084746,0.683413997,0.800464121,450,23,66,1,0,1,morjl5304,9,4,0.444444444,0,0
X,0,22,,405,,0.569620253,1137,186,0.16344464,0.603017661,0.066103096,244,2,17,,0,0,carlos5725,10,4,0.4,0,0
Facebook,1,153,1,431,708,0.607898449,700,,0.262482168,0.124321801,,44,32,20,,0,0,fatima_7706,11,4,0.363636364,1,1
Facebook,0,204,0,426,,,1146,213,0.185701831,0.660077645,0.306840603,171,153,18,1,0,0,saif,4,0,0,0,0
X,1,134,0,397,724,0.547586207,2456,199,0.080993081,0.608872304,0.265247812,263,50,55,0,0,1,70jsr9oi2y,10,4,0.4,0,0
Instagram,1,78,1,,686,0.57496361,1109,197,,0.531223638,0.505737666,382,29,17,0,0,0,arjun33,7,2,0.285714286,0,1
Facebook,1,43,1,429,725,0.590909091,4496,206,0.045808317,0.402406267,0.897861506,65,,105,0,0,0,pablo5445,9,4,0.444444444,0,1
Facebook,,,1,373,689,0.54057971,,205,1.880733945,0.954920994,0.618091919,326,24,52,1,1,1,30hoxm3qoy,10,3,0.3,0,0
X,,25,,418,700,0.596291013,1985,186,0.093655589,0.849439561,0.788610628,188,27,85,,0,1,user_871951,11,6,0.545454545,1,0
Instagram,1,96,1,391,722,0.540802213,4248,169,0.039774064,0.585084975,0.600683779,272,96,49,0,0,1,fjxtck7i4r,10,2,0.2,0,0
Facebook,0,206,0,413,713,0.578431373,906,183,0.201764057,,0.69771578,70,86,126,1,0,1,user_799511,11,6,0.545454545,1,2
X,1,35,0,404,684,0.589781022,,207,0.041843542,0.432123242,0.432407649,352,25,3,0,,1,empaf5270,9,4,0.444444444,0,0
Facebook,,108,1,417,739,0.563513514,1993,,0.094784353,0.700339729,0.925981635,35,119,,0,1,1,user_668290,11,6,0.545454545,1,1
,0,54,,376,711,,4123,175,,0.117294235,0.50193902,238,135,112,,0,0,ethan_8695,10,4,0.4,1,0
Instagram,,191,1,400,727,0.549450549,4215,230,0.05455408,,0.551774669,67,100,,0,1,0,max,3,0,0,0,0
Instagram,0,218,0,,,0.617737003,4819,189,0.039211618,0.191725224,0.524965503,107,,149,1,0,1,vr7p6qjytc,10,2,0.2,0,0
Instagram,1,,,400,682,0.585651537,2148,,0.094927873,0.338142987,0.31618902,207,14,139,0,0,0,haruto_4829,11,4,0.363636364,1,0
Instagram,,68,0,402,662,,4099,206,0.050243902,0.026669204,0.231238436,276,48,12,1,0,0,tao8866,7,4,0.571428571,0,2
Facebook,1,60,,387,727,0.531593407,806,199,0.246592317,0.126732382,0.073834964,209,,104,,1,0,fatima_9970,11,4,0.363636364,1,1
Facebook,1,129,1,380,677,,1993,191,,0.45475685,0.718174982,301,,32,0,,1,bot_0hzfz,9,1,0.111111111,1,0
Instagram,0,54,0,436,705,0.617563739,3601,205,0.056912826,0.898189921,0.289275263,429,182,63,0,1,0,ashley.3721,11,4,0.363636364,1,0
Instagram,1,121,1,427,722,0.590594744,4400,208,0.047261986,0.490581622,0.389197963,,84,82,1,1,0,yuki_6796,9,4,0.444444444,1,0
Instagram,1,96,0,400,,0.580551524,4273,219,0.051240056,0.453077469,0.919928163,106,127,104,,1,0,sarah,5,0,0,0,0
Facebook,0,79,0,392,704,,4011,212,0.052841476,0.787569393,0.566447349,379,185,144,1,,0,tariq2577,9,4,0.444444444,0,1
Instagram,1,86,,440,682,0.644216691,84,207,2.435294118,0.267830077,0.097078064,,130,33,0,0,0,liwei.2875,10,4,0.4,1,0
Instagram,0,37,,390,669,0.582089552,4359,195,0.044724771,0.095068749,0.799611913,,136,67,1,1,0,tariq5035,9,4,0.444444444,0,0
Instagram,1,118,1,397,650,,3321,210,0.063214931,0.20957262,0.256130599,405,13,38,1,0,0,olga,4,0,0,0,0
X,0,207,1,397,,0.576197388,2506,203,0.080973275,0.791300837,,389,90,128,0,1,1,acc_noxyp3or,12,1,0.083333333,1,1
Instagram,1,77,1,413,698,0.590844063,2457,180,0.073230269,0.677047925,0.509981475,221,147,132,0,0,0,olga.2355,9,4,0.444444444,1,1
X,1,156,1,401,720,0.556171983,3063,204,0.066579634,0.091533182,0.238078842,439,3,39,1,0,1,acc_s3matq4y,12,2,0.166666667,1,1
,1,153,0,378,751,0.502659574,3853,195,,0.66709316,0.115771035,255,151,62,1,1,1,user_888415,11,6,0.545454545,1,1
Instagram,0,34,,384,698,0.549356223,4898,211,0.043070014,0.931551485,,300,75,128,1,0,0,alex_3903,9,4,0.444444444,1,0
X,0,78,1,437,682,0.639824305,4991,187,0.037459936,,0.0973378,441,,144,0,1,1,prjzp2434,9,4,0.444444444,0,0
Instagram,0,66,,380,687,0.552325581,4969,,0.037625755,0.616418096,0.275628019,411,98,93,0,0,0,jessica_2321,12,4,0.333333333,1,1
Facebook,0,86,0,393,679,0.577941176,388,231,,0.37916457,,144,158,98,1,0,1,acc_9pw64bfd,12,3,0.25,1,1
Facebook,1,,0,397,722,,2004,219,0.109226933,0.501031459,0.402092265,163,66,59,0,1,0,mateo,5,0,0,0,0
Facebook,1,33,0,404,714,0.565034965,1032,195,0.188770571,0.528178816,0.863888391,11,191,128,0,0,1,bot_kxeor,9,0,0,1,0
Facebook,0,96,1,365,705,0.516997167,1541,,0.113488975,0.771046097,0.549177692,49,116,131,0,0,0,michael_1666,12,4,0.333333333,1,1
X,0,168,0,385,706,0.544554455,450,,,0.55701252,0.666583079,314,16,136,0,0,0,satish_325,10,3,0.3,1,0
Instagram,0,168,1,390,713,,3548,202,0.056917442,0.593085628,0.15634797,359,133,44,0,1,0,rahul.2635,10,4,0.4,1,0
Instagram,1,150,1,413,695,,4438,190,0.042802433,0.332911844,0.274805867,11,106,68,0,,1,jvo0f4lkhw,10,2,0.2,0,0
Instagram,,,0,424,664,0.637593985,1097,199,0.181238616,0.125945298,0.510443423,,187,13,1,0,1,bot_an33h,9,2,0.222222222,1,1
,,2,1,428,,,860,215,0.24970964,0.682732333,,189,80,88,1,1,0,kwame_31,8,2,0.25,1,0
Facebook,1,57,0,394,664,0.592481203,302,204,0.673267327,0.00048214,,295,10,35,0,0,0,satish_9609,11,4,0.363636364,1,0
,1,31,,375,707,0.529661017,,218,0.107867392,0.328717169,0.50691996,92,165,31,1,0,0,ethan.6555,10,4,0.4,1,1
Facebook,0,30,0,389,713,0.544817927,,,0.215419501,0.218043954,0.051012213,,100,,1,1,1,uyp23hl2j8,10,4,0.4,0,0
Instagram,1,81,1,376,671,0.55952381,2282,190,0.083223828,0.388533441,0.456822676,348,161,49,1,0,0,sofia,5,0,0,0,0
Instagram,0,42,1,387,686,0.563318777,4162,223,0.053567139,0.311268027,0.628868159,,174,56,,0,1,eeoai5788,9,4,0.444444444,0,2
Instagram,1,134,1,391,733,0.532697548,230,176,0.761904762,0.70421708,,483,,,0,1,0,layla,5,0,0,0,0
Instagram,0,104,0,,687,0.556686047,922,184,0.199349946,0.260206051,0.138532005,363,106,110,,1,0,yuki.1996,9,4,0.444444444,1,1
Instagram,0,0,0,401,677,0.591445428,1833,210,0.114503817,0.560750346,0.166575283,408,119,88,1,1,0,max,3,0,0,0,0
Instagram,0,60,0,420,701,0.598290598,51,229,4.403846154,0.45577043,0.470064922,340,184,103,,0,0,ayanda,6,0,0,0,0
,0,13,1,394,684,0.575182482,3679,192,0.052173913,0.801057505,0.998036458,213,,53,,0,0,kwame3413,9,4,0.444444444,0,0
Facebook,,179,0,429,701,0.611111111,4483,194,0.043264942,0.428092488,0.356046836,329,162,52,,0,0,leo,3,0,0,0,0
Instagram,,223,,395,,0.539617486,3782,203,0.053661116,0.863876078,0.427527427,382,149,68,1,0,1,sqkpe29tzj,10,2,0.2,0,0
,1,5,1,378,708,0.533145275,753,200,0.265251989,0.000145768,0.432446743,286,143,,0,0,0,mateo.7894,10,4,0.4,1,0
Facebook,1,102,1,408,693,0.587896254,1479,172,0.116216216,0.604836355,,,105,4,1,0,0,alex,4,0,0,0,0
Facebook,0,9,1,392,741,0.528301887,2089,209,0.1,0.009806994,0.774172145,443,117,,0,0,0,maria4173,9,4,0.444444444,0,0
Facebook,,70,0,,681,0.614369501,,209,0.069782972,0.713934323,0.253101524,200,75,142,1,0,0,ivan,4,0,0,0,0
Instagram,1,89,0,403,674,0.597037037,3796,196,0.0516197,0.234922402,,104,4,66,1,0,0,maria.1273,10,4,0.4,1,0
,,225,,411,750,0.547270306,3341,196,0.058647516,0.379981252,0.475089879,230,25,0,1,,0,lucas.3523,10,4,0.4,1,0
X,1,,1,423,707,0.597457627,2344,193,,0.380437514,0.611779742,,76,108,0,1,0,ivan_4681,9,4,0.444444444,1,0
,1,227,1,382,692,0.551226551,1239,,0.148387097,0.846422418,0.053971636,102,,61,,0,0,lucas_8571,10,4,0.4,1,0
X,1,148,,429,758,0.565217391,4521,208,0.045997346,,0.889965684,40,66,,1,1,0,haruto,6,0,0,0,0
Facebook,0,125,1,395,664,0.593984962,2237,196,0.087578195,0.666896953,0.243856769,433,31,56,0,0,0,noah_530,8,3,0.375,1,0
Instagram,0,187,0,414,689,0.6,4257,191,0.04485674,0.981256829,0.670095388,150,150,19,0,1,0,yumi,4,0,0,0,0
X,0,208,0,406,695,0.583333333,2429,191,0.078600823,0.022384429,0.798019112,267,176,13,0,1,0,pablo_9109,10,4,0.4,1,0
Instagram,1,96,0,436,721,0.603878116,4340,210,0.04837595,0.965894199,0.540038717,326,118,34,1,,1,acc_v8xahg0x,12,2,0.166666667,1,1
X,1,73,,418,687,0.60755814,183,202,1.097826087,0.018404729,0.337334022,351,189,146,1,,0,layla_569,9,3,0.333333333,1,0
Instagram,,114,0,391,731,0.534153005,,190,0.348623853,,0.977903374,,101,83,1,0,1,user_885063,11,6,0.545454545,1,1
X,1,190,0,355,685,0.517492711,2827,207,0.073196605,0.96124442,0.278439713,277,108,41,0,1,0,lucas_4019,10,4,0.4,1,0
Instagram,0,,0,399,654,,93,198,2.106382979,0.993027382,0.948662337,55,,97,0,,1,bqjtc6495,9,4,0.444444444,0,0
Instagram,0,169,0,387,696,0.555236729,,216,0.089366984,0.459121341,0.156224134,15,65,0,1,1,1,xzxz6w707t,10,4,0.4,0,0
X,1,50,1,436,672,0.647845468,4255,192,0.045112782,0.866957506,0.389222132,441,138,,1,,0,martin,6,0,0,0,0
,,191,1,370,721,0.512465374,2446,174,0.071107479,0.122339543,0.138495584,455,79,103,0,1,1,acc_qgmgr211,12,3,0.25,1,2
Instagram,0,,0,406,,0.599704579,4534,203,0.044762955,0.425384339,0.002240473,,,77,1,1,0,olga_4726,9,4,0.444444444,1,0
Instagram,1,55,1,428,703,0.607954545,4402,193,0.04383375,0.307974976,0.26025854,178,9,50,1,1,0,suresh.2789,11,4,0.363636364,1,0
X,1,207,0,406,,0.600591716,3033,191,0.062953197,0.395177051,0.087210401,133,,31,1,1,1,bot_x95eo,9,2,0.222222222,1,0
X,1,,0,427,695,0.613505747,1974,211,,0.701980852,0.986345523,257,,99,1,1,1,bot_gvlp4,9,1,0.111111111,1,0
Instagram,1,31,,,774,0.56516129,3290,210,0.063810392,0.0874802,0.761653318,61,7,146,0,0,0,emily.9791,10,4,0.4,1,0
Instagram,1,14,0,411,694,0.591366906,2377,196,0.082422204,,0.003704796,481,198,38,1,0,0,camila.2930,11,4,0.363636364,1,0
X,1,61,0,415,,0.581232493,4439,201,0.04527027,0.635067159,0.223646585,476,,141,1,,0,binta.3330,10,4,0.4,1,1
X,0,154,,391,687,0.568313953,3235,206,0.063658838,0.873517587,0.670124241,487,80,41,0,0,0,sofia,5,0,0,0,0
Instagram,0,27,0,376,711,0.528089888,1134,208,0.183259912,0.829695565,0.398552113,122,40,13,0,0,1,bot_d2ihb,9,1,0.111111111,1,0
Instagram,,208,0,,698,0.557939914,3639,204,,0.765997544,0.831842563,41,122,115,1,1,0,ali91,5,2,0.4,0,0
,0,63,0,392,700,,2398,201,,0.039223531,,372,7,,1,0,0,kojo,4,0,0,0,0
Facebook,1,237,0,366,703,0.519886364,2774,209,0.075315315,0.516467077,0.65365142,372,92,74,0,,0,olga,4,0,0,0,0
X,1,186,1,399,710,0.561181435,4461,183,0.041012999,0.328148376,0.597037398,298,164,46,1,1,0,yuki.4834,9,4,0.444444444,1,0
Facebook,1,241,1,423,707,0.597457627,1921,228,0.118626431,0.112939116,0.638168901,51,90,103,0,0,0,alex,4,0,0,0,0
,,185,0,417,706,,2063,199,,0.342990206,0.230098854,378,,23,1,1,0,lucas_142,9,3,0.333333333,1,0
X,0,129,1,,692,0.581529582,2201,,,0.644803037,0.373289439,441,63,149,1,1,1,user_711400,11,6,0.545454545,1,2
X,1,126,0,391,659,0.592424242,,182,0.039317347,0.230626429,0.050629253,,186,54,1,0,1,acc_dcj509o1,12,4,0.333333333,1,1
X,0,35,0,413,694,,3015,185,0.061339523,0.444595429,0.587636515,311,126,69,1,1,0,priya,5,0,0,0,0
X,1,113,0,415,,0.60761347,3472,198,0.057011229,0.404494244,0.459258462,,87,77,1,0,1,jgpus5982,9,4,0.444444444,0,0
X,1,198,0,367,,0.538913363,4951,184,0.037156704,0.052462963,0.760716149,58,44,72,,1,1,user_138888,11,6,0.545454545,1,1
,1,,1,404,727,0.554945055,469,207,0.440425532,0.628082529,0.206382465,303,143,43,0,1,1,user_320285,11,6,0.545454545,1,0
Facebook,0,14,1,,691,0.599710983,1345,181,0.134472511,0.618846902,,,25,88,0,1,0,anastasia7272,13,4,0.307692308,0,0
Instagram,,,1,378,663,0.569277108,879,174,0.197727273,0.966414505,0.180745433,135,,14,,1,0,ethan.7106,10,4,0.4,1,0
,1,214,1,389,693,,4463,209,0.046818996,0.298005217,0.613979225,498,154,44,,0,0,alex7241,8,4,0.5,0,0
Facebook,1,,0,414,681,0.607038123,3910,202,0.051649195,0.418951029,0.848030257,75,170,121,0,0,0,anastasia.3615,14,4,0.285714286,1,0
Facebook,0,21,1,381,735,0.517663043,3808,222,0.058283014,0.403637622,0.765443248,241,14,61,0,,0,mia.7051,8,4,0.5,1,0
Facebook,0,,0,403,727,0.553571429,,208,0.04390038,0.919743901,0.944197973,,57,91,1,0,0,chris7120,9,4,0.444444444,0,0
Facebook,0,217,0,430,707,0.607344633,4958,214,0.043153862,0.408649315,0.971725782,490,176,12,0,0,0,pablo,5,0,0,0,0
X,1,224,1,411,742,0.553162853,2942,203,0.068977234,0.442764144,0.772033868,287,78,104,0,0,1,acc_4933piya,12,4,0.333333333,1,2
Instagram,0,202,0,356,687,,3346,187,0.055870929,,0.286806085,220,24,4,0,,0,saif3397,8,4,0.5,0,1
X,1,73,,,711,0.582865169,589,205,0.347457627,,0.219261377,300,67,82,1,0,0,ashley_1971,11,4,0.363636364,1,0
Instagram,0,24,1,406,664,0.610526316,3884,189,0.048648649,0.110450671,0.447549035,,35,135,1,0,1,hq2szwrpkm,10,1,0.1,0,0
Instagram,0,100,1,419,695,0.602011494,1330,188,,0.703889151,0.993883695,122,116,140,0,0,1,user_892804,11,6,0.545454545,1,0
Facebook,1,175,1,417,751,0.554521277,92,225,2.419354839,0.682495593,0.412668021,,79,16,,0,1,bot_fnpeo,9,0,0,1,0
X,0,170,1,387,,,458,207,0.450980392,0.322530573,0.199068411,101,174,31,1,0,1,hbeoz3805,9,4,0.444444444,0,0
,1,,0,380,657,0.577507599,3342,199,0.059527371,0.473006228,0.944342878,282,,,,0,0,sofia2680,9,4,0.444444444,0,0
X,1,165,1,379,669,,1885,221,0.117179215,0.297378393,0.385917978,374,179,,1,0,1,toktn2611,9,4,0.444444444,0,1
Instagram,0,40,,411,698,0.587982833,3122,177,0.056676273,0.730916389,0.690898887,2,39,136,0,0,0,emily.4066,10,4,0.4,1,1
Facebook,1,172,0,395,680,,2040,185,0.090641842,0.84249935,0.788152979,,,106,1,1,0,haruto8950,10,4,0.4,0,0
Facebook,1,87,1,432,684,0.630656934,1404,185,,0.899105293,0.843155902,448,,0,0,0,0,binta_4609,10,4,0.4,1,0
Instagram,,167,1,395,735,0.536684783,3704,206,0.05560054,,0.821280387,493,183,125,0,1,0,omar7001,8,4,0.5,0,1
Instagram,0,109,,380,,0.549927641,4483,195,0.043487957,0.695016742,0.836246863,246,80,,1,0,0,yuki.9170,9,4,0.444444444,1,0
Instagram,,119,0,394,720,0.546463245,1982,187,0.094301563,0.963004677,,147,130,,1,0,0,jessica,7,0,0,0,1
Facebook,0,96,,384,711,0.539325843,1793,183,0.102006689,0.650611704,0.403831069,198,70,98,1,0,1,2jq4bhbfb9,10,3,0.3,0,0
X,1,144,0,402,700,0.573466476,4467,197,0.044091316,0.350974144,0.667286854,120,139,,0,0,0,anna6082,8,4,0.5,0,1
Facebook,1,215,1,,660,0.562783661,2232,211,0.094491715,0.635946366,0.836734334,168,192,10,1,0,0,mateo5783,9,4,0.444444444,0,0
X,0,228,,405,707,0.572033898,,205,0.265200517,0.688426052,0.350642465,0,170,,1,0,1,gfp87ywigj,10,2,0.2,0,0
Facebook,0,56,1,388,766,0.505867014,205,191,0.927184466,0.3970473,0.29650799,329,100,118,1,0,0,haruto,6,0,0,0,0
,0,129,1,411,697,0.588825215,2220,209,0.094101756,0.103990951,0.343707217,108,69,25,,0,0,tao.4766,8,4,0.5,1,1
,,95,1,402,702,0.571834993,4921,185,0.037586347,0.606659868,0.551283396,459,173,62,1,,1,user_483242,11,6,0.545454545,1,0
X,1,120,0,397,,0.607033639,222,199,0.892376682,0.802140801,0.052443875,,187,68,0,1,0,luna,4,0,0,0,0
Facebook,1,61,1,426,734,0.579591837,1192,211,0.176865046,,0.778970819,326,188,89,1,1,0,haruto8487,10,4,0.4,0,0
Facebook,0,,0,467,691,0.674855491,3316,207,0.062405788,0.223058307,0.138851958,,176,133,1,0,1,acc_hoxoahtn,12,0,0,1,1
Instagram,0,136,1,406,691,0.586705202,3290,182,,0.700388974,0.132838657,469,24,,1,0,0,priya7841,9,4,0.444444444,0,0
Instagram,1,67,1,399,693,0.574927954,1599,202,0.12625,0.0280432,0.197659139,,88,42,1,0,0,ali.4889,8,4,0.5,1,1
X,1,80,,378,729,0.517808219,1909,198,0.103664921,0.96982528,0.576927435,472,130,140,0,1,1,pvony9195,9,4,0.444444444,0,0
Facebook,1,16,1,426,702,,4263,191,,0.012564462,0.285568376,156,,,0,1,1,38ibuq1dbs,10,3,0.3,0,0
X,1,116,1,410,688,0.595065312,1543,,0.126943005,0.358794962,0.368090329,230,,129,0,0,0,sofia1056,9,4,0.444444444,0,0
Facebook,0,49,0,381,683,,142,,1.503496503,,0.931649111,,29,13,0,1,0,layla,5,0,0,0,0
X,1,111,0,412,,0.616766467,90,207,2.274725275,,0.84720218,274,92,144,1,1,0,haruto_2926,11,4,0.363636364,1,0
Instagram,1,93,0,423,711,0.594101124,3986,202,0.05066466,0.339499796,,486,131,104,0,0,0,john.9533,9,4,0.444444444,1,1
Facebook,0,167,,407,743,0.547043011,4407,208,0.047186933,0.732943931,0.577641833,441,77,103,1,1,0,layla_6435,10,4,0.4,1,0
X,1,185,1,369,708,0.52045134,2264,215,0.094922737,0.486378067,0.866466147,365,84,38,0,1,0,max_7498,8,4,0.5,1,0
Instagram,1,202,0,397,664,0.596992481,3513,188,0.053500285,0.419403416,,436,70,47,0,0,1,bot_i5orw,9,1,0.111111111,1,0
Instagram,0,84,1,422,743,0.567204301,3707,,0.053667745,0.348516349,0.953236803,,148,,1,1,0,hans.4170,9,4,0.444444444,1,0
X,0,148,,361,,0.53880597,1210,,0.157720892,0.086129167,0.064368405,,70,48,1,0,0,chen.4432,9,4,0.444444444,1,1
Facebook,0,145,,,635,0.550314465,,191,,0.204824853,0.028727134,105,,26,1,0,0,carlos_4700,11,4,0.363636364,1,1
Facebook,1,182,0,413,,0.572815534,3225,197,0.061066336,0.639102505,0.175029941,2,187,44,0,1,1,user_354715,11,6,0.545454545,1,0
Instagram,1,156,0,408,,0.582025678,4857,183,0.037669823,0.496751669,0.929084821,,33,,,0,0,riya8100,8,4,0.5,0,1
Facebook,0,151,0,385,691,0.556358382,1360,183,,0.070089452,0.605565106,,86,62,1,,0,omar.8594,9,4,0.444444444,1,0
Facebook,0,73,0,411,678,0.605301915,1539,227,0.147402597,0.543951718,0.426112518,21,130,111,0,1,1,user_282410,11,6,0.545454545,1,0
Facebook,1,108,0,,720,0.540915395,149,212,1.413333333,0.054142661,0.512711061,54,17,107,1,,0,haruto,6,0,0,0,0
Instagram,0,144,1,394,,0.529569892,4811,195,0.040523691,0.511726948,0.829604588,373,42,,1,1,0,liwei.2144,10,4,0.4,1,1
X,0,17,1,,701,0.51994302,,194,0.135949544,0.964961447,0.929109996,447,75,,1,0,0,ali.9934,8,4,0.5,1,1
Facebook,0,,1,390,748,0.520694259,1718,195,0.113438045,0.307344554,0.729698834,296,77,,0,1,0,yumi.6935,9,4,0.444444444,1,0
Instagram,1,239,1,398,729,,1355,191,0.140855457,0.723503139,0.759847833,109,40,96,1,0,0,sofia_8251,10,4,0.4,1,0
Instagram,1,211,0,394,724,0.543448276,2406,224,0.093061903,0.745552041,0.320378044,372,105,111,1,0,0,tariq.3337,10,4,0.4,1,1
,1,100,0,434,714,0.606993007,2636,186,0.070534699,0.404859533,0.467035195,222,108,32,1,0,0,yusuf,5,0,0,0,0
Facebook,1,44,1,402,734,0.546938776,2364,,0.091754757,0.593292151,,468,23,28,0,0,0,priya.1478,10,4,0.4,1,0
Facebook,1,,0,400,674,0.592592593,2933,198,,0.472046091,0.78593411,,23,10,0,0,1,bot_nygo7,9,1,0.111111111,1,0
X,1,16,1,386,709,0.543661972,3108,198,0.063686073,0.28336302,0.684270918,135,2,140,1,0,1,xpusc6917,9,4,0.444444444,0,0
X,0,72,1,373,697,0.534383954,1502,229,0.152361943,0.754742095,0.065246836,320,186,68,0,0,1,ezvth1546,9,4,0.444444444,0,0
Instagram,1,13,1,417,723,,1452,176,0.121128699,0.702826616,0.039507219,386,185,20,0,0,1,2i1cyk04h9,10,5,0.5,0,0
Instagram,1,176,1,400,700,,450,188,0.416851441,0.900548865,0.130410943,412,72,2,0,1,0,ananya,6,0,0,0,0
X,0,156,0,400,722,0.553250346,1836,219,,0.61812618,0.581391099,245,23,93,0,1,1,1qdx1n46d1,10,5,0.5,0,0
Facebook,1,222,,394,744,0.52885906,4186,193,0.046095056,0.388720141,0.536386847,,193,21,0,1,0,kiran9957,9,4,0.444444444,0,1
Instagram,1,131,0,,721,0.556786704,2589,214,0.082625483,0.714007558,0.942690827,480,118,61,0,1,1,i078eo7vlz,10,4,0.4,0,0
Instagram,,81,1,413,719,0.573611111,4272,199,,0.61903623,0.69475964,17,39,4,0,1,1,fygej3593,9,4,0.444444444,0,0
Facebook,0,147,1,395,682,0.578330893,1444,193,0.133564014,0.616614193,0.293972617,489,70,146,,1,1,user_654899,11,6,0.545454545,1,1
Instagram,0,119,1,,734,0.546938776,2949,201,0.068135593,0.849837757,0.161496294,496,136,8,0,1,1,user_179989,11,6,0.545454545,1,1
Facebook,1,119,,,715,,3936,201,0.051054102,0.910468539,0.849533239,185,108,57,1,1,0,kwame_5766,10,4,0.4,1,1
Facebook,0,46,0,430,740,0.580296896,3710,193,0.052007545,0.180241664,0.459624104,116,102,23,1,0,0,daniel,6,0,0,0,0
Facebook,1,106,1,455,,,3243,203,0.062577065,0.314050224,0.653469497,256,187,60,0,1,0,satish_4602,11,4,0.363636364,1,0
,1,107,0,356,719,0.494444444,1290,209,0.161890008,0.650305701,0.565143607,277,166,126,1,,0,nikolai.5840,12,4,0.333333333,1,0
X,1,8,,382,,0.545714286,504,195,0.386138614,0.557221234,,94,32,47,1,1,0,sofia3035,9,4,0.444444444,0,0
X,1,204,1,409,745,,3098,236,0.076153598,0.652326169,,406,161,61,1,1,0,ashley_470,10,3,0.3,1,0
,0,78,1,430,752,0.571049137,2148,205,0.095393206,0.433014599,0.37701819,391,61,,1,0,1,user_725212,11,6,0.545454545,1,0
Facebook,,154,0,390,,0.534246575,1466,202,0.137695978,0.412439014,,412,84,37,0,0,0,yumi.9013,9,4,0.444444444,1,0
X,1,14,1,394,706,0.5572843,4521,211,0.04666077,0.117653905,0.673798113,427,60,117,,1,1,acc_7bxp0bqv,12,2,0.166666667,1,1
Instagram,0,,1,416,684,0.60729927,1898,202,0.106371775,0.62364824,0.632200409,114,92,,1,1,1,xmtvn5136,9,4,0.444444444,0,0
Facebook,1,228,1,427,,,3717,180,0.048413125,0.175785653,0.968940928,493,,96,1,0,1,bot_wv3uj,9,1,0.111111111,1,0
Instagram,1,246,1,413,702,,651,193,,0.671021596,,61,125,16,1,0,1,user_941304,11,6,0.545454545,1,0
Instagram,,18,1,394,,0.601526718,3263,207,0.063419118,0.967072243,0.496582526,274,144,68,0,0,0,tariq2068,9,4,0.444444444,0,0
Facebook,0,89,0,390,717,0.543175487,1211,195,0.160891089,0.256412827,,314,59,22,1,1,1,myhz3cldmq,10,1,0.1,0,0
Facebook,1,179,0,368,,0.509695291,2188,200,0.091365921,0.142152305,0.674129229,496,169,102,0,0,1,p0zwt1mb3l,10,3,0.3,0,0
Instagram,1,25,1,386,729,0.528767123,3821,,0.057561486,0.024175245,0.114090583,123,46,93,,0,0,omar.4810,9,4,0.444444444,1,0
Instagram,,216,1,403,729,0.552054795,369,220,0.594594595,0.378827186,0.999890565,79,111,,1,0,0,max.6438,8,4,0.5,1,0
X,0,153,0,,693,0.570605187,2345,218,0.092924126,0.214611059,0.518808101,146,,28,,,1,dunfi5213,9,4,0.444444444,0,0
X,0,153,1,429,735,0.582880435,3272,,0.062022609,0.491859423,0.909904874,484,180,33,0,0,0,jessica.128,11,3,0.272727273,1,1
Facebook,0,,0,372,,0.611842105,2844,202,0.071001757,0.524306028,0.967356335,21,108,9,1,0,0,max9138,7,4,0.571428571,0,0
X,1,91,,400,683,0.584795322,3451,217,0.062862109,0.349327744,,82,148,19,1,1,1,user_374211,11,6,0.545454545,1,1
X,,,1,406,710,0.571026723,3152,195,0.061845861,0.749906222,0.103348648,323,135,,1,1,0,layla1773,9,4,0.444444444,0,1
X,1,81,0,415,712,0.582047686,3519,170,0.048295455,0.904806671,0.573345808,4,72,100,0,,0,ivan,4,0,0,0,0
X,0,223,1,425,689,0.615942029,4355,218,0.050045914,0.211523098,0.597642437,260,121,140,1,,1,user_313938,11,6,0.545454545,1,0
Instagram,0,180,0,443,700,,1637,197,,0.836297773,,408,96,,0,0,0,rahul,5,0,0,0,0
Facebook,0,130,0,399,662,0.601809955,3861,197,,0.1311879,0.048229267,279,185,137,1,1,0,oliver,6,0,0,0,0
X,0,193,0,384,729,0.526027397,1145,198,0.172774869,,0.466315367,128,67,44,0,1,0,dmitri_5274,11,4,0.363636364,1,0
Instagram,0,224,,407,682,0.595900439,,205,0.065537084,0.561415686,0.922770258,113,62,127,0,1,0,valentina_7361,14,4,0.285714286,1,0
Instagram,0,41,0,406,713,0.568627451,18,198,10.42105263,0.306581489,0.991299079,283,186,88,1,1,1,bot_oq3nh,9,1,0.111111111,1,0
Instagram,1,18,0,,675,,1657,201,0.121230398,0.041710791,,46,81,81,,0,0,carlos_2740,11,4,0.363636364,1,0
X,0,16,1,402,,,4206,,0.049203708,0.294872142,0.870598993,340,,118,1,1,0,maria.5039,10,4,0.4,1,0
X,0,235,1,392,716,,4427,202,0.04561879,0.904870189,0.146250562,,24,91,1,0,0,emily5192,9,4,0.444444444,0,0
,0,160,1,400,737,0.54200542,1597,184,0.11514393,,0.841174435,18,120,135,1,,0,valentina_1323,14,4,0.285714286,1,0
X,0,75,1,440,708,0.620592384,946,191,0.201689546,0.76375088,0.277277727,86,96,4,1,0,1,user_016196,11,6,0.545454545,1,0
X,1,176,1,398,694,0.572661871,1288,190,0.147401086,0.722282006,0.959625266,141,98,19,,0,1,user_844469,11,6,0.545454545,1,1
,0,183,1,385,738,0.52097429,268,201,0.747211896,0.106224816,0.695496751,250,105,120,1,0,0,kojo,4,0,0,0,0
Facebook,0,62,,438,700,0.624821683,435,,0.504587156,0.329442965,0.399110601,325,55,57,0,,0,chen.6088,9,4,0.444444444,1,1
X,0,130,1,421,,0.540436457,2036,198,0.097201767,,,479,161,147,0,0,0,sofia,5,0,0,0,0
X,,106,0,402,714,0.562237762,2498,205,0.082032813,0.023150181,0.235237527,369,177,88,,0,0,jessica5528,11,4,0.363636364,0,2
Instagram,1,48,1,389,723,0.537292818,3209,,0.061370717,0.173040675,0.680792327,479,129,99,,1,1,user_958267,11,6,0.545454545,1,0
Instagram,,54,0,,659,,1614,215,0.133126935,0.201577942,0.895791003,,52,114,1,0,0,kwame2531,9,4,0.444444444,0,0
X,1,153,0,377,682,0.551976574,719,171,0.2375,0.165980247,0.75494197,36,125,,1,1,0,alex,4,0,0,0,0
Facebook,,98,1,417,712,0.584852735,3979,197,0.049497487,0.091097209,0.834791538,85,40,15,0,0,0,ayanda_3774,11,4,0.363636364,1,1
Facebook,1,199,1,412,697,0.59025788,2232,205,0.091804747,0.526305132,0.781383768,,22,3,0,0,1,ply7u4hs3c,10,3,0.3,0,0
Instagram,1,51,0,377,706,0.533239038,3673,200,0.054436581,0.322639042,0.979147666,,188,,1,,1,user_379605,11,6,0.545454545,1,0
Instagram,0,99,1,394,,0.538987688,741,214,0.288409704,0.908249361,0.757804927,485,30,47,1,0,0,jose,4,0,0,0,0
X,0,116,1,361,671,0.537202381,805,172,0.213399504,0.187213468,0.210228518,265,193,19,1,0,1,user_127923,11,6,0.545454545,1,0
Instagram,1,117,0,386,654,0.589312977,4513,,,0.60286263,0.791598465,66,1,31,1,,0,sarah8429,9,4,0.444444444,0,0
X,1,,0,417,,0.647515528,,185,0.037156055,0.900620384,,140,196,59,0,0,0,emily.1796,10,4,0.4,1,0
Facebook,0,45,0,,680,0.575624082,4887,,0.036415712,0.047189651,0.995799863,294,59,10,0,,1,0r8di8eww5,10,4,0.4,0,1
Facebook,1,45,1,409,712,0.573632539,3772,193,0.051152929,0.516277471,0.37667262,63,77,19,1,0,1,bot_9cl32,9,3,0.333333333,1,0
X,,99,1,412,685,0.60058309,1727,230,0.133101852,0.450668813,0.292793756,29,22,22,0,1,1,bot_jxb3i,9,1,0.111111111,1,0
Instagram,1,143,1,392,696,0.56241033,,,0.056346044,0.928778608,0.239215986,387,184,126,0,1,0,dmitri.5982,11,4,0.363636364,1,0
Facebook,0,151,1,385,709,0.542253521,,223,0.202727273,0.663764773,0.658514652,44,34,76,0,1,0,emily_4151,10,4,0.4,1,0
Instagram,1,188,0,375,701,0.534188034,,175,0.066717499,0.34916141,0.109221088,133,0,34,0,0,1,gfsxs6705,9,4,0.444444444,0,0
Facebook,1,,1,400,676,0.59084195,3806,195,0.051221434,0.711521219,0.953559882,,104,,1,1,0,satish1126,10,4,0.4,0,1
X,1,61,0,443,667,0.663173653,3011,208,0.069057105,0.582654021,0.294312679,277,175,9,1,1,0,binta.5786,10,4,0.4,1,0
X,0,128,,414,694,0.595683453,2984,194,0.064991625,0.347169898,0.295400611,218,48,37,1,0,0,arjun,5,0,0,0,0
,0,48,1,406,745,0.544235925,3705,249,0.067188343,0.785248678,0.046066096,276,,82,0,0,1,kmmn2lmh6u,10,2,0.2,0,1
Facebook,1,24,0,404,671,0.601190476,3384,231,0.068242245,0.66816976,0.246017518,,,31,0,0,0,kiran,5,0,0,0,0
Instagram,0,9,1,377,726,,1845,184,0.099674973,0.005416298,,192,14,53,1,1,0,dmitri,6,0,0,0,0
Instagram,1,117,1,411,696,0.589670014,3925,203,,0.865134606,0.36960639,157,157,,1,0,1,bot_evu4t,9,1,0.111111111,1,0
Instagram,0,207,0,372,708,0.524682652,3100,210,0.06772009,0.397091882,0.273019921,23,20,106,1,0,0,yumi.4789,9,4,0.444444444,1,0
Facebook,0,143,1,386,,0.545968883,4522,217,0.047977006,0.645447601,0.040743838,319,135,24,1,1,0,anna.6839,9,4,0.444444444,1,1
Facebook,1,185,0,434,703,0.616477273,4979,196,0.03935743,0.396768321,0.300581374,140,134,141,0,,0,hans.8479,9,4,0.444444444,1,0
,0,199,0,382,709,0.538028169,,203,0.041572804,0.881362044,0.778330938,,104,44,1,0,0,riya,4,0,0,0,0
Facebook,0,156,0,374,691,0.540462428,535,233,0.434701493,0.650835446,0.438792285,25,33,117,1,0,0,haruto,6,0,0,0,0
Facebook,0,,0,367,712,0.514726508,285,202,0.706293706,0.579386209,0.290775348,,120,37,1,,0,dmitri.4707,11,4,0.363636364,1,0
Instagram,,,1,389,697,0.55730659,2670,163,0.061025833,,0.304792134,275,,124,0,1,1,322v82gy1a,10,6,0.6,0,1
Facebook,,133,1,426,700,,3787,186,0.049102429,,0.554437576,60,169,35,0,0,0,diego.3453,10,4,0.4,1,0
,0,143,1,402,,0.576757532,1130,192,0.169761273,0.065254291,0.302292678,,180,87,1,1,1,ygyf4kh9ae,10,2,0.2,0,0
,1,,0,413,,0.602919708,504,,0.39009901,0.516010433,,,95,123,0,0,0,priya_6311,10,4,0.4,1,1
Facebook,0,79,1,367,695,0.527298851,4142,201,0.048515568,0.424017834,0.989454514,,197,12,0,1,0,kiran,5,0,0,0,0
Instagram,0,70,,390,688,0.566037736,537,205,0.381040892,0.454290049,0.041176398,426,9,123,1,1,0,zuri.5634,9,4,0.444444444,1,0
Instagram,0,232,1,426,713,0.596638655,62,197,3.126984127,0.620104838,0.168736756,432,89,14,1,0,0,ethan,5,0,0,0,0
,0,77,1,390,710,0.548523207,2384,197,0.082599581,0.615121637,0.179107545,8,57,57,0,0,1,9oioc3477w,10,5,0.5,0,1
X,0,42,0,404,721,0.559556787,211,185,0.872641509,0.392264293,0.447070318,383,,111,1,0,0,marco,5,0,0,0,0
X,,153,0,361,705,0.511331445,2448,,0.092282564,0.862877024,0.041418712,356,98,58,0,,0,ananya.8964,11,4,0.363636364,1,0
X,,,1,447,734,,4805,190,0.039533916,0.651458509,0.477521578,420,108,51,,1,1,user_506393,11,6,0.545454545,1,0
Facebook,0,77,0,432,688,0.626995646,,215,0.089732888,0.889911679,0.928924758,271,,68,0,0,1,bot_cu71z,9,2,0.222222222,1,0
X,0,198,,386,671,0.574404762,3270,213,0.065117701,0.913153905,0.011564089,259,88,102,0,1,1,acc_i3785xif,12,4,0.333333333,1,1
Instagram,,160,1,384,705,0.543909348,377,194,0.513227513,0.167312076,0.364938867,31,135,4,1,0,0,ahmed_9935,10,4,0.4,1,1
Facebook,1,25,1,419,687,0.609011628,1186,204,0.171861837,0.680561874,0.760893772,339,11,42,1,0,1,bot_0owrn,9,1,0.111111111,1,0
X,1,120,0,413,753,0.547745358,3280,223,0.067967083,0.317511864,,92,117,7,1,0,0,liwei.3583,10,4,0.4,1,0
Instagram,0,44,1,392,670,0.584202683,3499,196,0.056,0.836429055,0.077559003,478,87,,,0,0,sarah,5,0,0,0,0
Facebook,,211,0,368,703,0.522727273,2848,185,0.064935065,0.73285158,0.630778537,127,87,92,0,1,0,dmitri3354,10,4,0.4,0,1
Facebook,1,62,0,396,,0.574746009,787,232,,0.198747688,0.009950909,236,152,62,0,0,0,liwei.7630,10,4,0.4,1,0
,0,194,1,387,707,0.546610169,733,215,0.292915531,0.938730767,0.801770491,16,,31,0,1,0,emily,5,0,0,0,0
Facebook,1,179,0,399,717,0.555710306,,190,0.049095607,0.683479007,0.066852754,40,129,96,0,0,0,mia,3,0,0,0,0
Instagram,1,67,0,401,705,0.567988669,2700,199,0.073676416,0.948633103,0.524354259,472,,117,1,0,1,bot_z896x,9,3,0.333333333,1,0
Facebook,0,153,1,406,685,0.591836735,4618,188,0.040701451,0.201911172,0.74012771,300,182,23,0,1,0,dmitri_8344,11,4,0.363636364,1,1
Instagram,1,202,0,417,670,0.621460507,,208,0.096296296,,0.242010989,271,185,49,0,1,0,dmitri.5559,11,4,0.363636364,1,1
Facebook,0,1,,395,716,0.550906555,3621,186,0.051352844,0.66807282,0.103540162,275,160,117,1,0,0,anna4906,8,4,0.5,0,1
X,0,141,1,,658,0.608497724,3665,184,0.050190944,0.552286594,0.175622766,41,82,127,1,0,1,bot_bt79w,9,2,0.222222222,1,0
Instagram,0,107,1,411,668,,2656,184,0.069251035,0.8205129,0.854683572,265,,111,0,1,0,daniel9514,10,4,0.4,0,0
Facebook,0,,0,378,697,0.541547278,1079,193,0.178703704,0.632863887,0.705780292,51,4,37,0,,0,liwei.1175,10,4,0.4,1,1
Facebook,0,48,1,414,723,0.571823204,3295,,0.056735437,0.669600161,0.198098049,187,46,148,1,1,1,acc_xw50e241,12,5,0.416666667,1,1
Facebook,,139,1,407,672,0.604754829,3647,186,0.050986842,0.253670584,0.716120797,431,,81,1,0,1,bot_do3yp,9,1,0.111111111,1,0
Instagram,1,217,0,389,646,0.601236476,4620,,0.045228306,0.817053689,0.70861817,150,120,69,,0,0,sarah_5056,10,4,0.4,1,0
Instagram,1,43,0,403,706,0.570014144,2194,195,0.088838269,0.650302702,0.997725098,243,94,68,0,0,1,bot_p9fyb,9,1,0.111111111,1,0
,1,160,1,416,725,0.573002755,2312,243,0.105058366,0.844389179,0.391556024,288,171,145,0,,1,acc_bqq706wk,12,3,0.25,1,2
X,,12,0,368,726,0.506189821,4564,188,0.041182913,0.351526966,0.864853494,,195,12,0,1,1,lr986y787q,10,6,0.6,0,0
X,0,77,1,429,712,0.601683029,1585,177,0.111601513,0.331710122,0.446442686,126,141,118,1,1,0,diego,5,0,0,0,0
Instagram,1,215,1,424,680,0.622613803,3007,203,0.067486702,0.023902965,0.897760224,204,163,101,1,1,1,ndonk9l93n,10,3,0.3,0,0
Facebook,1,,0,391,682,0.572474378,4045,193,0.047701434,0.768605327,0.091600499,408,50,20,1,1,0,maria,5,0,0,0,0
X,1,97,0,396,744,,1211,236,0.194719472,0.330314387,0.17531263,305,133,76,0,1,0,yumi.4611,9,4,0.444444444,1,1
,,235,1,404,726,0.555708391,,206,0.06030445,0.32721231,0.849954363,356,144,,0,1,0,dmitri,6,0,0,0,0
Facebook,1,25,1,368,665,,1987,173,,0.688684515,0.819300324,99,81,76,1,0,0,sakura,6,0,0,0,0
X,0,148,1,430,,0.621387283,3171,179,0.056431274,0.252868977,0.305433792,343,71,98,,0,0,rahul_7029,10,4,0.4,1,0
Facebook,1,155,1,353,723,,2727,185,,0.909020487,0.596798318,453,50,42,1,1,1,grqnpv0qit,10,1,0.1,0,0
Facebook,0,47,,397,,0.591654247,1749,209,0.119428571,0.538065991,0.382699722,78,51,121,0,1,0,layla_4875,10,4,0.4,1,0
Facebook,0,,1,414,722,0.572614108,758,207,0.272727273,0.969477236,0.010317349,182,11,123,0,0,0,priya.208,9,3,0.333333333,1,0
Facebook,1,167,0,391,678,0.575846834,1178,205,0.173876166,,0.026104127,97,,19,1,1,0,alex8125,8,4,0.5,0,0
X,0,65,0,399,746,,919,228,0.247826087,0.336825368,0.054256365,67,94,54,,,0,sofia.7880,10,4,0.4,1,1
X,0,233,,453,719,0.629166667,1120,220,0.196253345,,,333,114,73,0,0,1,acc_yoi27zn1,12,3,0.25,1,1
X,1,200,0,412,684,0.601459854,706,233,0.329561528,0.73042072,0.279227735,387,128,71,1,1,0,amina.6985,10,4,0.4,1,0
Instagram,1,86,0,395,698,,4930,195,0.039545731,0.212962258,0.143948298,27,10,45,1,,0,layla_9174,10,4,0.4,1,0
X,1,78,1,375,694,0.539568345,3431,180,0.052447552,0.375345853,0.941131108,,15,78,1,0,0,marco.1796,10,4,0.4,1,0
Facebook,,204,,391,676,0.577548006,2862,,0.080335313,0.910642544,0.121318667,,100,,0,0,0,layla,5,0,0,0,0
X,0,22,0,406,723,0.560773481,4495,209,0.046485765,0.114550884,0.673981716,121,112,14,,,0,jessica_3399,12,4,0.333333333,1,3
Facebook,0,80,1,390,686,0.56768559,1808,190,0.105030404,0.745324001,0.894160183,211,91,98,0,,1,l58ze2txmv,10,3,0.3,0,0
Instagram,1,47,1,390,722,,1400,189,0.13490364,0.702485112,0.163829667,,8,65,0,1,1,user_693584,11,6,0.545454545,1,0
Facebook,0,,,402,,0.591176471,2650,185,0.069784987,0.130505077,0.214729682,104,118,140,0,0,0,yumi.15,7,2,0.285714286,1,0
Facebook,0,,1,376,725,0.517906336,4424,,,0.688490687,0.573813534,479,122,108,0,1,1,bot_qya5y,9,1,0.111111111,1,0
Facebook,0,,1,382,,0.533519553,1296,201,0.154973015,0.569783789,0.508448686,71,7,56,,,1,acc_54u4hxb2,12,4,0.333333333,1,1
Instagram,0,19,1,,706,0.591230552,,202,0.124537608,0.287522337,0.521027417,490,24,136,1,,1,bot_x9t65,9,3,0.333333333,1,0
X,0,186,,413,692,,2443,192,0.078559738,,0.554678094,109,167,,1,1,0,sarah.9620,10,4,0.4,1,0
X,,45,0,364,707,0.514124294,2596,196,0.075471698,0.832992275,,112,194,98,0,,0,emily,5,0,0,0,0
,0,130,0,404,639,0.63125,4173,202,0.048394825,0.231014986,0.053838042,396,118,65,1,1,0,jose_4200,9,4,0.444444444,1,1
Facebook,,182,1,429,711,0.60252809,1073,201,0.187150838,,0.760448521,231,150,143,0,1,1,user_580183,11,6,0.545454545,1,0
X,1,11,0,381,712,0.534361851,4076,195,0.047829286,0.681149737,0.232506422,493,189,109,,0,1,fzz82uhwtr,10,2,0.2,0,1
,1,39,0,412,,0.617691154,1450,187,0.128876637,0.129901694,0.37367767,42,22,129,0,0,0,alex742,7,3,0.428571429,0,0
X,0,65,1,389,709,0.547887324,3943,211,0.053498986,0.932353871,0.089291123,,43,143,1,1,0,max_1645,8,4,0.5,1,0
Instagram,0,99,0,401,710,0.563994374,1772,191,0.107727016,0.260634315,0.445626769,295,55,71,0,0,1,djbed9373,9,4,0.444444444,0,0
Facebook,1,77,1,404,679,0.594117647,1018,178,0.17468106,0.318834923,0.804219252,45,195,0,1,0,1,meufa7224,9,4,0.444444444,0,1
X,0,15,0,,,0.544807966,3693,180,0.048727666,0.666115738,0.098740339,494,122,104,0,1,1,liaxe9874,9,4,0.444444444,0,0
Instagram,1,,1,433,,0.62034384,,200,0.047326077,0.078191647,0.275603598,57,22,132,1,,1,omzpw6974,9,4,0.444444444,0,0
X,0,,0,396,694,0.569784173,519,216,0.415384615,0.62761269,0.373061709,224,8,,0,0,0,anna6271,8,4,0.5,0,1
,0,43,0,415,626,0.661881978,2352,174,0.073948151,0.91602996,,439,3,34,1,0,0,amina_6544,10,4,0.4,1,1
X,1,237,,434,655,0.661585366,,202,0.17766051,0.249090555,0.76231681,139,161,103,,,1,acc_9k7wrq32,12,4,0.333333333,1,1
X,1,133,1,,688,0.563134978,2773,193,0.069574621,,0.786947028,100,,53,1,0,0,emily.3594,10,4,0.4,1,0
Instagram,,204,0,395,720,0.547850208,912,202,0.221248631,0.232333958,0.835894998,280,120,123,1,,0,dmitri_5508,11,4,0.363636364,1,1
Facebook,,,0,395,679,0.580882353,816,200,0.244798042,0.818768749,0.583896205,237,97,107,1,,1,nnfai6231,9,4,0.444444444,0,1
Instagram,1,99,1,398,687,0.578488372,974,205,0.21025641,0.167607824,0.507238821,,169,43,0,0,0,layla,5,0,0,0,0
Instagram,0,21,1,419,,0.609011628,1963,183,0.093177189,0.346628235,0.262552445,245,130,84,1,1,1,user_472113,11,6,0.545454545,1,1
Instagram,0,17,0,378,733,0.514986376,,207,,0.601021821,0.655157967,399,82,3,0,0,0,mia_2860,8,4,0.5,1,0
,0,11,0,418,728,0.573388203,,192,0.07960199,0.404554433,0.444563486,178,33,122,0,1,1,tweeq3986,9,4,0.444444444,0,1
X,1,,0,412,705,0.583569405,3103,216,,0.065469315,,379,104,41,1,1,0,anna4696,8,4,0.5,0,1
X,,122,0,384,,0.544680851,1801,197,0.109322974,0.947720668,0.968179497,463,106,23,,,0,suresh,6,0,0,0,0
X,1,,1,,704,0.519148936,809,197,0.243209877,0.337900442,0.905205132,230,42,132,1,0,0,leo_4457,8,4,0.5,1,1
,1,221,0,382,,0.525447043,570,196,0.343257443,0.445651213,0.360089138,98,194,66,1,1,0,tao.1073,8,4,0.5,1,0
X,1,116,0,,727,0.549450549,970,,0.185375901,0.167545335,0.367972455,214,164,10,0,0,1,afrcw6010,9,4,0.444444444,0,0
Facebook,1,50,1,412,,0.603221083,4080,167,0.040921343,0.865350239,0.852673164,199,11,95,1,0,1,acc_5dcmlbf8,12,2,0.166666667,1,1
X,0,231,0,414,701,0.58974359,1880,215,,0.291428788,0.729134932,255,15,,1,,0,kiran.3061,10,4,0.4,1,0
X,0,70,0,408,691,0.589595376,3320,207,0.062330623,,0.70436097,436,61,138,0,0,0,anna,4,0,0,0,1
Instagram,,223,,395,681,0.579178886,4706,188,0.039940514,0.316402583,0.279611011,493,16,,1,1,0,sakura.4550,11,4,0.363636364,1,1
Facebook,0,47,1,444,732,0.605729877,388,188,0.483290488,0.984059685,0.833348612,435,14,131,0,1,0,ahmed,5,0,0,0,0
,0,18,1,,705,0.610481586,4855,183,0.037685338,,,194,25,137,1,1,1,nxeuz4204,9,4,0.444444444,0,0
Instagram,1,5,0,389,,0.592085236,2490,210,0.084303493,0.031202488,,379,,,1,0,1,acc_7bs3m6bq,12,3,0.25,1,1
Instagram,1,83,0,407,719,0.565277778,516,193,0.373307544,0.57817559,0.865422124,23,129,81,1,1,1,shbuc2887,9,4,0.444444444,0,1
Facebook,1,154,,428,698,0.61230329,3845,203,0.052782111,0.371666546,0.394209764,362,144,94,1,0,1,user_948756,11,6,0.545454545,1,0
Facebook,1,52,0,409,671,0.608630952,,210,0.072614108,0.794975299,0.653925812,469,,,0,0,0,chen7865,8,4,0.5,0,0
X,1,106,0,438,666,,4141,193,0.046595847,0.731887764,0.465905182,269,93,23,1,1,1,eqjflizk9e,10,1,0.1,0,0
Instagram,1,100,1,400,678,0.58910162,,187,0.129501385,0.185419028,0.592737806,277,29,128,0,,1,hvgjv1687,9,4,0.444444444,0,0
X,0,47,,404,,0.569014085,723,178,,0.564632305,0.040546472,225,67,4,0,0,1,lyodf6358,9,4,0.444444444,0,0
Instagram,1,134,1,390,636,0.612244898,756,161,0.212681638,0.032436007,0.461115163,227,105,52,,0,1,bot_uz6cx,9,1,0.111111111,1,0
,1,186,0,,705,0.516997167,,,,0.439478228,0.556491307,127,43,80,1,,0,fatima_8177,11,4,0.363636364,1,1
Facebook,1,68,0,406,678,0.597938144,,207,0.108376963,0.714053222,0.492719335,30,95,85,1,1,1,apqny7935,9,4,0.444444444,0,0
Facebook,1,10,,412,700,0.587731812,2587,203,0.078438949,0.414958792,,340,59,102,1,1,0,luna,4,0,0,0,0
Instagram,0,142,0,387,696,0.555236729,386,184,0.475452196,0.117954148,0.311123975,250,0,79,1,0,0,sakura3709,10,4,0.4,0,0
,0,191,1,,666,0.583208396,3016,185,0.061319191,0.061533587,0.884076531,57,18,4,0,0,0,jose_2671,9,4,0.444444444,1,0
Instagram,,130,0,422,687,0.613372093,4456,209,0.046892529,0.85365945,0.40346197,324,,17,0,1,1,r2qzuqtn1x,10,2,0.2,0,0
,,121,,361,751,0.480053191,4088,202,0.049400831,0.89132696,0.694526732,146,163,131,1,0,1,rvbbe1290,9,4,0.444444444,0,1
Instagram,0,68,1,,675,0.569526627,1492,197,0.131949096,,0.086722728,105,90,108,,,1,axeyl8206,9,4,0.444444444,0,0
X,1,22,,417,721,0.577562327,,212,,,0.200154084,436,23,90,0,1,1,bot_ronob,9,0,0,1,0
Instagram,1,,0,419,707,0.59180791,4301,205,0.047652255,0.978616213,0.761166011,84,82,69,0,,0,noah9742,8,4,0.5,0,0
X,1,36,1,400,712,,3319,202,0.060843373,0.545863804,0.012328686,,124,138,1,,1,mxvncitol0,10,1,0.1,0,0
Facebook,1,8,1,409,,0.593613933,3039,219,,0.476655044,0.968527739,436,152,80,,0,0,daniel.4658,11,4,0.363636364,1,0
X,,14,0,436,639,0.68125,1073,191,0.177839851,0.741607747,0.190628901,450,138,30,1,1,0,chen_1929,9,4,0.444444444,1,0
Facebook,0,130,0,400,,,4462,201,,0.168869339,,302,8,12,0,1,0,kwame.4175,10,4,0.4,1,0
,1,92,0,365,711,0.512640449,2301,202,0.087749783,0.579989723,0.515945028,370,5,22,1,1,1,rbhos9927,9,4,0.444444444,0,1
,,197,0,383,717,0.533426184,769,193,0.250649351,0.890162356,0.564575367,52,57,64,1,1,1,acc_h2c80b7u,12,4,0.333333333,1,1
Instagram,1,16,1,385,712,0.53997195,2680,194,0.072361059,0.023068486,0.084131788,440,99,29,1,1,0,noah5447,8,4,0.5,0,1
,0,153,1,398,,0.542974079,987,201,0.203441296,0.672939707,0.365218754,221,,46,,0,0,layla.4429,10,4,0.4,1,1
,1,148,0,,691,0.556358382,4513,201,0.044528135,0.551423956,0.156218861,,100,143,0,1,1,bot_osh1y,9,1,0.111111111,1,0
Instagram,1,71,0,,,0.580829757,3107,205,0.065958816,0.950800784,0.525931494,24,156,130,0,1,0,pablo.53,8,2,0.25,1,0
,1,148,1,410,680,,2360,202,0.085556967,0.25869851,0.550732146,34,10,11,0,0,1,o3c7dawhiv,10,2,0.2,0,0
Facebook,0,120,0,392,,0.534059946,197,227,1.146464646,0.858891642,,156,,138,1,1,1,6c5xvv845o,10,5,0.5,0,1
,1,10,0,397,743,0.533602151,,192,0.063033487,0.308985702,0.878278158,459,153,15,1,0,0,liwei_9209,10,4,0.4,1,0
Facebook,1,165,0,397,701,0.565527066,2308,186,,0.429863576,0.468179816,342,0,116,0,1,0,mateo.7711,10,4,0.4,1,2
Facebook,,71,0,,741,0.474393531,1390,200,0.143781452,0.213287565,0.23336037,475,80,148,0,0,1,slho2qk2ar,10,2,0.2,0,0
,0,,1,393,747,0.52540107,3559,186,0.052247191,0.863591016,0.333571661,365,174,108,1,0,1,vtipfr22zl,10,2,0.2,0,1
,1,215,0,426,673,0.632047478,2582,220,0.08517228,0.195409661,0.847089813,,109,57,1,1,0,mateo,5,0,0,0,0
,1,124,1,389,699,0.555714286,2072,208,0.100337675,,0.145863485,335,168,4,0,1,1,bot_sfczs,9,0,0,1,0
Facebook,1,34,0,438,748,0.584779706,2991,203,0.067847594,0.455613383,0.627256078,432,150,140,0,0,0,pablo_2250,10,4,0.4,1,1
X,0,118,0,,669,0.597014925,1670,207,0.123877917,0.835085494,,439,99,80,0,,0,oliver,6,0,0,0,0
Instagram,1,13,1,380,694,0.54676259,1418,200,0.140944327,,0.245669328,456,104,139,1,1,1,bot_1iwe3,9,2,0.222222222,1,0
Instagram,1,246,0,412,684,0.601459854,2727,193,0.070747801,0.132730141,0.591408498,386,132,0,1,0,1,acc_15ib5ezk,12,3,0.25,1,1
Facebook,1,13,1,355,727,0.487637363,4133,185,0.044750847,0.554961265,0.45641204,277,98,7,1,0,0,omar_7174,9,4,0.444444444,1,0
Instagram,0,9,0,408,732,0.556616644,2870,200,0.069662139,0.509437067,0.49354949,478,177,143,1,0,1,ta75oraqct,10,2,0.2,0,0
Facebook,0,139,0,392,692,0.565656566,1587,197,0.124055416,0.356607378,0.66056205,,8,142,0,1,0,kojo9848,8,4,0.5,0,0
Facebook,1,37,0,402,661,0.607250755,4668,217,0.046476762,0.662821419,0.234586024,386,131,18,1,0,0,ashley8791,10,4,0.4,0,0
Instagram,0,107,0,359,696,0.515064562,4403,196,0.044504995,0.095142829,0.28080494,,198,30,0,1,0,kwame3430,9,4,0.444444444,0,0
X,0,118,0,399,683,0.583333333,4401,216,0.049068605,0.622001075,0.684458207,342,192,129,1,0,1,acc_h8xkpet0,12,2,0.166666667,1,1
Instagram,0,237,1,426,703,0.605113636,2227,192,0.086175943,0.211756094,0.538291408,276,56,120,,0,0,ananya.6004,11,4,0.363636364,1,1
Instagram,1,33,1,418,718,0.581363004,3737,203,0.054307116,0.128954556,0.014586824,178,123,58,0,1,0,yusuf.1282,10,4,0.4,1,0
Facebook,1,168,0,,722,0.561549101,932,202,0.216505895,0.90960818,0.670327795,279,152,30,1,1,0,kojo,4,0,0,0,0
Facebook,,9,0,382,708,0.538787024,1543,197,,0.459795761,0.620092041,351,185,139,0,1,1,hbxfr27wz4,10,3,0.3,0,0
